MaleCodedWords-German,Is active,Wordtype,Forms,Alternatives-German Input fields job tite | Role | Requirements,Alternatives-German input fields Company | Company Culture | Goodies,Subcategory: competitive | Hard-hearted | Rough | Corporate
abenteuerlich,1,a,(e|er|en|em|es|ere|erer|eren|erem|eres|erere|erers|erern|ererm|ste|ster|stes|sten|stem)?,neugierig | Spass an Neuem | entdeckungsfreudig,experimentierfreudig | wir probieren gerne aus,competitive
abenteuerlustig,1,a,(e|er|en|em|es|ere|erer|eren|erem|eres|erere|erers|erern|ererm|ste|ster|stes|sten|stem)?,neugierig | Spass an Neuem | entdeckungsfreudig,neugierig | Spass an Neuem | entdeckungsfreudig,competitive
abgebrüht,1,a,(e|er|en|em|es|ere|erer|eren|erem|eres|erere|erers|erern|ererm|este|ester|estes|esten|estem)?,ruhig | weise | mit Erfahrung,ruhig | weise | mit Erfahrung,hard-hearted
ablehnend,1,a,(e|er|en|em|es|ere|erer|eren|erem|eres|erere|erers|erern|ererm|ste|ster|stes|sten|stem)?,du kannst Chance und Risiken gut abwägen,du kannst Chance und Risiken gut abwägen,hard-hearted
Aggression,1,s,en,du argumentierst sachlich,du argumentierst sachlich,hard-hearted
aggressiv,1,a,(e|er|en|em|es|ere|erer|eren|erem|eres|erere|erers|erern|ererm|ste|ster|stes|sten|stem)?,du argumentierst sachlich,du argumentierst sachlich,hard-hearted
Aggressivität,1,s,,du argumentierst sachlich,du argumentierst sachlich,hard-hearted
aktiv,1,a,(e|er|en|em|es|ere|erer|eren|erem|eres|erere|erers|erern|ererm|ste|ster|stes|sten|stem)?,unternehmensfreudig | beweglich | lebendig | die Initiative egreifend,unternehmensfreudig | beweglich | lebendig | die Initiative egreifend,rough
allein,1,a,(e|er|en|em|es|ere|erer|eren|erem|eres|erere|erers|erern|ererm|ste|ster|stes|sten|stem)?,seine Kompetenz einsetzen | auf seine Aufgaben fokussieren | Verantwortung tragen,seine Kompetenz einsetzen | auf seine Aufgaben fokussieren | Verantwortung tragen,competitive
alleinstehend,1,a,(e|er|en|em|es|ere|erer|eren|erem|eres|erere|erers|erern|ererm|ste|ster|stes|sten|stem)?,du setzt gerne deine Kompetenz ein | du fokussierst dich gerne auf deine Aufgaben,du setzt gerne deine Kompetenz ein | du fokussierst dich gerne auf deine Aufgaben,competitive
ambitiös,1,a,(e|er|en|em|es|ere|erer|eren|erem|eres|erere|erers|erern|ererm|este|ester|estes|esten|estem)?,Freude über Erreichung von Milestones | eifrig | fleissig | gerne eine Vision umsetzen | enthusiastisch bei der Umsetzung unserer Ziele,Freude über Erreichung von Milestones | eifrig | fleissig | gerne eine Vision umsetzen | enthusiastisch bei der Umsetzung unserer Ziele,competitive
ambitioniert,1,a,(e|er|en|em|es|ere|erer|eren|erem|eres|erere|erers|erern|ererm|este|ester|estes|esten|estem)?,Freude über Erreichung von Milestones | eifrig | fleissig | gerne eine Vision umsetzen | enthusiastisch bei der Umsetzung unserer Ziele,Freude über Erreichung von Milestones | eifrig | fleissig | gerne eine Vision umsetzen | enthusiastisch bei der Umsetzung unserer Ziele,competitive
analytisch,1,a,(e|er|en|em|es|ere|erer|eren|erem|eres|erere|erers|erern|ererm|ste|ster|stes|sten|stem)?,komplexe Probleme zerlegen | methodisch vorgehen | rational nach den Gründen forschen | erkunden | untersuchen | überprüfen,komplexe Probleme zerlegen | methodisch vorgehen | rational nach den Gründen forschen,rough
analysieren,1,a,(e|er|en|em|es|ere|erer|eren|erem|eres|erere|erers|erern|ererm|ste|ster|stes|sten|stem)?,komplexe Probleme zerlegen | methodisch vorgehen | rational nach den Gründen forschen | erkunden | untersuchen | überprüfen,komplexe Probleme zerlegen | methodisch vorgehen | rational nach den Gründen forschen,rough
analysier,1,v,(en|st|end|ende)?,komplexe Probleme zerlegen | methodisch vorgehen | rational nach den Gründen forschen | erkunden | untersuchen | überprüfen,komplexe Probleme zerlegen | methodisch vorgehen | rational nach den Gründen forschen,rough
Analyse,1,s,(n)?,Erkundung | Untersuchung | Studie | Überprüfung,Erkundung | Untersuchung | Studie | Überprüfung,rough
anfechtbar,1,a,(e|er|en|em|es|ere|erer|eren|erem|eres|erere|erers|erern|ererm|ste|ster|stes|sten|stem)?,"im Kontext ""du bist nicht anfechtbar"": integer | authentisch","im Kontext ""du bist nicht anfechtbar"": integer | authentisch",rough
anfecht,1,v,(e|est|et|en),"im Kontext ""du kannst anfechten"": argumentieren | diskutieren | sich abstimmen","im Kontext ""du kannst anfechten"": argumentieren | diskutieren | sich abstimmen",rough
angreifend,1,a,(e|er|en|em|es|ere|erer|eren|erem|eres|erere|erers|erern|ererm|ste|ster|stes|sten|stem)?,etablierte Meinungen hinterfragen,etablierte Meinungen hinterfragen,competitive
Angriff,1,s,(es|e)?,etablierte Meinungen hinterfragen,etablierte Meinungen hinterfragen,competitive
angriffslustig,1,a,(e|er|en|em|es|ere|erer|eren|erem|eres|erere|erers|erern|ererm|ste|ster|stes|sten|stem)?,etablierte Meinungen hinterfragen,etablierte Meinungen hinterfragen,competitive
anspruchsvoll,1,a,(e|er|en|em|es|ere|erer|eren|erem|eres|erere|erers|erern|ererm|ste|ster|stes|sten|stem)?,gerne mit immer wieder neuen Problemstellungen konfrontiert | kritisches Hinterfragen der Tatsachen,gerne mit immer wieder neuen Problemstellungen konfrontiert | kritisches Hinterfragen der Tatsachen,rough
antreib,1,v,(en|st|end|ende)?,,,competitive
Athlet,1,s,(in|en|innen|es)?,diszipliniert | Durchhaltevermögen,diszipliniert | Durchhaltevermögen,competitive
athletisch,1,a,(e|er|en|em|es|ere|erer|eren|erem|eres|erere|erers|erern|ererm|ste|ster|stes|sten|stem)?,diszipliniert | Durchhaltevermögen,diszipliniert | Durchhaltevermögen,competitive
aufstrebend,1,a,(e|er|en|em|es|ere|erer|eren|erem|eres|erere|erers|erern|ererm|ste|ster|stes|sten|stem)?,Meilensteine erreichen wollen | strebsam | fleissig | lernen aus Erfahrungen,Meilensteine erreichen wollen | strebsam | fleissig | lernen aus Erfahrungen,rough
Ausdauer,1,s,,deine Ruhe und Besonnenheit bringen dich weiter | du hast einen langen Atem | du bleibst gerne an Dingen dran,deine Ruhe und Besonnenheit bringen dich weiter | du hast einen langen Atem | du bleibst gerne an Dingen dran,competitive
Auseinandersetzung,1,s,,verschiedene Meinungen sind für dich eine Lernchance | Gedankenaustausch bringen dich weiter,verschiedene Meinungen sind für dich eine Lernchance | Gedankenaustausch bringen dich weiter,hard-hearted
ausfällig,1,a,(e|er|en|em|es|ere|erer|eren|erem|eres|erere|erers|erern|ererm|ste|ster|stes|sten|stem)?,,,hard-hearted
ausfecht,1,v,(e|est|et|en),argumentieren mit Erfahrung | Wissen | diskutieren über verschiedene Perspektiven,argumentieren mit Erfahrung | Wissen | diskutieren über verschiedene Perspektiven,competitive
fecht,1,v,(e|est|et|en),argumentieren mit Erfahrung | Wissen | diskutieren über verschiedene Perspektiven,argumentieren mit Erfahrung | Wissen | diskutieren über verschiedene Perspektiven,competitive
antreib,1,v,(e|st|t|en),sich engagieren für | die Initiative ergreifen | anleiten,sich engagieren für | die Initiative ergreifen | anleiten,competitive
ausschlaggebend,1,a,(e|er|en|em|es|ere|erer|eren|erem|eres|erere|erers|erern|ererm|ste|ster|stes|sten|stem)?,,,hard-hearted
autonom,1,a,(e|er|en|em|es|ere|erer|eren|erem|eres|erere|erers|erern|ererm|ste|ster|stes|sten|stem)?,seine Kompetenz einsetzen | auf seine Aufgaben fokussieren | Verantwortung tragen,seine Kompetenz einsetzen | auf seine Aufgaben fokussieren | Verantwortung tragen,competitive
Autonomität,1,s,,seine Kompetenz einsetzen | auf seine Aufgaben fokussieren | Verantwortung tragen,seine Kompetenz einsetzen | auf seine Aufgaben fokussieren | Verantwortung tragen,competitive
Autorität,1,s,,Kompetenz | Verantwortung tragen | Vorbild sein,Kompetenz | Verantwortung tragen | Vorbild sein,rough
autoritativ,1,a,(e|er|en|em|es|ere|erer|eren|erem|eres|erere|erers|erern|ererm|ste|ster|stes|sten|stem)?,Wissen mitteilen und teilen | Richtung weisen,Wissen mitteilen und teilen | Richtung weisen,rough
begierig,1,a,(e|er|en|em|es|ere|erer|eren|erem|eres|erere|erers|erern|ererm|ste|ster|stes|sten|stem)?,leidenschaftlich | erwartungsvoll | gespannt | mitgerissen | neugierig | Absicht haben,leidenschaftlich | erwartungsvoll | gespannt | mitgerissen | neugierig | Absicht haben,competitive
beharr,1,v,(e|st|t|en),insistieren | Erfahrung vertreten | nicht locker lassen | sich nicht abbringen lassen | auf Umsetzung hinwirken,insistieren | Erfahrung vertreten | nicht locker lassen | sich nicht abbringen lassen | auf Umsetzung hinwirken,competitive
beharrlich,1,a,(e|er|en|em|es|ere|erer|eren|erem|eres|erere|erers|erern|ererm|ste|ster|stes|sten|stem)?,insistieren | Erfahrung vertreten | nicht locker lassen | sich nicht abbringen lassen | auf Umsetzung hinwirken,insistieren | Erfahrung vertreten | nicht locker lassen | sich nicht abbringen lassen | auf Umsetzung hinwirken,competitive
Beharrlichkeit,1,s,,insistieren | Erfahrung vertreten | nicht locker lassen | sich nicht abbringen lassen | auf Umsetzung hinwirken,insistieren | Erfahrung vertreten | nicht locker lassen | sich nicht abbringen lassen | auf Umsetzung hinwirken,competitive
behaupt,1,v,(e|est|et|en),Meinung/Arbeit vertreten | Erfahrungen teilen,Meinung/Arbeit vertreten | Erfahrungen teilen,hard-hearted
beherrsch,1,v,(e|st|t|en),kompetent sein | Know-how haben,kompetent sein | Know-how haben,hard-hearted
beherrschend,1,a,(e|er|en|em|es|ere|erer|eren|erem|eres|erere|erers|erern|ererm|ste|ster|stes|sten|stem)?,,,hard-hearted
belastbar,1,a,(e|er|en|em|es|ere|erer|eren|erem|eres|erere|erers|erern|ererm|ste|ster|stes|sten|stem|keit)?,stabil | Ruhe bewahren | langer Atem | resilient,stabil | Ruhe bewahren | langer Atem,competitive
bestimmend,1,a,(e|er|en|em|es|ere|erer|eren|erem|eres|erere|erers|erern|ererm|ste|ster|stes|sten|stem)?,,,hard-hearted
bestimmt,1,a,(e|er|en|em|es|ere|erer|eren|erem|eres|erere|erers|erern|ererm|este|ester|estes|esten|estem)?,klar und deutlich | mit Nachdruck | greifbar | handfest,klar und deutlich | mit Nachdruck | greifbar | handfest,hard-hearted
Bestimmtheit,1,s,,klar und deutlich | mit Nachdruck | greifbar | handfest,klar und deutlich | mit Nachdruck | greifbar | handfest,hard-hearted
bew,1,v,(eist|eisen|iesen),aufzeigen | sich selbst wahrnehmen ,aufzeigen | sich selbst wahrnehmen ,competitive
brüst,1,v,(e|est|et|en),für die gemachte Arbeit einstehen,für die gemachte Arbeit einstehen,hard-hearted
couragiert,1,a,(e|er|en|em|es|ere|erer|eren|erem|eres|erere|erers|erern|ererm|este|ester|estes|esten|estem)?,Spass an Neuem | offen für neue Entdeckungen | ausprobieren wollen | experimentierfreudig,Spass an Neuem | offen für neue Entdeckungen | ausprobieren wollen | experimentierfreudig,competitive
deutlich,1,a,(e|er|en|em|es|ere|erer|eren|erem|eres|erere|erers|erern|ererm|ste|ster|stes|sten|stem)?,,,rough
dienstleistungsorientiert,1,a,(e|er|en|em|es|ere|erer|eren|erem|eres|erere|erers|erern|ererm|ste|ster|stes|sten|stem)?,,einfühlsam mit Kundinnen und Kunden umgehen,cultural
Dienstleistungsorientierung,1,s,,,einfühlsamer Umgang mit Kundinnen und Kunden,cultural
direkt,1,a,(e|er|en|em|es|ere|erer|eren|erem|eres|erere|erers|erern|ererm|este|ester|estes|esten|estem)?,geradeheraus | von Mensch zu Mensch | offenherzig | gradlinig | aufrichtig,geradeheraus | von Mensch zu Mensch | offenherzig | gradlinig | aufrichtig,rough
Direktheit,1,s,,geradeheraus | von Mensch zu Mensch | offenherzig | gradlinig | aufrichtig,geradeheraus | von Mensch zu Mensch | offenherzig | gradlinig | aufrichtig,rough
dominant,1,a,(e|er|en|em|es|ere|erer|eren|erem|eres|erere|erers|erern|ererm|este|ester|estes|esten|estem)?,,,hard-hearted
draufgängerisch,1,a,(e|er|en|em|es|ere|erer|eren|erem|eres|erere|erers|erern|ererm|ste|ster|stes|sten|stem)?,,,hard-hearted
Durchhaltevermöge,1,s,(ns|n),deine Ruhe und Besonnenheit bringen dich weiter | du hast einen langen Atem | du bleibst gerne an Dingen dran,deine Ruhe und Besonnenheit bringen dich weiter | du hast einen langen Atem | du bleibst gerne an Dingen dran,competitive
Durchhaltewille,1,s,(ns|n|s)?,deine Ruhe und Besonnenheit bringen dich weiter | du hast einen langen Atem | du bleibst gerne an Dingen dran,deine Ruhe und Besonnenheit bringen dich weiter | du hast einen langen Atem | du bleibst gerne an Dingen dran,competitive
durchsetz,1,v,(e|t|en),erwirken | umsetzen | vollbringen,erwirken | umsetzen | vollbringen,hard-hearted
durchsetzungsfähig,1,a,(e|er|en|em|es|ere|erer|eren|erem|eres|erere|erers|erern|ererm|ste|ster|stes|sten|stem)?,die Arbeiten zum Abschluss bringen | vollbringen | Stakeholder mitreissen | umsetzungsfreudig,die Arbeiten zum Abschluss bringen | vollbringen | Stakeholder mitreissen | umsetzungsfreudig,hard-hearted
Durchsetzungsfähigkeit,1,s,,die Arbeiten zum Abschluss bringen | vollbringen | Stakeholder mitreissen | umsetzungsfreudig,die Arbeiten zum Abschluss bringen | vollbringen | Stakeholder mitreissen | umsetzungsfreudig,hard-hearted
durchsetzungsstark,1,a,(e|er|en|em|es)?,die Arbeiten zum Abschluss bringen | vollbringen | Stakeholder mitreissen | umsetzungsfreudig,die Arbeiten zum Abschluss bringen | vollbringen | Stakeholder mitreissen | umsetzungsfreudig,hard-hearted
durchsetzungsstärk,1,a,(ere|erer|eren|erem|eres|erere|erers|erern|ererm|ste|ster|stes|sten|stem),,,hard-hearted
Durchsetzungskraft,1,s,,die Arbeiten zum Abschluss bringen | vollbringen | Stakeholder mitreissen | umsetzungsfreudig,die Arbeiten zum Abschluss bringen | vollbringen | Stakeholder mitreissen | umsetzungsfreudig,hard-hearted
Durchsetzungsvermögen,1,s,s?,die Arbeiten zum Abschluss bringen | vollbringen | Stakeholder mitreissen | umsetzungsfreudig,die Arbeiten zum Abschluss bringen | vollbringen | Stakeholder mitreissen | umsetzungsfreudig,hard-hearted
Drive,1,s,,engagiert | mit Freude | begeistert für etwas,engagiert | mit Freude | begeistert für etwas,hard-hearted
Druck,1,s,s?,Druck aushalten = in Ruhe Arbeiten abschliessen | besonnen bleiben; Druck aufsetzen = Umsetzung vorantreiben | in der Umsetzung unterstützen,Druck aushalten = in Ruhe Arbeiten abschliessen | besonnen bleiben; Druck aufsetzen = Umsetzung vorantreiben | in der Umsetzung unterstützen,competitive
Ehrgeiz,1,s,es?,Fleiss | Eifer | Pflichtbewusstsein,Fleiss | Eifer | Pflichtbewusstsein,competitive
ehrgeizig,1,a,(e|er|en|em|es|ere|erer|eren|erem|eres|erere|erers|erern|ererm|ste|ster|stes|sten|stem)?,eifrig | fleissig | pflichtbewusst,eifrig | fleissig | pflichtbewusst,competitive
eigenständig,1,a,(e|er|en|em|es|ere|erer|eren|erem|eres|erere|erers|erern|ererm|ste|ster|stes|sten|stem)?,Kompetenz einsetzen | auf Aufgaben fokussieren | Verantwortung tragen,Kompetenz einsetzen | auf Aufgaben fokussieren | Verantwortung tragen,cultural
Eigenständigkeit,1,s,,Kompetenz einsetzen | auf Aufgaben fokussieren | Verantwortung tragen,Kompetenz einsetzen | auf Aufgaben fokussieren | Verantwortung tragen,cultural
eigensinnig,1,a,(e|er|en|em|es|ere|erer|eren|erem|eres|erere|erers|erern|ererm|ste|ster|stes|sten|stem)?,,,cultural
eigenverantwortlich,1,a,(e|er|en|em|es|ere|erer|eren|erem|eres|erere|erers|erern|ererm|ste|ster|stes|sten|stem)?,Verantwortung übernehmen | unternehmerisch handeln,Verantwortung übernehmen | unternehmerisch handeln,cultural
Eigenverantwortung,1,s,,Verantwortung übernehmen | unternehmerisch handeln,Verantwortung übernehmen | unternehmerisch handeln,cultural
eigenwillig,1,a,(e|er|en|em|es|ere|erer|eren|erem|eres|erere|erers|erern|ererm|ste|ster|stes|sten|stem)?,,,cultural
einzeln,1,a,,,,cultural
Einsatzwille,1,s,(ns|n|s)?,Engagement | Begeisterung,Engagement | Begeisterung,rough
Einsatzbereitschaft,1,s,,Engagement | Begeisterung,Engagement | Begeisterung,rough
energisch,1,a,(e|er|en|em|es|ere|erer|eren|erem|eres|erere|erers|erern|ererm|ste|ster|stes|sten|stem)?,tatkräfig | dynamisch | zupackend,tatkräfig | dynamisch | zupackend,rough
entscheidend,1,a,(e|er|en|em|es|ere|erer|eren|erem|eres|erere|erers|erern|ererm|ste|ster|stes|sten|stem)?,,,rough
Entscheidung,1,s,(en)?,,,rough
entscheidungsfreudig,1,a,(e|er|en|em|es|ere|erer|eren|erem|eres|erere|erers|erern|ererm|ste|ster|stes|sten|stem)?,flexibel | pragmatisch | unkompliziert | beweglich,flexibel | pragmatisch | unkompliziert | beweglich,rough
entschieden,1,a,(e|er|en|em|es|ere|erer|eren|erem|eres|erere|erers|erern|ererm|ste|ster|stes|sten|stem)?,klipp und klar | eindeutig in der Kommunikation | explizit | deutlich,klipp und klar | eindeutig in der Kommunikation | explizit | deutlich,rough
Entschiedenheit,1,s,,mit Deutlichkeit | mit Klarheit | mit Engagement,mit Deutlichkeit | mit Klarheit | mit Engagement,rough
entschlossen,1,a,(e|er|en|em|es|ere|erer|eren|erem|eres|erere|erers|erern|ererm|ste|ster|stes|sten|stem)?,konsequent | herzhaft | zupackend | pragmatisch,konsequent | herzhaft | zupackend | pragmatisch,rough
Entschlossenheit,1,s,,mit Herzhaftigkeit | mit Pragmatismus,mit Herzhaftigkeit | mit Pragmatismus,rough
entschlussfreudig,1,a,(e|er|en|em|es|ere|erer|eren|erem|eres|erere|erers|erern|ererm|ste|ster|stes|sten|stem)?,flexibel | pragmatisch | unkompliziert | beweglich,flexibel | pragmatisch | unkompliziert | beweglich,rough
Entschlussfreudigkeit,1,s,,Flexibilität | Pragmatismus | Beweglichkeit,Flexibilität | Pragmatismus | Beweglichkeit,rough
Entschlusskraft,1,s,,Flexibilität | Pragmatismus | Beweglichkeit,Flexibilität | Pragmatismus | Beweglichkeit,rough
Erfolgshunger,1,s,s?,Meilensteine erreichen wollen | Vision realisieren,Meilensteine erreichen wollen | Vision realisieren,competitive
erfolgshungrig,1,a,(e|er|en|em|es|ere|erer|eren|erem|eres|erere|erers|erern|ererm|ste|ster|stes|sten|stem)?,Meilensteine erreichen wollen | Vision realisieren,Meilensteine erreichen wollen | Vision realisieren,competitive
erober,1,"v,s",(n|st|t|er|erinnen),entdecken | neugierig sein | mehr wissen | erfahren wollen,entdecken | neugierig sein | mehr wissen | erfahren wollen,competitive
Eroberung,1,s,(en)?,Entdeckung | Erwerb neuer Kenntnisse | inspiriert durch das Unbekannte,Entdeckung | Erwerb neuer Kenntnisse | inspiriert durch das Unbekannte,competitive
erprobt,1,a,(e|er|en|em|es|ere|erer|eren|erem|eres|erere|erers|erern|ererm|este|ester|estes|esten|estem)?,kompetent | mit Know-how | mit Erfahrung,kompetent | mit Know-how | mit Erfahrung,corporate
erwarte,1,v,(n|st|t|nd),begrüssen | wünschen,begrüssen | wünschen,competitive
Extrameile,1,s,(en)?,engagiert,engagiert,competitive
Hunger,1,s,s?,Meilensteine erreichen wollen | Vision realisieren,Meilensteine erreichen wollen | Vision realisieren,competitive
hungrig,1,a,(e|er|en|em|es|ere|erer|eren|erem|eres|erere|erers|erern|ererm|ste|ster|stes|sten|stem)?,Meilensteine erreichen wollen | strebsam | fleissig,Meilensteine erreichen wollen | strebsam | fleissig,competitive
fachmännisch,1,a,(e|er|en|em|es|ere|erer|eren|erem|eres|erere|erers|erern|ererm|ste|ster|stes|sten|stem)?,mit Qualität | fachkundig | geübt | kenntnisreich | kompetent,mit Qualität | fachkundig | geübt | kenntnisreich | kompetent,corporate
feindselig,1,a,(e|er|en|em|es|ere|erer|eren|erem|eres|erere|erers|erern|ererm|ste|ster|stes|sten|stem)?,,,competitive
Feindseligkeit,1,s,,,,competitive
freimütig,1,a,(e|er|en|em|es|ere|erer|eren|erem|eres|erere|erers|erern|ererm|ste|ster|stes|sten|stem)?,zur eigenen Meinung stehen | seine Arbeit vertreten,zur eigenen Meinung stehen | seine Arbeit vertreten,rough
Freimütigkeit,1,s,(en)?,zur eigenen Meinung stehen | seine Arbeit vertreten,zur eigenen Meinung stehen | seine Arbeit vertreten,rough
führ,1,v,(e|st|t|en),unterstützen | coachen | Vision kommunizieren | mitnehmen | lenken,unterstützen | coachen | Vision kommunizieren | mitnehmen | lenken,hard-hearted
Führer,1,s,(in|n|innen|s)?,Leitung | Unterstützung | Coaching | Vision kommunizieren,Leitung | Unterstützung | Coaching | Vision kommunizieren,hard-hearted
Führerschaft,1,s,,Leitung | Unterstützung | Coaching | Vision kommunizieren,Leitung | Unterstützung | Coaching | Vision kommunizieren,hard-hearted
Führung,1,s,,Leitung | Unterstützung | Coaching | Vision kommunizieren,Leitung | Unterstützung | Coaching | Vision kommunizieren,hard-hearted
Führungskraft,1,s,,Leitung | Unterstützung | Coaching | Vision kommunizieren,Leitung | Unterstützung | Coaching | Vision kommunizieren,hard-hearted
furchtlos,1,a,(e|er|en|em|es|ere|erer|eren|erem|eres|erere|erers|erern|ererm|este|ester|estes|esten|estem)?,,,hard-hearted
geldgierig,1,a,(e|er|en|em|es|ere|erer|eren|erem|eres|erere|erers|erern|ererm|ste|ster|stes|sten|stem)?,,,hard-hearted
gewagt,1,a,(e|er|en|em|es|ere|erer|eren|erem|eres|erere|erers|erern|ererm|este|ester|estes|esten|estem)?,sich erlaubt | offen für Experimente | neue Sachen ausprobieren,sich erlaubt | offen für Experimente | neue Sachen ausprobieren,hard-hearted
Gewalt,1,s,,,,hard-hearted
getrieben,1,a,(e|er|en|em|es|ere|erer|eren|erem|eres|erere|erers|erern|ererm|ste|ster|stes|sten|stem)?,,,competitive
gewinn,1,a,(e|st|t|en),erwerben | dazu lernen | insistieren | aus Erfahrung Neues schaffen | nicht locker lassen | sich nicht abbringen lassen,erwerben | dazu lernen | insistieren | aus Erfahrung Neues schaffen | nicht locker lassen | sich nicht abbringen lassen,competitive
Gewinner,1,s,(in|n|innen|s)?,nicht locker lassen | sich vom Ziel nicht abbringen lassen,nicht locker lassen | sich vom Ziel nicht abbringen lassen,competitive
gierig,1,a,(e|er|en|em|es|ere|erer|eren|erem|eres|erere|erers|erern|ererm|ste|ster|stes|sten|stem)?,,,competitive
Grundsatz,1,s,es?,,,rough
Grundsätze,1,s,,,,rough
grundsätzlich,1,a,(e|er|en|em|es|ere|erer|eren|erem|eres|erere|erers|erern|ererm|ste|ster|stes|sten|stem)?,,,rough
hart,1,a,(e|er|en|em|es|ere|erer|eren|erem|eres|erere|erers|erern|ererm|ste|ster|stes|sten|stem)?,Ziel verfolgen | sich vom Weg nicht abbringen | Weg vorleben,,
Härt,1,"s,a",(e|er|en|em|es|ere|erer|eren|erem|eres|erere|erers|erern|ererm|ste|ster|stes|sten|stem)?,Ziel verfolgen | sich vom Weg nicht abbringen | Weg vorleben,,
hartgesotten,1,a,(e|er|en|em|es|ere|erer|eren|erem|eres|erere|erers|erern|ererm|ste|ster|stes|sten|stem)?,Ziel verfolgen | sich vom Weg nicht abbringen | Weg vorleben,,hard-hearted
hartnäckig,1,a,(e|er|en|em|es|ere|erer|eren|erem|eres|erere|erers|erern|ererm|ste|ster|stes|sten|stem)?,insistieren | Erfahrung vertreten | nicht locker lassen | sich nicht abbringen lassen,insistieren | Erfahrung vertreten | nicht locker lassen | sich nicht abbringen lassen,competitive
Hartnäckigkeit,1,s,,insistieren | Erfahrung vertreten | nicht locker lassen | sich nicht abbringen lassen,insistieren | Erfahrung vertreten | nicht locker lassen | sich nicht abbringen lassen,competitive
herausfordernd,1,a,(e|er|en|em|es|ere|erer|eren|erem|eres|erere|erers|erern|ererm|ste|ster|stes|sten|stem)?,,,competitive
Herausforderung,1,s,(en)?,neugierig | Spass an Neuem | offen für neue Entdeckungen,neugierig | Spass an Neuem | offen für neue Entdeckungen,competitive
herrschend,1,a,(e|er|en|em|es|ere|erer|eren|erem|eres|erere|erers|erern|ererm|ste|ster|stes|sten|stem)?,,,hard-hearted
Höchstleistung,1,s,(en)?,gemeinsam Ziele erarbeiten | durch gemeinsame Unterstützung produktiver werden,gemeinsam Ziele erarbeiten | durch gemeinsame Unterstützung produktiver werden,competitive
impulsiv,1,a,(e|er|en|em|es|ere|erer|eren|erem|eres|erere|erers|erern|ererm|ste|ster|stes|sten|stem)?,,,hard-hearted
individuell,1,a,(e|er|en|em|es|ere|erer|eren|erem|eres|erere|erers|erern|ererm|ste|ster|stes|sten|stem)?,Kompetenz einsetzen | auf Aufgaben fokussieren | Verantwortung tragen,Kompetenz einsetzen | auf Aufgaben fokussieren | Verantwortung tragen,competitive
Intellekt,1,s,(s|es)?,,,corporate
intellektuell,1,a,(e|er|en|em|es|ere|erer|eren|erem|eres|erere|erers|erern|ererm|ste|ster|stes|sten|stem)?,,,corporate
jag,1,v,(e|st|t|en),verfolgen | strebsam | im Blick behalten | Überblick behalten | fokussiert | neugierig,verfolgen | strebsam | im Blick behalten | Überblick behalten | fokussiert | neugierig,competitive
Jagd,1,s,,,,competitive
Jäger,1,s,(in|n|innen|s)?,verfolgen | strebsam | im Blick behalten | Überblick behalten | fokussiert | neugierig,verfolgen | strebsam | im Blick behalten | Überblick behalten | fokussiert | neugierig,competitive
Kampf,1,s,(s|es)?,,,competitive
kämpf,1,v,(e|st|t|en),einstehen für | unterstützend agieren | mit Disziplin erarbeiten,einstehen für | unterstützend agieren | mit Disziplin erarbeiten,competitive
kämpfend,1,a,(e|er|en|em|es|ere|erer|eren|erem|eres|erere|erers|erern|ererm|ste|ster|stes|sten|stem)?,,,competitive
Kämpfer,1,s,(in|n|innen|s)?,mit Disziplin das Ziel erreichen | einstehen für | Strebsamkeit,mit Disziplin das Ziel erreichen | einstehen für | Strebsamkeit,competitive
kämpferisch,1,a,(e|er|en|em|es|ere|erer|eren|erem|eres|erere|erers|erern|ererm|ste|ster|stes|sten|stem)?,Reibungen bewältigen können | argumentieren können,Reibungen bewältigen können | argumentieren können,competitive
kampflustig,1,a,(e|er|en|em|es|ere|erer|eren|erem|eres|erere|erers|erern|ererm|ste|ster|stes|sten|stem)?,,,competitive
kompetitiv,1,a,(e|er|en|em|es|ere|erer|eren|erem|eres|erere|erers|erern|ererm|ste|ster|stes|sten|stem)?,Kompetenz einsetzen | mit anderen etwas erreichen,Kompetenz einsetzen | mit anderen etwas erreichen,competitive
Konkurrenz,1,s,,Kompetenz einsetzen | im Team etwas verfolgen | erreichen,Kompetenz einsetzen | im Team etwas verfolgen | erreichen,competitive
konkurrenzbetont,1,a,(e|er|en|em|es|ere|erer|eren|erem|eres|erere|erers|erern|ererm|este|ester|estes|esten|estem)?,,,competitive
Konkurrenzdruck,1,s,,fokussiert bleiben | Ruhe bewahren | langer Atem,,
konkurrenzfähig,1,a,(e|er|en|em|es|ere|erer|eren|erem|eres|erere|erers|erern|ererm|ste|ster|stes|sten|stem)?,fokussiert bleiben | Ruhe bewahren | langer Atem,fokussiert bleiben | Ruhe bewahren | langer Atem,competitive
Kraft,1,s,,,,hard-hearted
kraftvoll,1,a,(e|er|en|em|es|ere|erer|eren|erem|eres|erere|erers|erern|ererm|ste|ster|stes|sten|stem)?,,,hard-hearted
leiste,1,v,(t|st|n|nd),Meilensteine erreichen wollen | enthusiastisch bei der Umsetzung,Meilensteine erreichen wollen | enthusiastisch bei der Umsetzung,competitive
Leistungsbereitschaft,1,s,,Meilensteine erreichen wollen | enthusiastisch bei der Umsetzung,Meilensteine erreichen wollen | enthusiastisch bei der Umsetzung,competitive
leistungsbereit,1,a,(e|er|en|em|es|ere|erer|eren|erem|eres|erere|erers|erern|ererm|este|ester|estes|esten|estem)?,Meilensteine erreichen wollen | enthusiastisch bei der Umsetzung,Meilensteine erreichen wollen | enthusiastisch bei der Umsetzung,competitive
leistungsorientiert,1,a,(e|er|en|em|es|ere|erer|eren|erem|eres|erere|erers|erern|ererm|este|ester|estes|esten|estem)?,fleissig | tüchtig | Meilensteine erreichen wollen | enthusiastisch bei der Umsetzung,fleissig | tüchtig | Meilensteine erreichen wollen | enthusiastisch bei der Umsetzung,competitive
leistungsabhängig,1,a,(e|er|en|em|es|ere|erer|eren|erem|eres|erere|erers|erern|ererm|este|ester|estes|esten|estem)?,das Engagement beeinflusst das Gehalt,,competitive
Leistungsträger,1,s,(in|n|innen|s)?,Gestalter | Schlüsselfigur/person | Schnittstelle,Gestalter | Schlüsselfigur/person | Schnittstelle,competitive
Leistungsausweis,1,s,(e)?,Erfahrung mitbringen,,competitive
leit,1,v,(et|est|en|end),unterstützen | coachen | Vision kommunizieren | mitnehmen | lenken,unterstützen | coachen | Vision kommunizieren | mitnehmen | lenken,hard-hearted
Logik,1,s,,schlüssig | gemäss Prozess | gemäss Schema | ableitend,schlüssig | gemäss Prozess | gemäss Schema | ableitend,corporate
logisch,1,a,(e|er|en|em|es|ere|erer|eren|erem|eres|erere|erers|erern|ererm|ste|ster|stes|sten|stem)?,konsequent | schlüssig | nachvollziehbar | schematisch,konsequent | schlüssig | nachvollziehbar | schematisch,corporate
Macht,1,s,,,,competitive
machthungrig,1,a,(e|er|en|em|es|ere|erer|eren|erem|eres|erere|erers|erern|ererm|ste|ster|stes|sten|stem)?,,,competitive
Meister,1,s,(in|n|innen|s)?,fachkundig | kompetent | Fachgrösse,fachkundig | kompetent | Fachgrösse,competitive
meisterhaft,1,a,(e|er|en|em|es|ere|erer|eren|erem|eres|erere|erers|erern|ererm|este|ester|estes|esten|estem)?,fachkundig | kompetent | mit Erfahrung,fachkundig | kompetent | mit Erfahrung,competitive
militant,1,a,(e|er|en|em|es|ere|erer|eren|erem|eres|erere|erers|erern|ererm|este|ester|estes|esten|estem)?,,,competitive
Mittler,1,s,,Person | die vermittelt,,
mutig,1,a,(e|er|en|em|es|ere|erer|eren|erem|eres|erere|erers|erern|ererm|ste|ster|stes|sten|stem)?,Spass an Neuem | offen für neue Entdeckungen | ausprobieren wollen | experimentierfreudig,Spass an Neuem | offen für neue Entdeckungen | ausprobieren wollen | experimentierfreudig,rough
Mut,1,s,(s|es)?,Spass an Neuem | offen für neue Entdeckungen | ausprobieren wollen | experimentierfreudig,Spass an Neuem | offen für neue Entdeckungen | ausprobieren wollen | experimentierfreudig,rough
Mutprobe,1,s,n?,-,,rough
offensiv,1,a,(e|er|en|em|es|ere|erer|eren|erem|eres|erere|erers|erern|ererm|ste|ster|stes|sten|stem)?,,,rough
paranoid,1,a,(e|er|en|em|es|ere|erer|eren|erem|eres|erere|erers|erern|ererm|ste|ster|stes|sten|stem)?,,,hard-hearted
performant,1,a,(e|er|en|em|es|ere|erer|eren|erem|eres|erere|erers|erern|ererm|este|ester|estes|esten|estem)?,fleissig | tüchtig | Meilensteine erreichen wollen | enthusiastisch bei der Umsetzung,fleissig | tüchtig | Meilensteine erreichen wollen | enthusiastisch bei der Umsetzung,competitive
Performer,1,s,(n|s)?,auf die nächsten Schritte fokussieren | engagiert in seinen Aufgaben | unternehmerisch denken | sein,auf die nächsten Schritte fokussieren | engagiert in seinen Aufgaben | unternehmerisch denken | sein,competitive
Pionier,1,s,(in|e|innen)?,Verantwortung übernehmen | mit gutem Beispiel voraus | erfinderisch sein | innovativ wirken | inspirieren | die Vision vermitteln,Verantwortung übernehmen | mit gutem Beispiel voraus | erfinderisch sein | innovativ wirken | inspirieren | die Vision vermitteln,competitive
prahl,1,v,(e|st|t|en),,,hard-hearted
Prinzip,1,s,(s|ien)?,Ethik | mit Methode | mit Grundsätzen | Richtlinie,Ethik | mit Methode | mit Grundsätzen | Richtlinie,rough
proaktiv,1,a,(e|er|en|em|es|ere|erer|eren|erem|eres|erere|erers|erern|ererm|ste|ster|stes|sten|stem)?,Initiative ergreifen | mit Energie unternehmen | unternehmerisch,Initiative ergreifen | mit Energie unternehmen | unternehmerisch,rough
pro-aktiv,1,a,(e|er|en|em|es|ere|erer|eren|erem|eres|erere|erers|erern|ererm|ste|ster|stes|sten|stem)?,Initiative ergreifen | mit Energie unternehmen | unternehmerisch,Initiative ergreifen | mit Energie unternehmen | unternehmerisch,rough
Problem,1,s,(e|en)?,,,competitive
problematisch,1,a,(e|er|en|em|es|ere|erer|eren|erem|eres|erere|erers|erern|ererm|ste|ster|stes|sten|stem)?,,,competitive
resolut,1,a,(e|er|en|em|es|ere|erer|eren|erem|eres|erere|erers|erern|ererm|este|ester|estes|esten|estem)?,tatkräftig | unbeirrt | zupackend,tatkräftig | unbeirrt | zupackend,hard-hearted
resultatorientiert,1,a,(e|er|en|em|es|ere|erer|eren|erem|eres|erere|erers|erern|ererm|este|ester|estes|esten|estem)?,Meilensteine erreichen wollen | strebsam | fleissig | mit Team etwas verfolgen | erreichen | fokussiert,Meilensteine erreichen wollen | strebsam | fleissig | mit Team etwas verfolgen | erreichen | fokussiert,competitive
risikofreudig,1,a,(e|er|en|em|es|ere|erer|eren|erem|eres|erere|erers|erern|ererm|ste|ster|stes|sten|stem)?,Spass an Neuem | offen für neue Entdeckungen | ausprobieren wollen | experimentierfreudig,Spass an Neuem | offen für neue Entdeckungen | ausprobieren wollen | experimentierfreudig,rough
Risikoträger,1,s,(in|n|innen|s)?,Optionen abwägend | offen für Neues | ausprobieren wollen | Experimente durchführen,offen für Neues | ausprobieren wollen | Experimente durchführen,rough
Risik,1,s,(|o|os|en)?,verantwortungsbewusst | abwägend | offen für Neues | ausprobieren wollen,verantwortungsbewusst | abwägend | offen für Neues | ausprobieren wollen,rough
Rival,1,s,(e|en|in|innen)?,Kompetenz einsetzen | im Team etwas verfolgen | erreichen,Kompetenz einsetzen | im Team etwas verfolgen | erreichen,competitive
robust,1,a,(e|er|en|em|es|ere|erer|eren|erem|eres|erere|erers|erern|ererm|ste|ster|stes|sten|stem)?,stabil | mit Erfahrung | fachkundig,stabil | mit Erfahrung | fachkundig,rough
rücksichtslos,1,a,(e|er|en|em|es|ere|erer|eren|erem|eres|erere|erers|erern|ererm|este|ester|estes|esten|estem)?,,,hard-hearted
schlagkräftig,1,a,(e|er|en|em|es|ere|erer|eren|erem|eres|erere|erers|erern|ererm|este|ester|estes|esten|estem)?,etwas nachvollziehbar aufzeigen,,rough
selber,1,a,,auf Aufgaben fokussieren | Verantwortung tragen,auf Aufgaben fokussieren | Verantwortung tragen,competitive
selbst,1,a,,auf Aufgaben fokussieren | Verantwortung tragen,auf Aufgaben fokussieren | Verantwortung tragen,competitive
selbständig,1,a,(e|er|en|em|es|ere|erer|eren|erem|eres|erere|erers|erern|ererm|ste|ster|stes|sten|stem)?,Kompetenz einsetzen | auf Aufgaben fokussieren | Verantwortung tragen,Kompetenz einsetzen | auf Aufgaben fokussieren | Verantwortung tragen,competitive
Selbständigkeit,1,s,,Kompetenz einsetzen | auf Aufgaben fokussieren | Verantwortung tragen,Kompetenz einsetzen | auf Aufgaben fokussieren | Verantwortung tragen,competitive
Selbstbehauptung,1,s,,erwirken | umsetzen | vollbringen,erwirken | umsetzen | vollbringen,competitive
selbstbewusst,1,a,(e|er|en|em|es|ere|erer|eren|erem|eres|erere|erers|erern|ererm|este|ester|estes|esten|estem)?,in eigene Kompetenz vertrauen | Meinung/Arbeit vertreten,in eigene Kompetenz vertrauen | Meinung/Arbeit vertreten,competitive
Selbstbewusstsein,1,s,s?,Vertrauen in eigene Kompetenz | Vertreten der Meinung/Arbeit,Vertrauen in eigene Kompetenz | Vertreten der Meinung/Arbeit,competitive
selbstsicher,1,a,(e|er|en|em|es|ere|erer|eren|erem|eres|erere|erers|erern|ererm|ste|ster|stes|sten|stem)?,in eigene Kompetenz vertrauen | Meinung/Arbeit vertreten,in eigene Kompetenz vertrauen | Meinung/Arbeit vertreten,competitive
selbstständig,1,a,(e|er|en|em|es|ere|erer|eren|erem|eres|erere|erers|erern|ererm|ste|ster|stes|sten|stem)?,seine Kompetenz einsetzen | auf seine Aufgaben fokussieren | Verantwortung tragen,seine Kompetenz einsetzen | auf seine Aufgaben fokussieren | Verantwortung tragen,competitive
Selbstständigkeit,1,s,,seine Kompetenz einsetzen | auf seine Aufgaben fokussieren | Verantwortung tragen,seine Kompetenz einsetzen | auf seine Aufgaben fokussieren | Verantwortung tragen,competitive
Selbstvertrauen,1,s,s?,auf eigene Kompetenz zählen | Meinung/Arbeit vertreten,auf eigene Kompetenz zählen | Meinung/Arbeit vertreten,competitive
sicherstell,1,v,(e|st|t|en),sich um etwas kümmern,sich um etwas kümmern,rough
Sicherstellung,1,s,,,,rough
sicher,1,a,(e|er|en|em|es|ere|erer|eren|erem|eres|erere|erers|erern|ererm|ste|ster|stes|sten|stem)?,in eigene Kompetenz vertrauen | Meinung/Arbeit vertreten,in eigene Kompetenz vertrauen | Meinung/Arbeit vertreten,competitive
siegessicher,1,a,(e|er|en|em|es|ere|erer|eren|erem|eres|erere|erers|erern|ererm|ste|ster|stes|sten|stem)?,unbeirrt | enthusiastisch | fokussiert,unbeirrt | enthusiastisch | fokussiert,competitive
sportlerisch,1,a,(e|er|en|em|es|ere|erer|eren|erem|eres|erere|erers|erern|ererm|ste|ster|stes|sten|stem)?,,,competitive
sportlich,1,a,(e|er|en|em|es|ere|erer|eren|erem|eres|erere|erers|erern|ererm|ste|ster|stes|sten|stem)?,flexibel | pragmatisch | unkompliziert | beweglich,flexibel | pragmatisch | unkompliziert | beweglich,competitive
stark,1,a,(e|er|en|em|es)?,stabil | mit Erfahrung | fachkundig ,stabil | mit Erfahrung | fachkundig ,rough
stärk,1,a,(er|ere|erer|eren|erem|eres|erere|erers|erern|ererm|ste|ster|stes|sten|stem),stabil | mit Erfahrung | fachkundig ,,rough
Stärke,1,s,,Stabilität | mit Erfahrung | fachkundig,Stabilität | mit Erfahrung | fachkundig,rough
,,,(?stark|?starke|?starken),,,
,,,(?stärke|?stärken),,,
streit,1,a,(e|st|t|en),Reibungen bewältigen können | argumentieren können,Reibungen bewältigen können | argumentieren können,hard-hearted
streitlustig,1,a,(e|er|en|em|es|ere|erer|eren|erem|eres|erere|erers|erern|ererm|ste|ster|stes|sten|stem)?,Reibungen bewältigen können | argumentieren können,Reibungen bewältigen können | argumentieren können,hard-hearted
streitsüchtig,1,a,(e|er|en|em|es|ere|erer|eren|erem|eres|erere|erers|erern|ererm|ste|ster|stes|sten|stem)?,,,hard-hearted
stur,1,a,(e|er|en|em|es|ere|erer|eren|erem|eres|erere|erers|erern|ererm|ste|ster|stes|sten|stem)?,,,hard-hearted
tapfer,1,a,(e|er|en|em|es|ere|erer|eren|erem|eres|erere|erers|erern|ererm|ste|ster|stes|sten|stem)?,zupackend | diszipliniert | Spass an Neuem | offen für neue Entdeckungen,zupackend | diszipliniert | Spass an Neuem | offen für neue Entdeckungen,competitive
treibend,1,a,(e|er|en|em|es|ere|erer|eren|erem|eres|erere|erers|erern|ererm|ste|ster|stes|sten|stem)?,,,competitive
treib,1,v,(e|st|t|en),,,competitive
Treiber,1,s,(in)?,initiativ | gerne die Initiative ergreifen,initiativ | gerne die Initiative ergreifen,rough
überlegen,1,a,,,,competitive
überzeug,1,v,(e|st|t|en|end),mit Kompetenz vertreten | Meinung/Arbeit vertreten,mit Kompetenz vertreten | Meinung/Arbeit vertreten,competitive
überzeugt,1,a,(e|er|en|em|es|ere|erer|eren|erem|eres|erere|erers|erern|ererm|este|ester|estes|esten|estem)?,in eigene Kompetenz vertrauen | Meinung/Arbeit vertreten,in eigene Kompetenz vertrauen | Meinung/Arbeit vertreten,competitive
Überzeugung,1,s,,in eigene Kompetenz vertrauen | Meinung/Arbeit vertreten | insistieren,in eigene Kompetenz vertrauen | Meinung/Arbeit vertreten | insistieren,competitive
umsetzungsstark,1,a,die Arbeiten zum Abschluss bringen | vollbringen | umsetzungsfreudig,die Arbeiten zum Abschluss bringen | vollbringen | umsetzungsfreudig,hard-hearted,
unabhängig,1,a,(e|er|en|em|es|ere|erer|eren|erem|eres|erere|erers|erern|ererm|ste|ster|stes|sten|stem)?,auf seine Aufgaben fokussieren | Verantwortung tragen,auf seine Aufgaben fokussieren | Verantwortung tragen,competitive
Unabhängigkeit,1,s,,auf seine Aufgaben fokussieren | Verantwortung tragen,auf seine Aufgaben fokussieren | Verantwortung tragen,competitive
unbekümmert,1,a,(e|er|en|em|es|ere|erer|eren|erem|eres|erere|erers|erern|ererm|este|ester|estes|esten|estem)?,,,rough
unbeugsam,1,a,(e|er|en|em|es|ere|erer|eren|erem|eres|erere|erers|erern|ererm|ste|ster|stes|sten|stem)?,,,hard-hearted
unerschrocken,1,a,(e|er|en|em|es|ere|erer|eren|erem|eres|erere|erers|erern|ererm|ste|ster|stes|sten|stem)?,Spass an Neuem | offen für neue Entdeckungen | ausprobieren wollen | experimentierfreudig,Spass an Neuem | offen für neue Entdeckungen | ausprobieren wollen | experimentierfreudig,competitive
unnachgiebig,1,a,(e|er|en|em|es|ere|erer|eren|erem|eres|erere|erers|erern|ererm|ste|ster|stes|sten|stem)?,,,hard-hearted
unverschämt,1,a,(e|er|en|em|es|ere|erer|eren|erem|eres|erere|erers|erern|ererm|este|ester|estes|esten|estem)?,,,competitive
Urteil,1,s,s?,,,hard-hearted
Vaterland,1,s,s?,,Herkunftsland | Ursprungsland | Heimat,rough
verfecht,1,v,(e|st|t|en),für etwas einstehen | etwas verteidigen,für etwas einstehen | etwas verteidigen,rough
vorantreib,1,v,(e|st|t|en),sich engagieren | sich einsetzen,sich engagieren | sich einsetzen,competitive
waghalsig,1,a,(e|er|en|em|es|ere|erer|eren|erem|eres|erere|erers|erern|ererm|ste|ster|stes|sten|stem)?,,,rough
wag,1,a,(e|st|t|en),sich erlaubt | offen für Experimente | neue Sachen ausprobieren,sich erlaubt | offen für Experimente | neue Sachen ausprobieren,rough
wehr,1,a,(e|st|t|en),sich einsetzen für | für etwas einstehen | verteidigen,sich einsetzen für | für etwas einstehen | verteidigen,hard-hearted
Wettbewerb,1,s,s?,Kompetenz einsetzen | im Team etwas verfolgen | erreichen,Kompetenz einsetzen | im Team etwas verfolgen | erreichen,competitive
wettbewerbsfähig,1,a,(e|er|en|em|es|ere|erer|eren|erem|eres|erere|erers|erern|ererm|ste|ster|stes|sten|stem)?,,,competitive
wetteifer,1,a,(e|st|t|en),Kompetenz einsetzen | um weiterzukommen; im Team etwas verfolgen | erreichen,Kompetenz einsetzen | um weiterzukommen; im Team etwas verfolgen | erreichen,competitive
Wettkampf,1,s,(es|s)?,,,competitive
Wettkämpfe,1,s,,,,competitive
zäh,1,a,(e|er|en|em|es|ere|erer|eren|erem|eres|erere|erers|erern|ererm|este|ester|estes|esten|estem)?,,,hard-hearted
Zähigkeit,1,s,,,,hard-hearted
zielorientiert,1,a,(e|er|en|em|es|ere|erer|eren|erem|eres|erere|erers|erern|ererm|este|ester|estes|esten|estem)?,Meilensteine erreichen wollen | strebsam | fleissig | mit Team etwas verfolgen | erreichen | fokussiert,Meilensteine erreichen wollen | strebsam | fleissig | mit Team etwas verfolgen | erreichen | fokussiert,competitive
zielstrebig,1,a,(e|er|en|em|es|ere|erer|eren|erem|eres|erere|erers|erern|ererm|ste|ster|stes|sten|stem)?,Meilensteine erreichen wollen | strebsam | fleissig | mit Team etwas verfolgen | erreichen | fokussiert,Meilensteine erreichen wollen | strebsam | fleissig | mit Team etwas verfolgen | erreichen | fokussiert,competitive
,,,,,,
,,,,,,
,,,,,,
,,,,,,
,,,,,,
,,,,,,
,,,,,,
,,,,,,
,,,,,,
,,,,,,
,,,,,,
,,,,,,
,,,,,,
,,,,,,
,,,,,,
,,,,,,
,,,,,,
,,,,,,
,,,,,,
,,,,,,
,,,,,,
,,,,,,
,,,,,,
,,,,,,
,,,,,,
Male Coded Sentences - German,,,,,,
 A-Typ  ,,,,,,
 fechtest aus  ,,,,,,
 feindlich gesinnt  ,,,,,,
 forderst heraus  ,,,,,,
 geltend machen  ,,,,,,
 gegenseitig förderlich  ,,,,,,
 gibst an  ,,,,,,
 Nummer eins  ,,,,,,
 setzt dich durch  ,,,,,,
 sich Geltung verschaffen  ,,,,,,
 verschafft sich Geltung  ,,,,,,
 Sieger-Typ  ,,,,,,
 Typ A  ,,,,,,
 Winner-Typ  ,,,,,,