Lemma,Priority,Category,Primary_subcategory,Alt_Field,Alt_split
Baboushka,,openly_discriminating,xenophobia,-,['-']
Barbie,,openly_discriminating,racism,-,['-']
Beulah,,openly_discriminating,racism,-,['-']
Bin-Laden,,openly_discriminating,antimuslim,-,['-']
Binladen,,openly_discriminating,antimuslim,-,['-']
Brownie,,openly_discriminating,homophobia,-,['-']
Buckwheat,,openly_discriminating,racism,-,['-']
Cochise,,openly_discriminating,racism,-,['-']
Coon,,openly_discriminating,racism,-,['-']
Euro-weenies,,openly_discriminating,xenophobia,-,['-']
Euroweenies,,openly_discriminating,xenophobia,-,['-']
Jewbacca,,openly_discriminating,antisemitism,-,['-']
Jewford,,openly_discriminating,antisemitism,-,['-']
Jewgene,,openly_discriminating,antisemitism,-,['-']
Jewop,,openly_discriminating,antisemitism,-,['-']
Karen,,openly_discriminating,sexism,-,['-']
LBFM,,openly_discriminating,sexism,-,['-']
Pansy,,openly_discriminating,homophobia,-,['-']
Payaso,,openly_discriminating,homophobia,-,['-']
afro-saxon,,openly_discriminating,racism,-,['-']
afrosaxon,,openly_discriminating,racism,-,['-']
battle-axe,,openly_discriminating,sexism,-,['-']
battleaxe,,openly_discriminating,sexism,-,['-']
bean-eater,,openly_discriminating,xenophobia,-,['-']
bean-flicker,,openly_discriminating,homophobia,-,['-']
beaneater,,openly_discriminating,xenophobia,-,['-']
beaner,,openly_discriminating,xenophobia,-,['-']
beanflicker,,openly_discriminating,homophobia,-,['-']
bender,,openly_discriminating,homophobia,-,['-']
bent,,openly_discriminating,homophobia,-,['-']
bentshot,,openly_discriminating,homophobia,-,['-']
bimbo,,openly_discriminating,sexism,-,['-']
boche,,openly_discriminating,xenophobia,-,['-']
bogan,,openly_discriminating,racism,-,['-']
buddhahead,,openly_discriminating,racism,-,['-']
bufter,,openly_discriminating,homophobia,-,['-']
bufty,,openly_discriminating,homophobia,-,['-']
bugger,,openly_discriminating,homophobia,-,['-']
bum-boy,,openly_discriminating,homophobia,-,['-']
bum-chum,,openly_discriminating,homophobia,-,['-']
bum-driller,,openly_discriminating,homophobia,-,['-']
bum-robber,,openly_discriminating,homophobia,-,['-']
bumboy,,openly_discriminating,homophobia,-,['-']
bumchum,,openly_discriminating,homophobia,-,['-']
bumdriller,,openly_discriminating,homophobia,-,['-']
bumhole-engineer,,openly_discriminating,homophobia,-,['-']
bumholeengineer,,openly_discriminating,homophobia,-,['-']
bumrobber,,openly_discriminating,homophobia,-,['-']
butch,,openly_discriminating,homophobia,-,['-']
butt-boy,,openly_discriminating,homophobia,-,['-']
butt-fruit,,openly_discriminating,homophobia,-,['-']
butt-pilot,,openly_discriminating,homophobia,-,['-']
butt-pirate,,openly_discriminating,homophobia,-,['-']
butt-rider,,openly_discriminating,homophobia,-,['-']
butt-rustler,,openly_discriminating,homophobia,-,['-']
buttboy,,openly_discriminating,homophobia,-,['-']
buttfruit,,openly_discriminating,homophobia,-,['-']
buttpilot,,openly_discriminating,homophobia,-,['-']
buttpirate,,openly_discriminating,homophobia,-,['-']
buttrider,,openly_discriminating,homophobia,-,['-']
buttrustler,,openly_discriminating,homophobia,-,['-']
bøsser,,openly_discriminating,homophobia,-,['-']
campers,,openly_discriminating,antisemitism,-,['-']
caphead,,openly_discriminating,antisemitism,-,['-']
chi-chi-man,,openly_discriminating,homophobia,-,['-']
chicano,,openly_discriminating,xenophobia,-,['-']
chink,,openly_discriminating,xenophobia,-,['-']
cholo,,openly_discriminating,racism,-,['-']
chopperflops,,openly_discriminating,xenophobia,-,['-']
chuntaro,,openly_discriminating,xenophobia,-,['-']
cocksucker,,openly_discriminating,homophobia,-,['-']
coco,,openly_discriminating,racism,-,['-']
coolie,,openly_discriminating,xenophobia,-,['-']
crafty-butcher,,openly_discriminating,homophobia,-,['-']
craftybutcher,,openly_discriminating,homophobia,-,['-']
crick-crick,,openly_discriminating,xenophobia,-,['-']
crickcrick,,openly_discriminating,xenophobia,-,['-']
crone,,openly_discriminating,sexism,-,['-']
cunt-boy,,openly_discriminating,transphobia,-,['-']
cuntboy,,openly_discriminating,transphobia,-,['-']
curley,,openly_discriminating,antisemitism,-,['-']
curlie,,openly_discriminating,antisemitism,-,['-']
daffodil,,openly_discriminating,homophobia,-,['-']
daffy,,openly_discriminating,homophobia,-,['-']
darkie,,openly_discriminating,racism,-,['-']
doughnut-muncher,,openly_discriminating,homophobia,-,['-']
doughnut-puncher,,openly_discriminating,homophobia,-,['-']
donutmuncher,,openly_discriminating,homophobia,-,['-']
donutpuncher,,openly_discriminating,homophobia,-,['-']
dyke,,openly_discriminating,homophobia,-,['-']
euroscum,,openly_discriminating,xenophobia,-,['-']
eurotrash,,openly_discriminating,xenophobia,-,['-']
fag,,openly_discriminating,homophobia,-,['-']
faggot,,openly_discriminating,homophobia,-,['-']
fairy,,openly_discriminating,homophobia,-,['-']
femboy,,openly_discriminating,transphobia,-,['-']
feminazi,,openly_discriminating,sexism,-,['-']
finocchio,,openly_discriminating,homophobia,-,['-']
flamer,,openly_discriminating,homophobia,-,['-']
flat-face,,openly_discriminating,xenophobia,-,['-']
flat-head,,openly_discriminating,xenophobia,-,['-']
flatface,,openly_discriminating,xenophobia,-,['-']
flathead,,openly_discriminating,xenophobia,-,['-']
flit,,openly_discriminating,homophobia,-,['-']
floozie,,openly_discriminating,sexism,-,['-']
fog-breather,,openly_discriminating,xenophobia,-,['-']
fogbreather,,openly_discriminating,xenophobia,-,['-']
freak,1,openly_discriminating,ableism,-,['-']
fruit,,openly_discriminating,homophobia,-,['-']
fruit-loop,,openly_discriminating,homophobia,-,['-']
fruit-packer,,openly_discriminating,homophobia,-,['-']
fruitloop,,openly_discriminating,homophobia,-,['-']
fruitpacker,,openly_discriminating,homophobia,-,['-']
fucktard,,openly_discriminating,ableism,-,['-']
fudge-packer,,openly_discriminating,homophobia,-,['-']
fudgepacker,,openly_discriminating,homophobia,-,['-']
gaysian,,openly_discriminating,homophobia,-,['-']
gook,,openly_discriminating,racism,-,['-']
greaser,,openly_discriminating,xenophobia,-,['-']
gym-bunny,,openly_discriminating,homophobia,-,['-']
gymbunny,,openly_discriminating,homophobia,-,['-']
hag,,openly_discriminating,sexism,-,['-']
hajji,,openly_discriminating,antimuslim,-,['-']
half-breed,,openly_discriminating,racism,-,['-']
half-caste,,openly_discriminating,racism,-,['-']
halfbreed,,openly_discriminating,racism,-,['-']
halfcaste,,openly_discriminating,racism,-,['-']
haole,,openly_discriminating,racism,-,['-']
harpy,,openly_discriminating,sexism,-,['-']
heeb,,openly_discriminating,antisemitism,-,['-']
hermie,,openly_discriminating,transphobia,-,['-']
herp-derp,,openly_discriminating,ableism,-,['-']
herpderp,,openly_discriminating,ableism,-,['-']
homintern,,openly_discriminating,homophobia,-,['-']
homo,,openly_discriminating,homophobia,-,['-']
hooch-cooch,,openly_discriminating,racism,-,['-']
hoochcooch,,openly_discriminating,racism,-,['-']
hun,,openly_discriminating,xenophobia,-,['-']
hunkie,,openly_discriminating,xenophobia,-,['-']
hymie,,openly_discriminating,antisemitism,-,['-']
inbred,,openly_discriminating,racism,-,['-']
incognegro,,openly_discriminating,racism,-,['-']
indian-giver,,openly_discriminating,racism,-,['-']
indiangiver,,openly_discriminating,racism,-,['-']
injun,,openly_discriminating,racism,-,['-']
jap,,openly_discriminating,racism,-,['-']
japo,,openly_discriminating,racism,-,['-']
jewbie,,openly_discriminating,antisemitism,-,['-']
jewgaboo,,openly_discriminating,antisemitism,-,['-']
kike,,openly_discriminating,antisemitism,-,['-']
kitty-puncher,,openly_discriminating,homophobia,-,['-']
kittypuncher,,openly_discriminating,homophobia,-,['-']
knife-nose,,openly_discriminating,antisemitism,-,['-']
knifenose,,openly_discriminating,antisemitism,-,['-']
leb,,openly_discriminating,homophobia,-,['-']
lebo,,openly_discriminating,xenophobia,-,['-']
les,,openly_discriminating,homophobia,-,['-']
lesbo,,openly_discriminating,homophobia,-,['-']
leso,,openly_discriminating,homophobia,-,['-']
lezzie,,openly_discriminating,homophobia,-,['-']
libtard,,openly_discriminating,ableism,-,['-']
limp-wristed,,openly_discriminating,homophobia,-,['-']
limpwristed,,openly_discriminating,homophobia,-,['-']
muzzie,,openly_discriminating,antimuslim,-,['-']
nigger,21-12-21,openly_discriminating,racism,-,['-']
nip,,openly_discriminating,xenophobia,-,['-']
ogay,,openly_discriminating,homophobia,-,['-']
oklahomo,,openly_discriminating,homophobia,-,['-']
oreo,,openly_discriminating,racism,-,['-']
pak,,openly_discriminating,xenophobia,-,['-']
paki,,openly_discriminating,xenophobia,-,['-']
pakki,,openly_discriminating,xenophobia,-,['-']
peterpuffer,,openly_discriminating,homophobia,-,['-']
poofter,,openly_discriminating,homophobia,-,['-']
pussy-puncher,,openly_discriminating,homophobia,-,['-']
pussypuncher,,openly_discriminating,homophobia,-,['-']
queen,,openly_discriminating,homophobia,-,['-']
redskin,,openly_discriminating,racism,-,['-']
shegetz,,openly_discriminating,xenophobia,-,['-']
shemale,,openly_discriminating,transphobia,-,['-']
shiksa,,openly_discriminating,xenophobia,-,['-']
shrew,,openly_discriminating,sexism,-,['-']
shylock,,openly_discriminating,antisemitism,-,['-']
sissy,,openly_discriminating,homophobia,-,['-']
slant-eye,,openly_discriminating,racism,-,['-']
slanteye,,openly_discriminating,racism,-,['-']
slut,,openly_discriminating,sexism,-,['-']
sod,,openly_discriminating,homophobia,-,['-']
spic,,openly_discriminating,xenophobia,-,['-']
spick,,openly_discriminating,xenophobia,-,['-']
spig,,openly_discriminating,xenophobia,-,['-']
spik,,openly_discriminating,xenophobia,-,['-']
squaw,,openly_discriminating,racism,-,['-']
supercrip,1,openly_discriminating,ableism,-,['-']
switch-hitter,,openly_discriminating,homophobia,-,['-']
switchhitter,,openly_discriminating,homophobia,-,['-']
taco-head,,openly_discriminating,xenophobia,-,['-']
tacohead,,openly_discriminating,xenophobia,-,['-']
thicklips,,openly_discriminating,racism,-,['-']
tranny,,openly_discriminating,transphobia,-,['-']
transbian,,openly_discriminating,transphobia,-,['-']
twat,,openly_discriminating,sexism,-,['-']
twink,,openly_discriminating,homophobia,-,['-']
twinkie,,openly_discriminating,racism,-,['-']
virago,,openly_discriminating,sexism,-,['-']
wacko,1,openly_discriminating,ableism,-,['-']
wetback,,openly_discriminating,xenophobia,-,['-']
whitey,,openly_discriminating,racism,-,['-']
whore,,openly_discriminating,sexism,-,['-']
woofter,,openly_discriminating,homophobia,-,['-']
woolly,,openly_discriminating,homophobia,-,['-']
yank,,openly_discriminating,xenophobia,-,['-']
yankee,,openly_discriminating,xenophobia,-,['-']
yid,,openly_discriminating,antisemitism,-,['-']
