Lemma,Word_Type,Priority,Category,Primary_subcategory,Secondary_subcategory,Sg_all_split,Pl_all_split,Alt_split
Angriff,s,,unconscious_bias,agentic,competitive,"['Aufforderung', 'Hinterfragen', 'Infragestellen', 'Austesten', 'Ermahnung', 'Diskriminierung', 'Verletzung', 'Kränkung', 'Prüfen auf auf Glaubwürdigkeit (Intention, Gründe)']",[''],"['Aufforderung', 'Hinterfragen', 'Infragestellen', 'Austesten', 'Ermahnung', 'Diskriminierung', 'Verletzung', 'Kränkung', 'Prüfen auf auf Glaubwürdigkeit (Intention, Gründe)']"
Ausdauer,s,,unconscious_bias,agentic,competitive,"['Ruhe', 'Geduld', 'Besonnenheit', 'einen langen Atem haben', 'Fähigkeit, an Dingen dranzubleiben,', 'langfristiges Planen/Denken']",[''],"['Ruhe', 'Geduld', 'Besonnenheit', 'einen langen Atem haben', 'Fähigkeit, an Dingen dranzubleiben,', 'langfristiges Planen/Denken']"
Auseinandersetzung,s,,unconscious_bias,agentic,hard-hearted,"['Meinungsaustausch', 'Gedankenaustausch', 'Diskussion', 'Austausch', 'Austausch als Lernchance ']",[''],"['Meinungsaustausch', 'Gedankenaustausch', 'Diskussion', 'Austausch', 'Austausch als Lernchance ']"
Autonomität,s,,unconscious_bias,agentic,competitive,"['Verantwortungsbereitschaft', 'Einsatz der eigenen Kompetenz', 'Fokus auf eigene Aufgaben']",[''],"['Verantwortungsbereitschaft', 'Einsatz der eigenen Kompetenz', 'Fokus auf eigene Aufgaben']"
Autorität,s,,unconscious_bias,agentic,rough,"['Kompetenz', 'Erfahrung', 'Entscheidungsbefugnis', 'Verantwortung', 'Sachkenntnis', 'Person, die Verantwortung trägt', 'Person, die als Vorbild wirkt', 'jemand mit Überblick', 'jemand, dessen Meinung (Wort) du vertraust', 'jemand, der einen Vertrauensvorschuss genießt']",[''],"['Kompetenz', 'Erfahrung', 'Entscheidungsbefugnis', 'Verantwortung', 'Sachkenntnis', 'Person, die Verantwortung trägt', 'Person, die als Vorbild wirkt', 'jemand mit Überblick', 'jemand, dessen Meinung (Wort) du vertraust', 'jemand, der einen Vertrauensvorschuss genießt']"
Beharrlichkeit,s,,unconscious_bias,agentic,competitive,"['Ruhe und Besonnenheit', 'Geduld', 'Umsetzungsfreude', 'Fokus']",[''],"['Ruhe und Besonnenheit', 'Geduld', 'Umsetzungsfreude', 'Fokus']"
Bestimmtheit,s,,unconscious_bias,agentic,hard-hearted,"['Klarheit', 'Offenheit', 'Nachdruck']",[''],"['Klarheit', 'Offenheit', 'Nachdruck']"
Dienstleistungsorientierung,s,,unconscious_bias,agentic,cultural,"['Serviceorientierung', 'Einfühlsamkeit im Umgang mit Kundschaft', 'Motivation, Kundschaft zu deren Zufriedenheit zu betreuen', 'Engagement im Erfüllen der Erwartungen der Kundschaft']",[''],"['Serviceorientierung', 'Einfühlsamkeit im Umgang mit Kundschaft', 'Motivation, Kundschaft zu deren Zufriedenheit zu betreuen', 'Engagement im Erfüllen der Erwartungen der Kundschaft']"
Direktheit,s,,unconscious_bias,agentic,rough,"['Offenherzigkeit', 'Offenheit', 'Geradlinigkeit', 'Aufrichtigkeit', 'von Mensch zu Mensch', 'nicht hinterm Berg halten', 'das Herz auf der Zunge tragen', 'offene Worte schätzen', 'Offenheit im Äußern von Besorgnis']",[''],"['Offenherzigkeit', 'Offenheit', 'Geradlinigkeit', 'Aufrichtigkeit', 'von Mensch zu Mensch', 'nicht hinterm Berg halten', 'das Herz auf der Zunge tragen', 'offene Worte schätzen', 'Offenheit im Äußern von Besorgnis']"
Drive,s,,unconscious_bias,agentic,hard-hearted,"['Engagement', 'Freude an der Sache', 'Begeisterung']",[''],"['Engagement', 'Freude an der Sache', 'Begeisterung']"
Druck,s,,unconscious_bias,agentic,competitive,"['Erwartungen', 'Meilensteine im Blick', 'Erkennen von Prioritäten', 'kommunizierte Erwartungen']",['Erwartungen'],"['Meilensteine im Blick', 'Erkennen von Prioritäten', 'kommunizierte Erwartungen', 'Erwartungen']"
Druck aufsetzen,s+v,,unconscious_bias,agentic,competitive,"['Umsetzung begleiten', 'in der Umsetzung unterstützen', 'auf gemeinsame Meilensteine einstimmen']",[''],"['Umsetzung begleiten', 'in der Umsetzung unterstützen', 'auf gemeinsame Meilensteine einstimmen']"
Druck aushalten,s+v,,unconscious_bias,agentic,competitive,"['Ruhe bewahren', 'in Ruhe Arbeiten abschliessen', 'besonnen bleiben', 'resilient sein']",[''],"['Ruhe bewahren', 'in Ruhe Arbeiten abschliessen', 'besonnen bleiben', 'resilient sein']"
Druck ausüben,s+v,,unconscious_bias,agentic,competitive,"['Umsetzung begleiten', 'in der Umsetzung unterstützen', 'auf gemeinsame Meilensteine einstimmen', 'Erwartungen kommunizieren']",[''],"['Umsetzung begleiten', 'in der Umsetzung unterstützen', 'auf gemeinsame Meilensteine einstimmen', 'Erwartungen kommunizieren']"
Durchhaltevermögen,s,,unconscious_bias,agentic,competitive,"['einen langen Atem haben', 'Fähigkeit, an Dingen dranzubleiben']",[''],"['einen langen Atem haben', 'Fähigkeit, an Dingen dranzubleiben']"
Durchhaltewillen,s,,unconscious_bias,agentic,competitive,"['langen Atem haben', 'Fähigkeit, an Dingen dranzubleiben']",[''],"['langen Atem haben', 'Fähigkeit, an Dingen dranzubleiben']"
Durchsetzungsfähigkeit,s,,unconscious_bias,agentic,hard-hearted,"['Umsetzungsfreude', 'Fokus', 'Effizienz', 'Regsamkeit', 'Freude am Vertreten des eigenen Standpunkts', 'Fähigkeit, wirkungsvoll zu kommunizieren', 'Bereitschaft, (...) zu vertreten', 'Fähigkeit, andere für (gemeinsame Ziele, Ideen, Pläne) einzunehmen', 'Energie und Kompetenz, Stakeholder mitzureißen']",[''],"['Umsetzungsfreude', 'Fokus', 'Effizienz', 'Regsamkeit', 'Freude am Vertreten des eigenen Standpunkts', 'Fähigkeit, wirkungsvoll zu kommunizieren', 'Bereitschaft, (...) zu vertreten', 'Fähigkeit, andere für (gemeinsame Ziele, Ideen, Pläne) einzunehmen', 'Energie und Kompetenz, Stakeholder mitzureißen']"
Durchsetzungskraft,s,,unconscious_bias,agentic,hard-hearted,"['Umsetzungsfreude', 'Fokus', 'Effizienz', 'Regsamkeit', 'Freude am Vertreten des eigenen Standpunkts', 'Fähigkeit, wirkungsvoll zu kommunizieren', 'Bereitschaft, (...) zu vertreten', 'Fähigkeit, andere für (gemeinsame Ziele, Ideen, Pläne) einzunehmen', 'Energie und Kompetenz, Stakeholder mitzureißen']",[''],"['Umsetzungsfreude', 'Fokus', 'Effizienz', 'Regsamkeit', 'Freude am Vertreten des eigenen Standpunkts', 'Fähigkeit, wirkungsvoll zu kommunizieren', 'Bereitschaft, (...) zu vertreten', 'Fähigkeit, andere für (gemeinsame Ziele, Ideen, Pläne) einzunehmen', 'Energie und Kompetenz, Stakeholder mitzureißen']"
Durchsetzungsstärke,s,,unconscious_bias,agentic,hard-hearted,"['Umsetzungsfreude', 'Fokus', 'Effizienz', 'Regsamkeit', 'Freude am Vertreten des eigenen Standpunkts', 'Fähigkeit, wirkungsvoll zu kommunizieren', 'Bereitschaft, (...) zu vertreten', 'Fähigkeit, andere für (gemeinsame Ziele, Ideen, Pläne) einzunehmen', 'Energie und Kompetenz, Stakeholder mitzureißen']",[''],"['Umsetzungsfreude', 'Fokus', 'Effizienz', 'Regsamkeit', 'Freude am Vertreten des eigenen Standpunkts', 'Fähigkeit, wirkungsvoll zu kommunizieren', 'Bereitschaft, (...) zu vertreten', 'Fähigkeit, andere für (gemeinsame Ziele, Ideen, Pläne) einzunehmen', 'Energie und Kompetenz, Stakeholder mitzureißen']"
Durchsetzungsvermögen,s,,unconscious_bias,agentic,hard-hearted,"['Umsetzungsfreude', 'Fokus', 'Effizienz', 'Regsamkeit', 'Freude am Vertreten des eigenen Standpunkts', 'Fähigkeit, wirkungsvoll zu kommunizieren', 'Bereitschaft, (...) zu vertreten', 'Fähigkeit, andere für (gemeinsame Ziele, Ideen, Pläne) einzunehmen', 'Energie und Kompetenz, Stakeholder mitzureißen']",[''],"['Umsetzungsfreude', 'Fokus', 'Effizienz', 'Regsamkeit', 'Freude am Vertreten des eigenen Standpunkts', 'Fähigkeit, wirkungsvoll zu kommunizieren', 'Bereitschaft, (...) zu vertreten', 'Fähigkeit, andere für (gemeinsame Ziele, Ideen, Pläne) einzunehmen', 'Energie und Kompetenz, Stakeholder mitzureißen']"
Ehrgeiz,s,,unconscious_bias,agentic,competitive,"['Fleiß', 'Eifer', 'Strebsamkeit', 'Engagement', 'Entwicklungsmotivation', 'unternehmerische Haltung', 'Freude an mehr Verantwortung', 'Freude am Setzen und Verwirklichen von Zielen', 'Interesse an persönlichem Wachstum', 'Engagement für (gemeinsame/gesetzte) Ziele/Meilensteine', 'Freude am Weiterkommen']",[''],"['Fleiß', 'Eifer', 'Strebsamkeit', 'Engagement', 'Entwicklungsmotivation', 'unternehmerische Haltung', 'Freude an mehr Verantwortung', 'Freude am Setzen und Verwirklichen von Zielen', 'Interesse an persönlichem Wachstum', 'Engagement für (gemeinsame/gesetzte) Ziele/Meilensteine', 'Freude am Weiterkommen']"
Eigenständigkeit,s,,unconscious_bias,agentic,cultural,"['Fokussierung auf Aufgaben', 'Freude an Verantwortung', 'Bereitschaft, Kompetenz einsetzen']",[''],"['Fokussierung auf Aufgaben', 'Freude an Verantwortung', 'Bereitschaft, Kompetenz einsetzen']"
Eigenverantwortung,s,,unconscious_bias,agentic,cultural,"['Freude an Verantwortung', 'Gewissenhaftigkeit', 'Pflichtbewusstsein', 'Zuverlässigkeit', 'Bereitschaft, das Nötige zu tun', 'unternehmerisches Denken']",[''],"['Freude an Verantwortung', 'Gewissenhaftigkeit', 'Pflichtbewusstsein', 'Zuverlässigkeit', 'Bereitschaft, das Nötige zu tun', 'unternehmerisches Denken']"
Einsatzbereitschaft,s,,unconscious_bias,agentic,rough,"['Engagement', 'Begeisterung', 'Umsetzungsfreude']",[''],"['Engagement', 'Begeisterung', 'Umsetzungsfreude']"
Einsatzwille,s,,unconscious_bias,agentic,rough,"['Engagement', 'Begeisterung', 'Umsetzungsfreude']",[''],"['Engagement', 'Begeisterung', 'Umsetzungsfreude']"
Entscheidung,s,,unconscious_bias,agentic,rough,"['Konsens', 'Beschluss', 'Einigung', 'Einschätzung', 'Absicht', 'Vorhaben', 'Vereinbarung', 'Übereinkunft', 'Übereinkommen']",[''],"['Konsens', 'Beschluss', 'Einigung', 'Einschätzung', 'Absicht', 'Vorhaben', 'Vereinbarung', 'Übereinkunft', 'Übereinkommen']"
Entschiedenheit,s,,unconscious_bias,agentic,rough,"['Deutlichkeit', 'Klarheit', 'Engagement']",[''],"['Deutlichkeit', 'Klarheit', 'Engagement']"
Entschlossenheit,s,,unconscious_bias,agentic,rough,"['Umsetzungsfreude', 'Herzhaftigkeit', 'Pragmatismus', 'Unkompliziertheit']",[''],"['Umsetzungsfreude', 'Herzhaftigkeit', 'Pragmatismus', 'Unkompliziertheit']"
Entschlussfreudigkeit,s,,unconscious_bias,agentic,rough,"['Umsetzungsfreude', 'Pragmatismus', 'Beweglichkeit', 'Unkompliziertheit']",[''],"['Umsetzungsfreude', 'Pragmatismus', 'Beweglichkeit', 'Unkompliziertheit']"
Entschlusskraft,s,,unconscious_bias,agentic,rough,"['Umsetzungsfreude', 'Pragmatismus', 'Beweglichkeit', 'Unkompliziertheit']",[''],"['Umsetzungsfreude', 'Pragmatismus', 'Beweglichkeit', 'Unkompliziertheit']"
Erfolgshunger,s,,unconscious_bias,agentic,competitive,"['Engagement', 'Begeisterung', 'Umsetzungsfreude', 'Motivation, auf Meilensteine zu erarbeiten', 'Wunsch, die Visionen zu realisieren']",[''],"['Engagement', 'Begeisterung', 'Umsetzungsfreude', 'Motivation, auf Meilensteine zu erarbeiten', 'Wunsch, die Visionen zu realisieren']"
Eroberung,s,,unconscious_bias,agentic,competitive,"['Entdeckung', 'Erwerb neuer Kenntnisse', 'inspiriert durch das Unbekannte']",[''],"['Entdeckung', 'Erwerb neuer Kenntnisse', 'inspiriert durch das Unbekannte']"
Extrameile,s,,unconscious_bias,agentic,competitive,['Engagement'],[''],['Engagement']
Feindseligkeit,s,,unconscious_bias,agentic,competitive,"['Engagement', 'Bereitschaft, für (...) zu argumentieren', 'Begeisterung, für (...) einzutreten']",[''],"['Engagement', 'Bereitschaft, für (...) zu argumentieren', 'Begeisterung, für (...) einzutreten']"
Freimütigkeit,s,,unconscious_bias,agentic,rough,"['Offenherzigkeit', 'Engagement', 'Geradlinigkeit', 'zur eigenen Meinung stehen', 'seine Arbeit vertreten']",[''],"['Offenherzigkeit', 'Engagement', 'Geradlinigkeit', 'zur eigenen Meinung stehen', 'seine Arbeit vertreten']"
Führung,s,,unconscious_bias,agentic,hard-hearted,"['Leitung', 'Lenkung', 'Management', 'Team-Anleitung', 'Team-Lenkung', 'Team-Verantwortung', 'Person, die die Vision kommuniziert', 'Person, die sich um das Team kümmert', 'jemand, der das Team unterstützt und coacht', 'Mensch, der mit Rat und Tat zur Seite steht']",[''],"['Leitung', 'Lenkung', 'Management', 'Team-Anleitung', 'Team-Lenkung', 'Team-Verantwortung', 'Person, die die Vision kommuniziert', 'Person, die sich um das Team kümmert', 'jemand, der das Team unterstützt und coacht', 'Mensch, der mit Rat und Tat zur Seite steht']"
Gewalt,s,,unconscious_bias,agentic,hard-hearted,"['Aufsicht', 'Verantwortung', 'Schaffenskraft', 'Entscheidungsbefugnis', 'Gewicht', 'Einfluss', 'Stellung', 'Anerkennung', 'Geltung', 'Ansehen', 'Reichweite', 'Antrieb', 'Anstrengung', 'Zuverlässigkeit', 'Konsistenz', 'Beständigkeit', 'Dynamik', 'Schwung', 'Intensität']",[''],"['Aufsicht', 'Verantwortung', 'Schaffenskraft', 'Entscheidungsbefugnis', 'Gewicht', 'Einfluss', 'Stellung', 'Anerkennung', 'Geltung', 'Ansehen', 'Reichweite', 'Antrieb', 'Anstrengung', 'Zuverlässigkeit', 'Konsistenz', 'Beständigkeit', 'Dynamik', 'Schwung', 'Intensität']"
Grundsatz,s,,unconscious_bias,agentic,rough,"['Regel', 'Reglement', 'Leitlinie', 'Richtschnur', 'Leitidee', 'Erkenntnis', 'Theorem', 'Satzung', 'Norm', 'Anweisung', 'Lehre', 'Devise', 'Wahlspruch', 'Motto', 'Brauch', 'Muster', 'Slogan', 'Ordnung', 'Gesetzmässigkeit']",[''],"['Regel', 'Reglement', 'Leitlinie', 'Richtschnur', 'Leitidee', 'Erkenntnis', 'Theorem', 'Satzung', 'Norm', 'Anweisung', 'Lehre', 'Devise', 'Wahlspruch', 'Motto', 'Brauch', 'Muster', 'Slogan', 'Ordnung', 'Gesetzmässigkeit']"
Grundsätze,s,,unconscious_bias,agentic,rough,"['Regeln', 'Leitlinien', 'Satzungen', 'Anweisungen', 'Lehre', 'Wahlsprüche', 'Mottos', 'Bräuche', 'Muster', 'Werte', 'Normen']",[''],"['Regeln', 'Leitlinien', 'Satzungen', 'Anweisungen', 'Lehre', 'Wahlsprüche', 'Mottos', 'Bräuche', 'Muster', 'Werte', 'Normen']"
Haben wir keine anderen Probleme?,i,26-01-2022,unconscious_bias,agentic,,"['Was spricht dafür, sich damit zu befassen?', 'Warum hat dieses Thema für uns Priorität?']",[''],"['Was spricht dafür, sich damit zu befassen?', 'Warum hat dieses Thema für uns Priorität?']"
Hartnäckigkeit,s,,unconscious_bias,agentic,competitive,"['Nachhaltigkeit', 'Stetigkeit', 'Fokussiertheit', 'Geduld', 'Gelassenheit', 'Resilienz', 'Beständigkeit']",[''],"['Nachhaltigkeit', 'Stetigkeit', 'Fokussiertheit', 'Geduld', 'Gelassenheit', 'Resilienz', 'Beständigkeit']"
Herausforderung,s,,unconscious_bias,agentic,competitive,"['wichtiger Meilenstein', 'komplexe Frage', 'Unwägbarkeit', 'Ziel, das man mit vereinten Kräften erreichen kann', 'Meilenstein, der mit Initiative und Engagement gemeinsam zu erreichen ist']",[''],"['wichtiger Meilenstein', 'komplexe Frage', 'Unwägbarkeit', 'Ziel, das man mit vereinten Kräften erreichen kann', 'Meilenstein, der mit Initiative und Engagement gemeinsam zu erreichen ist']"
Hunger,s,,unconscious_bias,agentic,competitive,"['Interesse', 'Begeisterung', 'Motivation', 'Fleiß', 'Freude am Erwirken von Meilensteinen', 'Wunsch, Visionen zu realisieren']",[''],"['Interesse', 'Begeisterung', 'Motivation', 'Fleiß', 'Freude am Erwirken von Meilensteinen', 'Wunsch, Visionen zu realisieren']"
Härte,s,,unconscious_bias,agentic,hard-hearted,"['Unbeirrbarkeit', 'Resilienz', 'Komplexität', 'Fokussiertheit', 'Geradlinigkeit', 'Fokussierung auf ein Ziel', 'Fähigkeit, sich nicht vom Weg abbringen zu lassen']",[''],"['Unbeirrbarkeit', 'Resilienz', 'Komplexität', 'Fokussiertheit', 'Geradlinigkeit', 'Fokussierung auf ein Ziel', 'Fähigkeit, sich nicht vom Weg abbringen zu lassen']"
Intellekt,s,,unconscious_bias,agentic,corporate,"['Denkvermögen', 'Wissen', 'Erfahrung', 'Geisteskraft Beobachtungsgabe', 'Weitblick', 'Scharfblick', 'Durchblick', 'Gespür', 'Spürsinn', 'Fassungsvermögen', 'Erkenntnisfähigkeit', 'Einsicht', 'Urteilskraft', 'Vernunft', 'Verstand', 'Denkkraft']",[''],"['Denkvermögen', 'Wissen', 'Erfahrung', 'Geisteskraft Beobachtungsgabe', 'Weitblick', 'Scharfblick', 'Durchblick', 'Gespür', 'Spürsinn', 'Fassungsvermögen', 'Erkenntnisfähigkeit', 'Einsicht', 'Urteilskraft', 'Vernunft', 'Verstand', 'Denkkraft']"
Jagd,s,,unconscious_bias,agentic,competitive,"['Suche', 'Eile', 'Spiel', 'Revier', 'Bemühung, (Meilensteine, Ziele) zu erreichen', 'Serie von Widrigkeiten', 'komplexe Situation']",[''],"['Suche', 'Eile', 'Spiel', 'Revier', 'Bemühung, (Meilensteine, Ziele) zu erreichen', 'Serie von Widrigkeiten', 'komplexe Situation']"
Kampf,s,,unconscious_bias,agentic,competitive,"['Einsatz', 'Engagement', 'Teilnahme', 'Treffen', 'Bestreben', 'Vorhaben', 'Streben', 'Zweck', 'Plan', 'Anstrengung', 'Tatkraft', 'Spannungszustand', 'Verteidigung', 'Schutz']",[''],"['Einsatz', 'Engagement', 'Teilnahme', 'Treffen', 'Bestreben', 'Vorhaben', 'Streben', 'Zweck', 'Plan', 'Anstrengung', 'Tatkraft', 'Spannungszustand', 'Verteidigung', 'Schutz']"
Konkurrent,s,26-01-2022,unconscious_bias,agentic,,"['Konkurrenz', 'Wettbewerbsteilnehmende', 'Marktteilnehmende']","['Wettbewerbsteilnehmende', 'Marktteilnehmende', 'Konkurrent~innen~ und ~Konkurrenten', 'Konkurrenz']","['Konkurrenz', 'Konkurrent~in~/~Konkurrent', 'Wettbewerbsteilnehmende', 'Marktteilnehmende', 'Konkurrent~innen~ und ~Konkurrenten']"
Konkurrenz,s,,unconscious_bias,agentic,competitive,"['Wettbewerbsteilnehmende', 'Marktteilnehmende', 'jemand, der ebenfalls auf gesetzte Ziele hinarbeitet']",[''],"['Wettbewerbsteilnehmende', 'Marktteilnehmende', 'jemand, der ebenfalls auf gesetzte Ziele hinarbeitet']"
Konkurrenzdruck,s,,unconscious_bias,agentic,competitive,"['Marktmechanismen', 'Inspiration/Motivation durch andere, die ebenfalls auf gesetzte Ziele hinarbeiten']",['Marktmechanismen'],"['Inspiration/Motivation durch andere, die ebenfalls auf gesetzte Ziele hinarbeiten', 'Marktmechanismen']"
Kraft,s,,unconscious_bias,agentic,hard-hearted,"['Energie', 'Vitalität', 'Können', 'Enthusiasmus', 'Initiative', 'Tatkraft', 'Resilienz', 'Talent', 'Wissen', 'Erfahrung', 'Kenntnis', 'Kompetenz', 'Stabilität', 'Beständigkeit', 'Schwung', 'Engagement']",[''],"['Energie', 'Vitalität', 'Können', 'Enthusiasmus', 'Initiative', 'Tatkraft', 'Resilienz', 'Talent', 'Wissen', 'Erfahrung', 'Kenntnis', 'Kompetenz', 'Stabilität', 'Beständigkeit', 'Schwung', 'Engagement']"
Leistungsbereitschaft,s,,unconscious_bias,agentic,competitive,"['Tatkraft', 'Engagement', 'Fleiß', 'Strebsamkeit', 'Enthusiasmus in der Umsetzung']",[''],"['Tatkraft', 'Engagement', 'Fleiß', 'Strebsamkeit', 'Enthusiasmus in der Umsetzung']"
Logik,s,,unconscious_bias,agentic,corporate,"['Schlüssigkeit', 'Richtigkeit', 'geistige Reife', 'Angemessenheit', 'Folgerichtigkeit', 'Prozesstreue', 'Zusammenhang', 'Konzept']",[''],"['Schlüssigkeit', 'Richtigkeit', 'geistige Reife', 'Angemessenheit', 'Folgerichtigkeit', 'Prozesstreue', 'Zusammenhang', 'Konzept']"
Macht,s,,unconscious_bias,agentic,competitive,"['Energie', 'Anleitung', 'Können', 'Ansehen', 'Initiative', 'Tatkraft', 'Resilienz', 'Kontrolle', 'Stellung', 'Kompetenz', 'Befugnis', 'Position', 'Einfluss', 'Mittel', 'Schwung', 'Engagement', 'Disziplin', 'Geduld', 'Bedacht', 'Bevollmächtigung']",[''],"['Energie', 'Anleitung', 'Können', 'Ansehen', 'Initiative', 'Tatkraft', 'Resilienz', 'Kontrolle', 'Stellung', 'Kompetenz', 'Befugnis', 'Position', 'Einfluss', 'Mittel', 'Schwung', 'Engagement', 'Disziplin', 'Geduld', 'Bedacht', 'Bevollmächtigung']"
Mitkonkurrent,s,26-01-2022,unconscious_bias,agentic,,"['Konkurrenz', 'Wettbewerbsteilnehmende', 'Marktteilnehmende']","['Wettbewerbsteilnehmende', 'Marktteilnehmende', 'Mitkonkurrent~innen~ und ~Mitkonkurrenten', 'Konkurrenz']","['Konkurrenz', 'Mitkonkurrent~in~/~Mitkonkurrent', 'Wettbewerbsteilnehmende', 'Marktteilnehmende', 'Mitkonkurrent~innen~ und ~Mitkonkurrenten']"
Muss das sein?,i,26-01-2022,unconscious_bias,agentic,,"['Was spricht dafür?', 'Hilft uns das beim Erreichen unserer Meilensteine?', 'Wie hilft uns das bei der Umsetzung?']",[''],"['Was spricht dafür?', 'Hilft uns das beim Erreichen unserer Meilensteine?', 'Wie hilft uns das bei der Umsetzung?']"
Mut,s,,unconscious_bias,agentic,rough,"['Spaß an Neuem', 'Experimentierfreude', 'Optimismus', 'Offenheit für neue Entdeckungen', 'Spaß am Ausprobieren', 'Vertrauen in die persönlichen Kompetenzen']",[''],"['Spaß an Neuem', 'Experimentierfreude', 'Optimismus', 'Offenheit für neue Entdeckungen', 'Spaß am Ausprobieren', 'Vertrauen in die persönlichen Kompetenzen']"
Mutprobe,s,,unconscious_bias,agentic,rough,"['Experiment', 'Sicherheitstest', 'Versuch', 'Test', 'Abenteuer', 'Prüfung', 'Testlauf', 'Unterfangen']",[''],"['Experiment', 'Sicherheitstest', 'Versuch', 'Test', 'Abenteuer', 'Prüfung', 'Testlauf', 'Unterfangen']"
Powerfrau,s,18-01-2022,unconscious_bias,agentic,,"['Energiebündel', 'Tatmensch', 'Multitalent', 'vielseitig begabter Mensch', 'Vorbild', 'Person, die inspiriert', 'jemand mit Freude an Verantwortung', 'Person, die mit Rat und Tat zur Seite steht']","['Lebenskünstler~innen~ und ~Lebenskünstler', 'Allrounder~innen~ und ~Allrounder']","['Energiebündel', 'Tatmensch', 'Multitalent', 'Lebenskünstler~in~/~Lebenskünstler', 'Allrounder~in~/~Allrounder', 'vielseitig begabter Mensch', 'Vorbild', 'Person, die inspiriert', 'jemand mit Freude an Verantwortung', 'Person, die mit Rat und Tat zur Seite steht', 'Lebenskünstler~innen~ und ~Lebenskünstler', 'Allrounder~innen~ und ~Allrounder']"
Prinzip,s,,unconscious_bias,agentic,rough,"['Ethik', 'Methode', 'Wert', 'Richtlinie', 'Regel', 'Reglement', 'Leitlinie', 'Richtschnur', 'Leitidee', 'Erkenntnis', 'Theorem', 'Satzung', 'Norm', 'Anweisung', 'Lehre', 'Devise', 'Wahlspruch', 'Motto', 'Brauch', 'Muster', 'Slogan', 'Ordnung', 'Gesetzmässigkeit']",[''],"['Ethik', 'Methode', 'Wert', 'Richtlinie', 'Regel', 'Reglement', 'Leitlinie', 'Richtschnur', 'Leitidee', 'Erkenntnis', 'Theorem', 'Satzung', 'Norm', 'Anweisung', 'Lehre', 'Devise', 'Wahlspruch', 'Motto', 'Brauch', 'Muster', 'Slogan', 'Ordnung', 'Gesetzmässigkeit']"
Problem,s,,unconscious_bias,agentic,competitive,"['Kernfrage', 'komplexe Aufgabe', 'schwere Frage', 'schwieriges Thema', 'komplexe Materie', 'Fragestellung', 'Schwachpunkt', 'Beeinträchtigung', 'Erschwernis', 'Haken', 'Schwierigkeit', 'Hindernis', 'Engpass', 'Komplikation', 'Fehler', 'Bürde', 'Hürde', 'Fallstrick', 'missliche Lage', 'Unsicherheit']",[''],"['Kernfrage', 'komplexe Aufgabe', 'schwere Frage', 'schwieriges Thema', 'komplexe Materie', 'Fragestellung', 'Schwachpunkt', 'Beeinträchtigung', 'Erschwernis', 'Haken', 'Schwierigkeit', 'Hindernis', 'Engpass', 'Komplikation', 'Fehler', 'Bürde', 'Hürde', 'Fallstrick', 'missliche Lage', 'Unsicherheit']"
Risiko,s,,unconscious_bias,agentic,rough,"['Neues', 'Option', 'Experiment', 'Unterfangen', 'Vorhaben', 'Versuch']",[''],"['Neues', 'Option', 'Experiment', 'Unterfangen', 'Vorhaben', 'Versuch']"
Rücksichtslosigkeit,s,26-01-2022,unconscious_bias,agentic,,"['Fokus auf die eigenen Aufgaben', 'Fähigkeit, Reibung zu bewältigen', 'Engagement, sich vom Weg nicht abbringen zu lassen,', 'Festhalten an den eigenen Wertigkeiten']",[''],"['Fokus auf die eigenen Aufgaben', 'Fähigkeit, Reibung zu bewältigen', 'Engagement, sich vom Weg nicht abbringen zu lassen,', 'Festhalten an den eigenen Wertigkeiten']"
Selbstbedienungsmentalität,s,26-01-2022,unconscious_bias,agentic,,"['Vorteilsnahme', 'persönliche Bereicherung', 'Ausschöpfen der rechtlich verfügbaren Möglichkeiten', 'Wahrnehmen der eigenen Rechte']",[''],"['Vorteilsnahme', 'persönliche Bereicherung', 'Ausschöpfen der rechtlich verfügbaren Möglichkeiten', 'Wahrnehmen der eigenen Rechte']"
Selbstbehauptung,s,,unconscious_bias,agentic,competitive,"['Umsetzungsfreude', 'Vertreten der eigenen Meinung/Arbeit', 'Vertrauen in die eigene Kompetenz']",[''],"['Umsetzungsfreude', 'Vertreten der eigenen Meinung/Arbeit', 'Vertrauen in die eigene Kompetenz']"
Selbstbewusstsein,s,,unconscious_bias,agentic,competitive,"['Gelassenheit', 'Entspanntheit', 'Vertrauen in eigene Kompetenz', 'Vertreten der Meinung/Arbeit']",[''],"['Gelassenheit', 'Entspanntheit', 'Vertrauen in eigene Kompetenz', 'Vertreten der Meinung/Arbeit']"
Selbstständigkeit,s,,unconscious_bias,agentic,competitive,"['Umsetzungsfreude', 'Bereitschaft, auf die Kompetenz zu vertrauen', 'Fokus auf Aufgaben', 'Freude an Verantwortung', 'Spaß am Ergreifen der Initiative']",[''],"['Umsetzungsfreude', 'Bereitschaft, auf die Kompetenz zu vertrauen', 'Fokus auf Aufgaben', 'Freude an Verantwortung', 'Spaß am Ergreifen der Initiative']"
Selbstvertrauen,s,,unconscious_bias,agentic,competitive,"['Umsetzungsfreude', 'Bereitschaft, auf die Kompetenz zu vertrauen', 'Fokus auf Aufgaben', 'Freude an Verantwortung', 'Spaß am Ergreifen der Initiative']",[''],"['Umsetzungsfreude', 'Bereitschaft, auf die Kompetenz zu vertrauen', 'Fokus auf Aufgaben', 'Freude an Verantwortung', 'Spaß am Ergreifen der Initiative']"
Selbständigkeit,s,,unconscious_bias,agentic,competitive,"['Kompetenz', 'Initiative', 'Eigenverantwortlichkeit', 'Reife', 'unternehmerische Haltung']",[''],"['Kompetenz', 'Initiative', 'Eigenverantwortlichkeit', 'Reife', 'unternehmerische Haltung']"
Sicherstellung,s,,unconscious_bias,agentic,rough,"['Gewährleistung', 'Sorge', 'Erhaltung', 'Bewahrung', 'Einhaltung', 'Umsetzung']",[''],"['Gewährleistung', 'Sorge', 'Erhaltung', 'Bewahrung', 'Einhaltung', 'Umsetzung']"
Sieg,s,,unconscious_bias,agentic,competitive,"['erarbeiteter Meilenstein', 'verwirklichte Vision', 'gemeinsam erfüllte Aufgabe', 'zusammen umgesetztes Ziel']",[''],"['erarbeiteter Meilenstein', 'verwirklichte Vision', 'gemeinsam erfüllte Aufgabe', 'zusammen umgesetztes Ziel']"
Stärke,s,,unconscious_bias,agentic,rough,"['Stabilität', 'Erfahrung', 'Energie', 'Seelenstärke', 'Motivation', 'Resilienz']",[''],"['Stabilität', 'Erfahrung', 'Energie', 'Seelenstärke', 'Motivation', 'Resilienz']"
Unabhängigkeit,s,,unconscious_bias,agentic,competitive,"['Neutralität', 'Unvoreingenommenheit', 'Vielseitigkeit', 'Kompetenz', 'Einfallsreichtum im Erarbeiten von Zielen', 'Fokus auf eigene Aufgaben/Verantwortung', 'Bereitschaft, persönliche Verantwortung zu tragen']",[''],"['Neutralität', 'Unvoreingenommenheit', 'Vielseitigkeit', 'Kompetenz', 'Einfallsreichtum im Erarbeiten von Zielen', 'Fokus auf eigene Aufgaben/Verantwortung', 'Bereitschaft, persönliche Verantwortung zu tragen']"
Urteil,s,,unconscious_bias,agentic,hard-hearted,"['Meinung', 'Haltung', 'Ansicht', 'Auffassung', 'Erkenntnis', 'Schluss', 'Verständnis', 'Dafürhalten', 'Position', 'Standpunkt', 'Sichtweise', 'Theorie', 'Anschauung', 'Ergebnis']",[''],"['Meinung', 'Haltung', 'Ansicht', 'Auffassung', 'Erkenntnis', 'Schluss', 'Verständnis', 'Dafürhalten', 'Position', 'Standpunkt', 'Sichtweise', 'Theorie', 'Anschauung', 'Ergebnis']"
Wettbewerb,s,,unconscious_bias,agentic,competitive,"['Gelegenheit, Kompetenz einzusetzen', 'Angehen derselben Meilensteine im Team', 'Engagement im Erreichen der gleichen Ziele']",[''],"['Gelegenheit, Kompetenz einzusetzen', 'Angehen derselben Meilensteine im Team', 'Engagement im Erreichen der gleichen Ziele']"
Wettkampf,s,,unconscious_bias,agentic,competitive,"['Gelegenheit, Kompetenz einzusetzen', 'Hinarbeiten auf gemeinsame Meilensteine im Team', 'Engagement für gemeinsame Ziele', 'Einsatz für selbst gesteckte Ziele', 'Motivation durch Leute, die auf dieselben Ziele hinarbeiten']",[''],"['Gelegenheit, Kompetenz einzusetzen', 'Hinarbeiten auf gemeinsame Meilensteine im Team', 'Engagement für gemeinsame Ziele', 'Einsatz für selbst gesteckte Ziele', 'Motivation durch Leute, die auf dieselben Ziele hinarbeiten']"
Wettkämpfe,s,,unconscious_bias,agentic,competitive,"['Gelegenheiten, Kompetenz einzusetzen', 'kontinuierliches Hinarbeiten auf gemeinsame Meilensteine', 'Engagements für gemeinsame Ziele', 'Gelegenheiten zum Einsatz für gesteckte Ziele', 'Momente der Motivation durch Leute, die auf dieselben Ziele hinarbeiten']",[''],"['Gelegenheiten, Kompetenz einzusetzen', 'kontinuierliches Hinarbeiten auf gemeinsame Meilensteine', 'Engagements für gemeinsame Ziele', 'Gelegenheiten zum Einsatz für gesteckte Ziele', 'Momente der Motivation durch Leute, die auf dieselben Ziele hinarbeiten']"
ZIelstrebigkeit,s,26-01-2022,unconscious_bias,agentic,,"['Fokus auf Meilensteine', 'Motivation, auf Meilensteine hinzuarbeiten,', 'Umsetzungsfreude']",[''],"['Fokus auf Meilensteine', 'Motivation, auf Meilensteine hinzuarbeiten,', 'Umsetzungsfreude']"
Zähigkeit,s,,unconscious_bias,agentic,hard-hearted,"['Resilienz', 'Geduld', 'langer Atem']",[''],"['Resilienz', 'Geduld', 'langer Atem']"
angreifend,a,,unconscious_bias,agentic,competitive,"['hinterfragend', 'infragestellend', 'rückfragend', 'austestend', 'auf Glaubwürdigkeit (Intention, Gründe) prüfend']",[''],"['hinterfragend', 'infragestellend', 'rückfragend', 'austestend', 'auf Glaubwürdigkeit (Intention, Gründe) prüfend']"
angriffslustig,a,,unconscious_bias,agentic,competitive,"['freimütig', 'geradlinig', 'diskussionsfreudig', 'austestend', 'hinterfragend', 'verletzend', 'offen im Äußern von Besorgnis', 'interessiert, Standpunkte im Team auszuloten,', 'bereit, etablierte Meinungen (Methoden, ...) zu hinterfragen,']",[''],"['freimütig', 'geradlinig', 'diskussionsfreudig', 'austestend', 'hinterfragend', 'verletzend', 'offen im Äußern von Besorgnis', 'interessiert, Standpunkte im Team auszuloten,', 'bereit, etablierte Meinungen (Methoden, ...) zu hinterfragen,']"
anspruchsvoll,a,,unconscious_bias,agentic,rough,"['sorgfältig', 'präzise', 'genau', 'durch neue Problemstellungen motiviert', 'mit Blick für das Wesentliche', 'hinterfragt Zahlen (Fakten, Informationen), bevor sie ihnen vertraut']",[''],"['sorgfältig', 'präzise', 'genau', 'durch neue Problemstellungen motiviert', 'mit Blick für das Wesentliche', 'hinterfragt Zahlen (Fakten, Informationen), bevor sie ihnen vertraut']"
antreiben,v,,unconscious_bias,agentic,competitive,"['anleiten', 'anregen', 'motivieren', 'unterstützen', 'die Initiative (für ...) ergreifen', 'sich engagieren (für)']",[''],"['anleiten', 'anregen', 'motivieren', 'unterstützen', 'die Initiative (für ...) ergreifen', 'sich engagieren (für)']"
athletisch,a,,unconscious_bias,agentic,competitive,"['diszipliniert', 'geduldig', 'energiegeladen', 'fokussiert']",[''],"['diszipliniert', 'geduldig', 'energiegeladen', 'fokussiert']"
aufstiegsorientiert,a,,unconscious_bias,agentic,,"['eifrig', 'strebsam', 'fleißig', 'engagiert', 'entwicklungsmotiviert', 'unternehmerisch', 'bereit, größere Verantwortung zu übernehmen', 'interessiert an persönlichem Wachstum', 'engagiert im Hinarbeiten auf (gemeinsame, gesetzte) Ziele', 'mit neu gewonnenem Wissen und Erfahrung weiterkommen wollen']",[''],"['eifrig', 'strebsam', 'fleißig', 'engagiert', 'entwicklungsmotiviert', 'unternehmerisch', 'bereit, größere Verantwortung zu übernehmen', 'interessiert an persönlichem Wachstum', 'engagiert im Hinarbeiten auf (gemeinsame, gesetzte) Ziele', 'mit neu gewonnenem Wissen und Erfahrung weiterkommen wollen']"
aufstrebend,a,,unconscious_bias,agentic,rough,"['eifrig', 'strebsam', 'fleißig', 'engagiert', 'entwicklungsmotiviert', 'unternehmerisch', 'bereit, größere Verantwortung zu übernehmen', 'interessiert an persönlichem Wachstum', 'engagiert im Hinarbeiten auf (gemeinsame, gesetzte) Ziele', 'mit neu gewonnenem Wissen und Erfahrung weiterkommen wollen']",[''],"['eifrig', 'strebsam', 'fleißig', 'engagiert', 'entwicklungsmotiviert', 'unternehmerisch', 'bereit, größere Verantwortung zu übernehmen', 'interessiert an persönlichem Wachstum', 'engagiert im Hinarbeiten auf (gemeinsame, gesetzte) Ziele', 'mit neu gewonnenem Wissen und Erfahrung weiterkommen wollen']"
ausfechten,v,,unconscious_bias,agentic,competitive,"['argumentieren', 'diskutieren', 'austauschen', 'Perspektiven diskutieren', 'Gedanken austauschen', 'argumentieren und Erfahrung/Wissen einbringen']",[''],"['argumentieren', 'diskutieren', 'austauschen', 'Perspektiven diskutieren', 'Gedanken austauschen', 'argumentieren und Erfahrung/Wissen einbringen']"
ausfällig,a,,unconscious_bias,agentic,hard-hearted,"['argumentationsfreudig', 'diskussionsbereit', 'hinterfragen', 'ins Detail gehen', 'offen im Äußern von Besorgnis']",[''],"['argumentationsfreudig', 'diskussionsbereit', 'hinterfragen', 'ins Detail gehen', 'offen im Äußern von Besorgnis']"
ausschlaggebend,a,,unconscious_bias,agentic,hard-hearted,"['wesentlich', 'wichtig', 'das Zünglein an der Waage']",[''],"['wesentlich', 'wichtig', 'das Zünglein an der Waage']"
autonom,a,,unconscious_bias,agentic,competitive,"['verantwortungsbereit', 'Kompetenz einsetzend', 'auf Aufgaben fokussiert', 'bereit, Verantwortung zu tragen,']",[''],"['verantwortungsbereit', 'Kompetenz einsetzend', 'auf Aufgaben fokussiert', 'bereit, Verantwortung zu tragen,']"
autoritär,a,,unconscious_bias,agentic,rough,"['kompetent', 'erfahren', 'entscheidungsfreudig ', 'offen in Hinblick auf Erwartungen', 'bereit, Grenzen aufzuzeigen,']",[''],"['kompetent', 'erfahren', 'entscheidungsfreudig ', 'offen in Hinblick auf Erwartungen', 'bereit, Grenzen aufzuzeigen,']"
begierig,a,,unconscious_bias,agentic,competitive,"['neugierig', 'erwartungsvoll', 'gespannt', 'mitgerissen', 'leidenschaftlich', 'von persönlichen Motiven geleitet']",[''],"['neugierig', 'erwartungsvoll', 'gespannt', 'mitgerissen', 'leidenschaftlich', 'von persönlichen Motiven geleitet']"
beharren,v,,unconscious_bias,agentic,competitive,"['argumentieren', 'diskutieren', 'nicht lockerlassen', 'geduldig sein', 'sich nicht abbringen lassen', 'das Team auf ein gemeinsames Ziel einstimmen', 'auf Umsetzung hinwirken', 'Wissen und Erfahrung ins Gespräch einbringen', 'für (...) sprechen']",[''],"['argumentieren', 'diskutieren', 'nicht lockerlassen', 'geduldig sein', 'sich nicht abbringen lassen', 'das Team auf ein gemeinsames Ziel einstimmen', 'auf Umsetzung hinwirken', 'Wissen und Erfahrung ins Gespräch einbringen', 'für (...) sprechen']"
beharrlich,a,,unconscious_bias,agentic,competitive,"['geduldig', 'fokussiert', 'stetig', 'ruhig und besonnen', 'umsetzungsfreudig']",[''],"['geduldig', 'fokussiert', 'stetig', 'ruhig und besonnen', 'umsetzungsfreudig']"
behaupten,v,,unconscious_bias,agentic,hard-hearted,"['sagen', 'darlegen', 'feststellen', 'zur Diskussion stellen', 'eine Meinung vertreten', 'die eigene Perspektive kommunizieren', 'Erfahrungen teilen', 'auf die eigenen Kompetenzen vertrauen']",[''],"['sagen', 'darlegen', 'feststellen', 'zur Diskussion stellen', 'eine Meinung vertreten', 'die eigene Perspektive kommunizieren', 'Erfahrungen teilen', 'auf die eigenen Kompetenzen vertrauen']"
beherrschen,v,,unconscious_bias,agentic,hard-hearted,"['lenken', 'anleiten', 'steuern', 'im Griff haben', 'den Überblick wahren', 'Kompetenz zeigen', 'Themen aufzeigen', 'offene Punkte aufzeigen', 'gemeinsame Richtung aufzeigen', '(das Team) mitnehmen', 'Meilensteine kommunizieren', 'Erwartungen kommunizieren']",[''],"['lenken', 'anleiten', 'steuern', 'im Griff haben', 'den Überblick wahren', 'Kompetenz zeigen', 'Themen aufzeigen', 'offene Punkte aufzeigen', 'gemeinsame Richtung aufzeigen', '(das Team) mitnehmen', 'Meilensteine kommunizieren', 'Erwartungen kommunizieren']"
beherrschend,a,,unconscious_bias,agentic,hard-hearted,"['typisch', 'offenkundig', 'den Ausschlag gebend', 'relevant', 'bedeutsam']",[''],"['typisch', 'offenkundig', 'den Ausschlag gebend', 'relevant', 'bedeutsam']"
belastbar,a,,unconscious_bias,agentic,competitive,"['stabil', 'ruhig und besonnen', 'resilient', 'mit langem Atem', 'einen langen Atem haben', 'Energieressourcen haben', 'gute Bewältigungsmechanismen haben', 'mit seinen Ressourcen Haus halten', 'die eigenen Grenzen kennen']",[''],"['stabil', 'ruhig und besonnen', 'resilient', 'mit langem Atem', 'einen langen Atem haben', 'Energieressourcen haben', 'gute Bewältigungsmechanismen haben', 'mit seinen Ressourcen Haus halten', 'die eigenen Grenzen kennen']"
bestimmend,a,,unconscious_bias,agentic,hard-hearted,"['zentral', 'formend', 'gestaltend', 'lenkend']",[''],"['zentral', 'formend', 'gestaltend', 'lenkend']"
bestimmt,a,,unconscious_bias,agentic,hard-hearted,"['klar', 'greifbar', 'handfest', 'unmissverständlich']",[''],"['klar', 'greifbar', 'handfest', 'unmissverständlich']"
beweisen,v,,unconscious_bias,agentic,competitive,"['aufzeigen', 'nachvollziehbar darlegen']",[''],"['aufzeigen', 'nachvollziehbar darlegen']"
brüsten,v,,unconscious_bias,agentic,hard-hearted,"['sich identifizieren (mit)', 'sich freuen (über)', 'für getane Arbeit einstehen', 'den eigenen Beitrag vertreten', '(Ergebnisse) kommunizieren']",[''],"['sich identifizieren (mit)', 'sich freuen (über)', 'für getane Arbeit einstehen', 'den eigenen Beitrag vertreten', '(Ergebnisse) kommunizieren']"
couragiert,a,,unconscious_bias,agentic,competitive,"['experimentierfreudig', 'offen für neue Entdeckungen', 'bereit, Dinge auszuprobieren', 'mit Spaß an Neuem']",[''],"['experimentierfreudig', 'offen für neue Entdeckungen', 'bereit, Dinge auszuprobieren', 'mit Spaß an Neuem']"
deutlich,a,,unconscious_bias,agentic,rough,"['klar', 'offen', 'transparent']",[''],"['klar', 'offen', 'transparent']"
dienstleistungsorientiert,a,,unconscious_bias,agentic,cultural,"['serviceorientiert', 'einfühlsam im Umgang mit Kundschaft', 'stolz, Kundschaft zu deren Zufriedenheit zu betreuen', 'engagiert, Erwartungen der Kundschaft zu erfüllen']",[''],"['serviceorientiert', 'einfühlsam im Umgang mit Kundschaft', 'stolz, Kundschaft zu deren Zufriedenheit zu betreuen', 'engagiert, Erwartungen der Kundschaft zu erfüllen']"
direkt,a,,unconscious_bias,agentic,rough,"['klar', 'geradeheraus', 'offenherzig', 'geradlinig', 'aufrichtig', 'authentisch', 'ehrlich', 'argumentationsfreudig', 'diskussionsbereit', 'von Mensch zu Mensch', 'nicht hinterm Berg halten', 'das Herz auf der Zunge tragen', 'offene Worte schätzen', 'offen im Äußern von Besorgnis']",[''],"['klar', 'geradeheraus', 'offenherzig', 'geradlinig', 'aufrichtig', 'authentisch', 'ehrlich', 'argumentationsfreudig', 'diskussionsbereit', 'von Mensch zu Mensch', 'nicht hinterm Berg halten', 'das Herz auf der Zunge tragen', 'offene Worte schätzen', 'offen im Äußern von Besorgnis']"
draufgängerisch,a,,unconscious_bias,agentic,hard-hearted,"['experimentierfreudig', 'auf die eigenen Kompetenzen vertrauend', 'interessiert an Neuem', 'bereit, Ideen auszuprobieren']",[''],"['experimentierfreudig', 'auf die eigenen Kompetenzen vertrauend', 'interessiert an Neuem', 'bereit, Ideen auszuprobieren']"
durchsetzen,v,,unconscious_bias,agentic,hard-hearted,"['erwirken', 'umsetzen', 'zum Abschluss bringen']",[''],"['erwirken', 'umsetzen', 'zum Abschluss bringen']"
durchsetzungsfähig,a,,unconscious_bias,agentic,hard-hearted,"['umsetzungsfreudig', 'fokussiert', 'effizient', 'regsam', 'organisiert und energiegeladen', 'voller Freude am Vertreten eines Standpunkts', 'fähig, wirkungsvoll zu kommunizieren', 'Stakeholder mitreißend']",[''],"['umsetzungsfreudig', 'fokussiert', 'effizient', 'regsam', 'organisiert und energiegeladen', 'voller Freude am Vertreten eines Standpunkts', 'fähig, wirkungsvoll zu kommunizieren', 'Stakeholder mitreißend']"
durchsetzungsstark,a,,unconscious_bias,agentic,hard-hearted,"['umsetzungsfreudig', 'fokussiert', 'effizient', 'regsam', 'organisiert und energiegeladen', 'voller Freude am Vertreten eines Standpunkts', 'fähig, wirkungsvoll zu kommunizieren', 'Stakeholder mitreißend']",[''],"['umsetzungsfreudig', 'fokussiert', 'effizient', 'regsam', 'organisiert und energiegeladen', 'voller Freude am Vertreten eines Standpunkts', 'fähig, wirkungsvoll zu kommunizieren', 'Stakeholder mitreißend']"
ehrgeizig,a,,unconscious_bias,agentic,competitive,"['eifrig', 'strebsam', 'fleißig', 'engagiert', 'entwicklungsmotiviert', 'unternehmerisch', 'bereit, größere Verantwortung zu übernehmen', 'interessiert an persönlichem Wachstum', 'engagiert im Hinarbeiten auf (gemeinsame, gesetzte) Ziele', 'mit neu gewonnenem Wissen und Erfahrung weiterkommen wollen']",[''],"['eifrig', 'strebsam', 'fleißig', 'engagiert', 'entwicklungsmotiviert', 'unternehmerisch', 'bereit, größere Verantwortung zu übernehmen', 'interessiert an persönlichem Wachstum', 'engagiert im Hinarbeiten auf (gemeinsame, gesetzte) Ziele', 'mit neu gewonnenem Wissen und Erfahrung weiterkommen wollen']"
eigensinnig,a,,unconscious_bias,agentic,cultural,"['gestaltungsmotiviert', 'offen', 'geradlinig', 'bereit, verschiedene Perspektiven auszuloten', 'der eigenen Bedürfnisse bewusst', 'bereit, Bedenken zu teilen', 'wissen, was man möchte', 'fähig, die eigenen Bedürfnisse zu erkennen', 'bereit, in der Diskussion verschiedene Standpunkte sichtbar zu machen', 'auf die eigene Kompetenz vertrauend', 'bereit, (Systeme, Arbeitsabläufe, Strukturen, Prozesse) zu formen', 'beherzt für (eine Perspektive, Standpunkte) argumentieren']",[''],"['gestaltungsmotiviert', 'offen', 'geradlinig', 'bereit, verschiedene Perspektiven auszuloten', 'der eigenen Bedürfnisse bewusst', 'bereit, Bedenken zu teilen', 'wissen, was man möchte', 'fähig, die eigenen Bedürfnisse zu erkennen', 'bereit, in der Diskussion verschiedene Standpunkte sichtbar zu machen', 'auf die eigene Kompetenz vertrauend', 'bereit, (Systeme, Arbeitsabläufe, Strukturen, Prozesse) zu formen', 'beherzt für (eine Perspektive, Standpunkte) argumentieren']"
eigenständig,a,,unconscious_bias,agentic,cultural,"['verantwortlich', 'Kompetenz einsetzend', 'auf Aufgaben fokussiert', 'auf die persönliche Kompetenz vertrauend']",[''],"['verantwortlich', 'Kompetenz einsetzend', 'auf Aufgaben fokussiert', 'auf die persönliche Kompetenz vertrauend']"
eigenverantwortlich,a,,unconscious_bias,agentic,cultural,"['verantwortungsfreudig', 'unternehmerisch denkend und handelnd', 'sich Ziele setzend']",[''],"['verantwortungsfreudig', 'unternehmerisch denkend und handelnd', 'sich Ziele setzend']"
eigenwillig,a,,unconscious_bias,agentic,cultural,"['gestaltungsmotiviert', 'offen', 'geradlinig', 'wissen, was man möchte', 'fähig, die eigenen Bedürfnisse zu erkennen', 'bereit, in der Diskussion verschiedene Standpunkte sichtbar zu machen', 'auf die eigene Kompetenz vertrauend', 'bereit, (Systeme, Arbeitsabläufe, Strukturen, Prozesse) zu formen', 'beherzt für (eine Perspektive, Standpunkte) argumentieren', 'bereit, verschiedene Perspektiven auszuloten', 'der eigenen Bedürfnisse bewusst', 'bereit, Bedenken zu teilen']",[''],"['gestaltungsmotiviert', 'offen', 'geradlinig', 'wissen, was man möchte', 'fähig, die eigenen Bedürfnisse zu erkennen', 'bereit, in der Diskussion verschiedene Standpunkte sichtbar zu machen', 'auf die eigene Kompetenz vertrauend', 'bereit, (Systeme, Arbeitsabläufe, Strukturen, Prozesse) zu formen', 'beherzt für (eine Perspektive, Standpunkte) argumentieren', 'bereit, verschiedene Perspektiven auszuloten', 'der eigenen Bedürfnisse bewusst', 'bereit, Bedenken zu teilen']"
energisch,a,,unconscious_bias,agentic,rough,"['tatkräftig', 'zupackend', 'schwungvoll', 'engagiert', 'motiviert']",[''],"['tatkräftig', 'zupackend', 'schwungvoll', 'engagiert', 'motiviert']"
entscheidend,a,,unconscious_bias,agentic,rough,"['verantwortlich', 'pragmatisch', 'maßgeblich', 'wesentlich', 'nötig', 'relevant']",[''],"['verantwortlich', 'pragmatisch', 'maßgeblich', 'wesentlich', 'nötig', 'relevant']"
entscheidungsfreudig,a,,unconscious_bias,agentic,rough,"['flexibel', 'pragmatisch', 'unkompliziert', 'beweglich']",[''],"['flexibel', 'pragmatisch', 'unkompliziert', 'beweglich']"
entschieden,a,,unconscious_bias,agentic,rough,"['klipp und klar', 'eindeutig in der Kommunikation', 'explizit', 'offen']",[''],"['klipp und klar', 'eindeutig in der Kommunikation', 'explizit', 'offen']"
entschlossen,a,,unconscious_bias,agentic,rough,"['konsequent', 'herzhaft', 'zupackend', 'pragmatisch']",[''],"['konsequent', 'herzhaft', 'zupackend', 'pragmatisch']"
entschlussfreudig,a,,unconscious_bias,agentic,rough,"['pragmatisch', 'unkompliziert', 'beweglich']",[''],"['pragmatisch', 'unkompliziert', 'beweglich']"
erfolgshungrig,a,,unconscious_bias,agentic,competitive,"['engagiert', 'begeistert', 'umsetzungsfreudig', 'motiviert, eine Vision zu realisieren', 'engagiert sich beim Erarbeiten von Meilensteinen']",[''],"['engagiert', 'begeistert', 'umsetzungsfreudig', 'motiviert, eine Vision zu realisieren', 'engagiert sich beim Erarbeiten von Meilensteinen']"
erobern,v,,unconscious_bias,agentic,competitive,"['entdecken', 'neugierig sein', 'mehr wissen wollen', 'erfahren wollen', 'Verantwortung (für ...) übernehmen']",[''],"['entdecken', 'neugierig sein', 'mehr wissen wollen', 'erfahren wollen', 'Verantwortung (für ...) übernehmen']"
erprobt,a,,unconscious_bias,agentic,corporate,"['kompetent', 'mit Know-how', 'mit Erfahrung']",[''],"['kompetent', 'mit Know-how', 'mit Erfahrung']"
erwarten,v,,unconscious_bias,agentic,competitive,"['begrüßen', 'wünschen']",[''],"['begrüßen', 'wünschen']"
fachmännisch,a,,unconscious_bias,agentic,corporate,"['fachkundig', 'geübt', 'kenntnisreich', 'kompetent', 'sachkundig', 'kundig', 'mit Qualität']",[''],"['fachkundig', 'geübt', 'kenntnisreich', 'kompetent', 'sachkundig', 'kundig', 'mit Qualität']"
fechten,v,,unconscious_bias,agentic,competitive,"['diskutieren', 'sich austauschen', 'mit Erfahrung/Wissen argumentieren', 'über verschiedene Perspektiven diskutieren', 'Gedanken austauschen']",[''],"['diskutieren', 'sich austauschen', 'mit Erfahrung/Wissen argumentieren', 'über verschiedene Perspektiven diskutieren', 'Gedanken austauschen']"
feindselig,a,,unconscious_bias,agentic,competitive,"['offenherzig', 'hinterfragend', 'engagiert', 'für (...) engagiert', 'bereit, für (...) zu argumentieren', 'für (...) begeistert eintreten', 'das Gespräch suchend']",[''],"['offenherzig', 'hinterfragend', 'engagiert', 'für (...) engagiert', 'bereit, für (...) zu argumentieren', 'für (...) begeistert eintreten', 'das Gespräch suchend']"
freimütig,a,,unconscious_bias,agentic,rough,"['offenherzig', 'hinterfragend', 'engagiert', 'geradlinig', ' ', 'zur eigenen Meinung stehend', 'seine Arbeit vertretend']",[' '],"[' ', 'offenherzig', 'hinterfragend', 'engagiert', 'geradlinig', 'zur eigenen Meinung stehend', 'seine Arbeit vertretend']"
furchtlos,a,,unconscious_bias,agentic,hard-hearted,"['beherzt', 'optimistisch', 'zielbewusst', 'geschickt', 'schwungvoll', 'umsichtig', 'munter', 'einsatzbereit', 'unverzagt', 'in komplexen Situation handlungsfähig']",[''],"['beherzt', 'optimistisch', 'zielbewusst', 'geschickt', 'schwungvoll', 'umsichtig', 'munter', 'einsatzbereit', 'unverzagt', 'in komplexen Situation handlungsfähig']"
führen,v,,unconscious_bias,agentic,hard-hearted,"['unterstützen', 'coachen', 'mitnehmen', 'lenken', 'beratend begleiten', 'anleiten', 'Orientierung bieten', 'Vision/Erwartungen kommunizieren']",[''],"['unterstützen', 'coachen', 'mitnehmen', 'lenken', 'beratend begleiten', 'anleiten', 'Orientierung bieten', 'Vision/Erwartungen kommunizieren']"
geldgierig,a,,unconscious_bias,agentic,hard-hearted,"['erwerbsorientiert', 'besitzorientiert', 'preisbewusst', 'ökonomisch vorsichtig', 'wirtschaftlich denkend', 'unternehmerisch denkend', 'sparsam', 'budgetbewusst']",[''],"['erwerbsorientiert', 'besitzorientiert', 'preisbewusst', 'ökonomisch vorsichtig', 'wirtschaftlich denkend', 'unternehmerisch denkend', 'sparsam', 'budgetbewusst']"
getrieben,a,,unconscious_bias,agentic,competitive,"['spontan', 'lebendig', 'beweglich', 'lebhaft', 'begeistert', 'rege', 'schwungvoll', 'emphatisch', 'engagiert', 'begeisterungsfähig', 'fokussiert', 'durch Meilensteine motiviert', '']",[''],"['spontan', 'lebendig', 'beweglich', 'lebhaft', 'begeistert', 'rege', 'schwungvoll', 'emphatisch', 'engagiert', 'begeisterungsfähig', 'fokussiert', 'durch Meilensteine motiviert', '']"
gewagt,a,,unconscious_bias,agentic,hard-hearted,"['Chancen im Blick haben', 'offen für Experimente', 'bereit, Neues auszuprobieren', 'auf ihre Kompetenzen vertrauend']",[''],"['Chancen im Blick haben', 'offen für Experimente', 'bereit, Neues auszuprobieren', 'auf ihre Kompetenzen vertrauend']"
gewinnen,v,,unconscious_bias,agentic,competitive,"['erarbeiten', 'erwerben', 'dazulernen', 'interessieren', 'insistieren', 'aus Erfahrung Neues schaffen', 'für (...) einnehmen', 'für (...) begeistern', 'nicht locker lassen', 'sich nicht abbringen lassen']",[''],"['erarbeiten', 'erwerben', 'dazulernen', 'interessieren', 'insistieren', 'aus Erfahrung Neues schaffen', 'für (...) einnehmen', 'für (...) begeistern', 'nicht locker lassen', 'sich nicht abbringen lassen']"
gierig,a,,unconscious_bias,agentic,competitive,"['strebsam', 'fleißig', 'eifrig', 'fokussiert', 'erwerbsorientiert', 'unternehmerisch denkend', 'Meilensteine erreichen wollend', 'an (...) interessiert']",[''],"['strebsam', 'fleißig', 'eifrig', 'fokussiert', 'erwerbsorientiert', 'unternehmerisch denkend', 'Meilensteine erreichen wollend', 'an (...) interessiert']"
grundsätzlich,a,,unconscious_bias,agentic,rough,"['in der Regel', 'dokumentiert', 'amtlich', 'oft', 'charakteristisch', 'grundlegend', 'symptomatisch', 'typisch', 'typischerweise']",[''],"['in der Regel', 'dokumentiert', 'amtlich', 'oft', 'charakteristisch', 'grundlegend', 'symptomatisch', 'typisch', 'typischerweise']"
hart,a,,unconscious_bias,agentic,hard-hearted,"['resilient', 'geradlinig', 'komplex', 'fokussiert', 'unbeirrt', 'bereit, Ziele zu anzugehen', 'sich vom Weg nicht abbringen lassend', 'den Weg vorlebend']",[''],"['resilient', 'geradlinig', 'komplex', 'fokussiert', 'unbeirrt', 'bereit, Ziele zu anzugehen', 'sich vom Weg nicht abbringen lassend', 'den Weg vorlebend']"
hartgesotten,a,,unconscious_bias,agentic,hard-hearted,"['resilient', 'erfahren', 'geübt', 'gelassen', 'sich vom Weg nicht abbringen lassend', 'den Weg vorlebend', 'bereit, Ziele zu anzugehen', 'geübt darin, sich auf das Wesentliche zu konzentrieren']",[''],"['resilient', 'erfahren', 'geübt', 'gelassen', 'sich vom Weg nicht abbringen lassend', 'den Weg vorlebend', 'bereit, Ziele zu anzugehen', 'geübt darin, sich auf das Wesentliche zu konzentrieren']"
hartnäckig,a,,unconscious_bias,agentic,competitive,"['geduldig', 'resilient', 'fokussiert', 'beständig', 'stetig', 'einen langen Atem haben', 'langfristig denkend']",[''],"['geduldig', 'resilient', 'fokussiert', 'beständig', 'stetig', 'einen langen Atem haben', 'langfristig denkend']"
herausfordernd,a,,unconscious_bias,agentic,competitive,"['diskussionsbereit', 'hinterfragend', 'Spaß an Neuem habend', 'offen für neue Entdeckungen (Problemstellungen, Unwägbarkeiten, ...)', 'das Gespräch suchend']",[''],"['diskussionsbereit', 'hinterfragend', 'Spaß an Neuem habend', 'offen für neue Entdeckungen (Problemstellungen, Unwägbarkeiten, ...)', 'das Gespräch suchend']"
herausgefordert,a,,unconscious_bias,agentic,competitive,"['gefragt', 'aufgerufen', 'gebeten', 'angeregt']",[''],"['gefragt', 'aufgerufen', 'gebeten', 'angeregt']"
herrschend,a,,unconscious_bias,agentic,hard-hearted,"['geltend', 'gültig', 'unbestritten', 'anerkannt', 'verbindlich', 'vorkommend', 'lenkend', 'prägend', 'waltend', 'verwaltend', 'gestaltend', 'durchführend', 'betreuend', 'steuernd', 'überwiegend', 'regelnd', 'vorstehend', 'eine Form gebend', 'die Richtung kommunizierend', 'den Vorsitz übernehmend']",[''],"['geltend', 'gültig', 'unbestritten', 'anerkannt', 'verbindlich', 'vorkommend', 'lenkend', 'prägend', 'waltend', 'verwaltend', 'gestaltend', 'durchführend', 'betreuend', 'steuernd', 'überwiegend', 'regelnd', 'vorstehend', 'eine Form gebend', 'die Richtung kommunizierend', 'den Vorsitz übernehmend']"
hungrig,a,,unconscious_bias,agentic,competitive,"['interessiert', 'engagiert', 'motiviert', 'effektiv', 'entwicklungsorientiert', 'interessiert am Wahrnehmen von Gelegenheiten', 'am Erarbeiten von Meilensteinen interessiert', 'motiviert, Visionen zu realisieren', 'engagiert, Meilensteine zu erreichen']",[''],"['interessiert', 'engagiert', 'motiviert', 'effektiv', 'entwicklungsorientiert', 'interessiert am Wahrnehmen von Gelegenheiten', 'am Erarbeiten von Meilensteinen interessiert', 'motiviert, Visionen zu realisieren', 'engagiert, Meilensteine zu erreichen']"
impulsiv,a,,unconscious_bias,agentic,hard-hearted,"['begeisterungsfähig', 'enthusiastisch', 'beweglich', 'lebhaft', 'lebendig', 'vital', 'spontan', 'eifrig', 'herzlich', 'fröhlich', 'munter', 'heiter']",[''],"['begeisterungsfähig', 'enthusiastisch', 'beweglich', 'lebhaft', 'lebendig', 'vital', 'spontan', 'eifrig', 'herzlich', 'fröhlich', 'munter', 'heiter']"
individuell,a,,unconscious_bias,agentic,competitive,"['persönlich', 'im Einklang mit den persönlichen Wünschen', 'auf persönliche Ziele zugeschnitten', 'auf die persönlichen Kompetenzen vertrauend', 'bereit, persönliche Verantwortung zu tragen']",[''],"['persönlich', 'im Einklang mit den persönlichen Wünschen', 'auf persönliche Ziele zugeschnitten', 'auf die persönlichen Kompetenzen vertrauend', 'bereit, persönliche Verantwortung zu tragen']"
intellektuell,a,,unconscious_bias,agentic,corporate,"['rational', 'geistig', 'mental', 'gebildet', 'informiert', 'kultiviert', 'sachkundig', 'aufgeklärt', 'abstrakt', 'theoretisch', 'bewusst', 'verstandesmäßig', 'sachlich', 'nüchtern', 'realistisch', 'vernunftorientiert', 'mit dem Verstand']",[''],"['rational', 'geistig', 'mental', 'gebildet', 'informiert', 'kultiviert', 'sachkundig', 'aufgeklärt', 'abstrakt', 'theoretisch', 'bewusst', 'verstandesmäßig', 'sachlich', 'nüchtern', 'realistisch', 'vernunftorientiert', 'mit dem Verstand']"
jagen,v,,unconscious_bias,agentic,competitive,"['angehen', 'nachgehen', 'nachkommen', 'suchen', 'beobachten ', 'im Blick behalten', 'Überblick behalten', 'fokussiert umsetzen']",[''],"['angehen', 'nachgehen', 'nachkommen', 'suchen', 'beobachten ', 'im Blick behalten', 'Überblick behalten', 'fokussiert umsetzen']"
kampflustig,a,,unconscious_bias,agentic,competitive,"['unverzagt', 'zuversichtlich', 'optimistisch', 'einsatzbereit', 'unverdrossen', 'tatkräftig', 'beherzt', 'argumentationsfreudig', 'fähig, Reibungen zu bewältigen', 'bereit, sich für (...) einzusetzen', 'bereit, (eine Meinung, Idee, Arbeit) zu vertreten']",[''],"['unverzagt', 'zuversichtlich', 'optimistisch', 'einsatzbereit', 'unverdrossen', 'tatkräftig', 'beherzt', 'argumentationsfreudig', 'fähig, Reibungen zu bewältigen', 'bereit, sich für (...) einzusetzen', 'bereit, (eine Meinung, Idee, Arbeit) zu vertreten']"
kompetitiv,a,,unconscious_bias,agentic,competitive,"['unternehmerisch', 'bereit, Kompetenz einzusetzen', 'interessiert, mit anderen (...) zu erreichen', 'durch das Engagement von anderen motiviert']",[''],"['unternehmerisch', 'bereit, Kompetenz einzusetzen', 'interessiert, mit anderen (...) zu erreichen', 'durch das Engagement von anderen motiviert']"
konkurrenzbetont,a,,unconscious_bias,agentic,competitive,"['unternehmerisch denkend', 'unternehmerisch handelnd', 'preisgünstig', 'umsetzungsfreudig', 'marktorientiert', 'nach strengen Kriterien']",[''],"['unternehmerisch denkend', 'unternehmerisch handelnd', 'preisgünstig', 'umsetzungsfreudig', 'marktorientiert', 'nach strengen Kriterien']"
konkurrenzfähig,a,,unconscious_bias,agentic,competitive,"['fokussiert', 'marktorientiert', 'preisorientiert', 'leistungsfähig', 'Ruhe bewahrend', 'einen langen Atem habend']",[''],"['fokussiert', 'marktorientiert', 'preisorientiert', 'leistungsfähig', 'Ruhe bewahrend', 'einen langen Atem habend']"
kraftvoll,a,,unconscious_bias,agentic,hard-hearted,"['energiegeladen', 'lebhaft', 'lebendig', 'begeistert', 'schwungvoll', 'enthusiastisch', 'vital', 'wach', 'voller Tatendrang', 'voller Tatendurst']",[''],"['energiegeladen', 'lebhaft', 'lebendig', 'begeistert', 'schwungvoll', 'enthusiastisch', 'vital', 'wach', 'voller Tatendrang', 'voller Tatendurst']"
kämpfen,v,,unconscious_bias,agentic,competitive,"['einstehen', 'befürworten', 'sich einsetzen', 'sich engagieren', 'entgegenwirken', 'argumentieren', 'werben', 'plädieren', 'unterstützend agieren', 'mit Energie erarbeiten']",[''],"['einstehen', 'befürworten', 'sich einsetzen', 'sich engagieren', 'entgegenwirken', 'argumentieren', 'werben', 'plädieren', 'unterstützend agieren', 'mit Energie erarbeiten']"
kämpfend,a,,unconscious_bias,agentic,competitive,"['verteidigend', 'sich engagierend', 'befürwortend', 'unterstützend', 'argumentierend', 'entgegenwirkend', 'sich einsetzend', 'bereit, für (...) einzutreten', 'mit Rat und Tat begleitend']",[''],"['verteidigend', 'sich engagierend', 'befürwortend', 'unterstützend', 'argumentierend', 'entgegenwirkend', 'sich einsetzend', 'bereit, für (...) einzutreten', 'mit Rat und Tat begleitend']"
kämpferisch,a,,unconscious_bias,agentic,competitive,"['befürwortend', 'engagiert', 'beherzt', ' in der Lage, Reibungen zu bewältigen', 'fähig, (für ....) zu argumentieren', 'für (...) eintretend']",[''],"['befürwortend', 'engagiert', 'beherzt', ' in der Lage, Reibungen zu bewältigen', 'fähig, (für ....) zu argumentieren', 'für (...) eintretend']"
leisten,v,,unconscious_bias,agentic,competitive,"['erlangen', 'anpacken', 'erarbeiten', 'enthusiastisch in der Umsetzung sein', 'mit Energie angehen', 'tatkräftig sein']",[''],"['erlangen', 'anpacken', 'erarbeiten', 'enthusiastisch in der Umsetzung sein', 'mit Energie angehen', 'tatkräftig sein']"
leistungsbereit,a,,unconscious_bias,agentic,competitive,"['engagiert', 'tatkräftig', 'Feuer und Flamme', 'mit Energie bei der Sache sein', 'Meilensteine erreichen wollend', 'enthusiastisch bei der Umsetzung']",[''],"['engagiert', 'tatkräftig', 'Feuer und Flamme', 'mit Energie bei der Sache sein', 'Meilensteine erreichen wollend', 'enthusiastisch bei der Umsetzung']"
leistungsorientiert,a,,unconscious_bias,agentic,competitive,"['fleißig', 'tüchtig', 'strebsam', 'interessiert am Erarbeiten von Meilensteinen', 'enthusiastisch bei der Umsetzung', 'mit Energie bei der Sache']",[''],"['fleißig', 'tüchtig', 'strebsam', 'interessiert am Erarbeiten von Meilensteinen', 'enthusiastisch bei der Umsetzung', 'mit Energie bei der Sache']"
leistungsstark,a,,unconscious_bias,agentic,competitive,"['engagiert', 'tatkräftig', 'kompetent', 'interessiert am Erarbeiten von Meilensteinen', 'enthusiastisch bei der Umsetzung', 'mit Energie bei der Sache']",[''],"['engagiert', 'tatkräftig', 'kompetent', 'interessiert am Erarbeiten von Meilensteinen', 'enthusiastisch bei der Umsetzung', 'mit Energie bei der Sache']"
leiten,v,,unconscious_bias,agentic,hard-hearted,"['unterstützen', 'coachen', 'mitnehmen', 'lenken', 'anleiten', 'begleiten', 'die Vision kommunizieren', 'Erwartungen kommunizieren', 'Prioritäten erläutern', 'das Team auf dem Weg mitnehmen']",[''],"['unterstützen', 'coachen', 'mitnehmen', 'lenken', 'anleiten', 'begleiten', 'die Vision kommunizieren', 'Erwartungen kommunizieren', 'Prioritäten erläutern', 'das Team auf dem Weg mitnehmen']"
logisch,a,,unconscious_bias,agentic,corporate,"['konsequent', 'schlüssig', 'nachvollziehbar', 'schematisch', 'angemessen']",[''],"['konsequent', 'schlüssig', 'nachvollziehbar', 'schematisch', 'angemessen']"
machthungrig,a,,unconscious_bias,agentic,competitive,"['strebsam', 'engagiert', 'tüchtig', 'gestaltungsmotiviert', 'verantwortungsfreudig', 'sich Ziele setzend', 'mit Freude an Verantwortung', 'unternehmerisch denkend', 'unternehmerisch handelnd']",[''],"['strebsam', 'engagiert', 'tüchtig', 'gestaltungsmotiviert', 'verantwortungsfreudig', 'sich Ziele setzend', 'mit Freude an Verantwortung', 'unternehmerisch denkend', 'unternehmerisch handelnd']"
mehr erreichen,a+v,,unconscious_bias,agentic,competitive,"['unternehmerisch handeln', 'wirtschaftlich handeln', 'sich engagieren', 'kontinuierlich sich neue Ziele setzen und erarbeiten']",[''],"['unternehmerisch handeln', 'wirtschaftlich handeln', 'sich engagieren', 'kontinuierlich sich neue Ziele setzen und erarbeiten']"
militant,a,,unconscious_bias,agentic,competitive,"['unverzagt', 'zuversichtlich', 'einsatzbereit', 'unverdrossen', 'tatkräftig', 'beherzt', 'argumentationsfreudig', 'fähig, Reibungen zu bewältigen', 'bereit, sich für (...) einzusetzen', 'bereit, (eine Meinung, Idee, Arbeit) zu vertreten']",[''],"['unverzagt', 'zuversichtlich', 'einsatzbereit', 'unverdrossen', 'tatkräftig', 'beherzt', 'argumentationsfreudig', 'fähig, Reibungen zu bewältigen', 'bereit, sich für (...) einzusetzen', 'bereit, (eine Meinung, Idee, Arbeit) zu vertreten']"
mutig,a,,unconscious_bias,agentic,rough,"['experimentierfreudig', 'optimistisch', 'offen für neue Erfahrungen', 'mit Freude am Ausprobieren', 'auf die persönlichen Kompetenzen vertrauend']",[''],"['experimentierfreudig', 'optimistisch', 'offen für neue Erfahrungen', 'mit Freude am Ausprobieren', 'auf die persönlichen Kompetenzen vertrauend']"
offensiv,a,,unconscious_bias,agentic,rough,"['unverzagt', 'zuversichtlich', 'optimistisch', 'einsatzbereit', 'unverdrossen', 'tatkräftig', 'beherzt', 'argumentationsfreudig', 'fähig, Reibungen zu bewältigen', 'bereit, sich für (...) einzusetzen', 'bereit, (eine Meinung, Idee, Arbeit) zu vertreten', 'die Initiative ergreifend']",[''],"['unverzagt', 'zuversichtlich', 'optimistisch', 'einsatzbereit', 'unverdrossen', 'tatkräftig', 'beherzt', 'argumentationsfreudig', 'fähig, Reibungen zu bewältigen', 'bereit, sich für (...) einzusetzen', 'bereit, (eine Meinung, Idee, Arbeit) zu vertreten', 'die Initiative ergreifend']"
paranoid,a,,unconscious_bias,agentic,hard-hearted,"['vorsichtig', 'wachsam', 'aufmerksam', 'umsichtig', 'achtsam', 'sorgfältig beobachtend']",[''],"['vorsichtig', 'wachsam', 'aufmerksam', 'umsichtig', 'achtsam', 'sorgfältig beobachtend']"
performant,a,,unconscious_bias,agentic,competitive,"['engagiert', 'tatkräftig', 'Feuer und Flamme', 'mit Energie bei der Sache sein', 'Meilensteine erreichen wollend', 'enthusiastisch bei der Umsetzung']",[''],"['engagiert', 'tatkräftig', 'Feuer und Flamme', 'mit Energie bei der Sache sein', 'Meilensteine erreichen wollend', 'enthusiastisch bei der Umsetzung']"
prahlen,v,,unconscious_bias,agentic,hard-hearted,"['bereit, die eigene Meinung (Idee, Arbeit, ...) zu vertreten', 'Freude über gemeinsam erreichte Meilensteine zeigen']",[''],"['bereit, die eigene Meinung (Idee, Arbeit, ...) zu vertreten', 'Freude über gemeinsam erreichte Meilensteine zeigen']"
pro aktiv,a,,unconscious_bias,agentic,rough,"['energiegeladen', 'unternehmerisch', 'bereit, die Initiative zu ergreifen']",[''],"['energiegeladen', 'unternehmerisch', 'bereit, die Initiative zu ergreifen']"
pro-aktiv,a,,unconscious_bias,agentic,rough,"['energiegeladen', 'unternehmerisch', 'bereit, die Initiative zu ergreifen']",[''],"['energiegeladen', 'unternehmerisch', 'bereit, die Initiative zu ergreifen']"
proaktiv,a,,unconscious_bias,agentic,rough,"['energiegeladen', 'unternehmerisch', 'bereit, die Initiative zu ergreifen']",[''],"['energiegeladen', 'unternehmerisch', 'bereit, die Initiative zu ergreifen']"
problematisch,a,,unconscious_bias,agentic,competitive,"['komplex', 'umstritten', 'schwierig', 'ungeklärt', 'mehrdeutig', 'rätselhaft', 'undurchsichtig', 'verwickelt', 'fraglich', 'strittig', 'offen', 'hypothetisch', 'ungesichert']",[''],"['komplex', 'umstritten', 'schwierig', 'ungeklärt', 'mehrdeutig', 'rätselhaft', 'undurchsichtig', 'verwickelt', 'fraglich', 'strittig', 'offen', 'hypothetisch', 'ungesichert']"
resolut,a,,unconscious_bias,agentic,hard-hearted,"['tatkräftig', 'unbeirrt', 'zupackend']",[''],"['tatkräftig', 'unbeirrt', 'zupackend']"
resultat orientiert,a,,unconscious_bias,agentic,competitive,"['umsetzungsfreudig', 'motiviert, mit dem Team gemeinsame Ziele zu verwirklichen', 'auf Meilensteine fokussiert']",[''],"['umsetzungsfreudig', 'motiviert, mit dem Team gemeinsame Ziele zu verwirklichen', 'auf Meilensteine fokussiert']"
resultat-orientiert,a,,unconscious_bias,agentic,competitive,"['umsetzungsfreudig', 'motiviert, mit dem Team gemeinsame Ziele zu verwirklichen', 'auf Meilensteine fokussiert']",[''],"['umsetzungsfreudig', 'motiviert, mit dem Team gemeinsame Ziele zu verwirklichen', 'auf Meilensteine fokussiert']"
resultatorientiert,a,,unconscious_bias,agentic,competitive,"['umsetzungsfreudig', 'motiviert, mit dem Team gemeinsame Ziele zu verwirklichen', 'auf Meilensteine fokussiert']",[''],"['umsetzungsfreudig', 'motiviert, mit dem Team gemeinsame Ziele zu verwirklichen', 'auf Meilensteine fokussiert']"
risikofreudig,a,,unconscious_bias,agentic,rough,"['experimentierfreudig', 'optimistisch', 'offen für neue Erfahrungen', 'mit Freude am Ausprobieren', 'auf die persönlichen Kompetenzen vertrauend']",[''],"['experimentierfreudig', 'optimistisch', 'offen für neue Erfahrungen', 'mit Freude am Ausprobieren', 'auf die persönlichen Kompetenzen vertrauend']"
robust,a,,unconscious_bias,agentic,rough,"['stabil', 'fachkundig', 'resilient', 'gelassen', 'zuverlässig', 'nicht durch Kleinigkeiten abgelenkt']",[''],"['stabil', 'fachkundig', 'resilient', 'gelassen', 'zuverlässig', 'nicht durch Kleinigkeiten abgelenkt']"
rücksichtslos,a,,unconscious_bias,agentic,hard-hearted,"['auf die eigenen Aufgaben fokussiert', 'fähig, Reibung zu bewältigen', 'sich vom Weg nicht abbringen lassend', 'den Weg vorlebend']",[''],"['auf die eigenen Aufgaben fokussiert', 'fähig, Reibung zu bewältigen', 'sich vom Weg nicht abbringen lassend', 'den Weg vorlebend']"
schlagkräftig,a,,unconscious_bias,agentic,rough,"['nachvollziehbar', 'einnehmend', 'fähig, gut zu argumentieren', 'Stakeholder mitreißend']",[''],"['nachvollziehbar', 'einnehmend', 'fähig, gut zu argumentieren', 'Stakeholder mitreißend']"
selbstbewusst,a,,unconscious_bias,agentic,competitive,"['gelassen', 'entspannt', 'in die eigene Kompetenz vertrauend', 'bereit, seine Arbeit zu vertreten']",[''],"['gelassen', 'entspannt', 'in die eigene Kompetenz vertrauend', 'bereit, seine Arbeit zu vertreten']"
selbstsicher,a,,unconscious_bias,agentic,competitive,"['gelassen', 'entspannt', 'in die eigene Kompetenz vertrauend', 'bereit, seine Arbeit zu vertreten']",[''],"['gelassen', 'entspannt', 'in die eigene Kompetenz vertrauend', 'bereit, seine Arbeit zu vertreten']"
selbstständig,a,,unconscious_bias,agentic,competitive,"['verantwortungsfreudig', 'eigenverantwortlich', 'selbstverantwortlich', 'interessiert, die eigenen Kompetenzen einzusetzen', 'bereit, Verantwortung für ihre Arbeit zu übernehmen', 'ergreift gern die Initiative']",[''],"['verantwortungsfreudig', 'eigenverantwortlich', 'selbstverantwortlich', 'interessiert, die eigenen Kompetenzen einzusetzen', 'bereit, Verantwortung für ihre Arbeit zu übernehmen', 'ergreift gern die Initiative']"
selbständig,a,,unconscious_bias,agentic,competitive,"['verantwortungsfreudig', 'eigenverantwortlich', 'selbstverantwortlich', 'interessiert, die eigenen Kompetenzen einzusetzen', 'bereit, Verantwortung für ihre Arbeit zu übernehmen', 'ergreift gern die Initiative']",[''],"['verantwortungsfreudig', 'eigenverantwortlich', 'selbstverantwortlich', 'interessiert, die eigenen Kompetenzen einzusetzen', 'bereit, Verantwortung für ihre Arbeit zu übernehmen', 'ergreift gern die Initiative']"
sich sicher sein,v,,unconscious_bias,agentic,competitive,"['gewissenhaft geprüft haben', 'sorgfältig abgewogen haben', 'in eigene Kompetenz vertrauen', 'bereit sein, die eigene Meinung/Arbeit vertreten']",[''],"['gewissenhaft geprüft haben', 'sorgfältig abgewogen haben', 'in eigene Kompetenz vertrauen', 'bereit sein, die eigene Meinung/Arbeit vertreten']"
sich wehren,v,,unconscious_bias,agentic,hard-hearted,"['das eigene Vorgehen erläutern', 'den eigenen Standpunkt kommunizieren', 'seine Sicht vertreten']",[''],"['das eigene Vorgehen erläutern', 'den eigenen Standpunkt kommunizieren', 'seine Sicht vertreten']"
sicherstellen,v,,unconscious_bias,agentic,rough,"['bewirken', 'ermöglichen', 'sorgfältig umsetzen', 'gewissenhaft erfüllen', 'einhalten', 'gewährleisten', 'sich um (...) kümmern']",[''],"['bewirken', 'ermöglichen', 'sorgfältig umsetzen', 'gewissenhaft erfüllen', 'einhalten', 'gewährleisten', 'sich um (...) kümmern']"
siegessicher,a,,unconscious_bias,agentic,competitive,"['unbeirrt', 'enthusiastisch', 'fokussiert', 'optimistisch']",[''],"['unbeirrt', 'enthusiastisch', 'fokussiert', 'optimistisch']"
sportlerisch,a,,unconscious_bias,agentic,competitive,"['fair', 'einsatzbereit', 'pragmatisch', 'unkompliziert', 'beweglich', 'mit aller Fairness', 'gemeinsame Regeln respektierend', 'durch die Arbeit anderer motiviert']",[''],"['fair', 'einsatzbereit', 'pragmatisch', 'unkompliziert', 'beweglich', 'mit aller Fairness', 'gemeinsame Regeln respektierend', 'durch die Arbeit anderer motiviert']"
sportlich,a,,unconscious_bias,agentic,competitive,"['fair', 'einsatzbereit', 'pragmatisch', 'unkompliziert', 'beweglich', 'mit aller Fairness', 'gemeinsame Regeln respektierend', 'durch die Arbeit anderer motiviert']",[''],"['fair', 'einsatzbereit', 'pragmatisch', 'unkompliziert', 'beweglich', 'mit aller Fairness', 'gemeinsame Regeln respektierend', 'durch die Arbeit anderer motiviert']"
stark,a,,unconscious_bias,agentic,rough,"['stabil', 'resilient', 'zuverlässig', 'fachkundig', 'fachkundig und erfahren', 'ausgeglichen']",[''],"['stabil', 'resilient', 'zuverlässig', 'fachkundig', 'fachkundig und erfahren', 'ausgeglichen']"
streiten,a,,unconscious_bias,agentic,hard-hearted,"['diskutieren', 'sich austauschen', 'argumentieren', 'Für und Wider erwägen', 'Reibungen bewältigen', 'sich offen (für ...) einsetzen', '(...) vertreten', 'sich mit Energie (für ...) einbringen']",[''],"['diskutieren', 'sich austauschen', 'argumentieren', 'Für und Wider erwägen', 'Reibungen bewältigen', 'sich offen (für ...) einsetzen', '(...) vertreten', 'sich mit Energie (für ...) einbringen']"
streitlustig,a,,unconscious_bias,agentic,hard-hearted,"['gesprächsbereit', 'hinterfragend', 'argumentierfreudig', 'kommunikativ', 'diskussionsbereit', 'mit Freude am Gedankenaustausch', 'offen für einen Austausch', 'in der Lage, Reibungen zu bewältigen', 'das Gespräch suchend', 'bereit, (...) zu vertreten', 'sich gern mit Energie (für ...) einbringen  bereit, sich (für ...) einzusetzen', 'bereit, den Standpunkt zu erläutern', 'offen für einen Austausch']",[''],"['gesprächsbereit', 'hinterfragend', 'argumentierfreudig', 'kommunikativ', 'diskussionsbereit', 'mit Freude am Gedankenaustausch', 'offen für einen Austausch', 'in der Lage, Reibungen zu bewältigen', 'das Gespräch suchend', 'bereit, (...) zu vertreten', 'sich gern mit Energie (für ...) einbringen  bereit, sich (für ...) einzusetzen', 'bereit, den Standpunkt zu erläutern', 'offen für einen Austausch']"
streitsüchtig,a,,unconscious_bias,agentic,hard-hearted,"['gesprächsbereit', 'hinterfragend', 'argumentierfreudig', 'kommunikativ', 'diskussionsbereit', 'mit Freude am Gedankenaustausch', 'offen für einen Austausch', 'in der Lage, Reibungen zu bewältigen', 'das Gespräch suchend', 'bereit, (...) zu vertreten', 'sich gern mit Energie (für ...) einbringen  bereit, sich (für ...) einzusetzen', 'bereit, den Standpunkt zu erläutern', 'offen für einen Austausch']",[''],"['gesprächsbereit', 'hinterfragend', 'argumentierfreudig', 'kommunikativ', 'diskussionsbereit', 'mit Freude am Gedankenaustausch', 'offen für einen Austausch', 'in der Lage, Reibungen zu bewältigen', 'das Gespräch suchend', 'bereit, (...) zu vertreten', 'sich gern mit Energie (für ...) einbringen  bereit, sich (für ...) einzusetzen', 'bereit, den Standpunkt zu erläutern', 'offen für einen Austausch']"
stur,a,,unconscious_bias,agentic,hard-hearted,"['zuverlässig', 'klar', 'unverdrossen', 'unbeirrbar', 'loyal', 'geduldig']",[''],"['zuverlässig', 'klar', 'unverdrossen', 'unbeirrbar', 'loyal', 'geduldig']"
stärker,a,,unconscious_bias,agentic,rough,"['stabiler', 'resilienter', 'zuverlässiger', 'fachkundiger', 'erfahrener', 'ausgeglichener']",[''],"['stabiler', 'resilienter', 'zuverlässiger', 'fachkundiger', 'erfahrener', 'ausgeglichener']"
tapfer,a,,unconscious_bias,agentic,competitive,"['zupackend', 'diszipliniert', 'resilient', 'einsatzbereit', 'mit Spaß an Neuem', 'offen für neue Entdeckungen', 'standhaft', 'aufrecht', 'ehrenhaft']",[''],"['zupackend', 'diszipliniert', 'resilient', 'einsatzbereit', 'mit Spaß an Neuem', 'offen für neue Entdeckungen', 'standhaft', 'aufrecht', 'ehrenhaft']"
treiben,v,,unconscious_bias,agentic,competitive,"['motivieren', 'inspirieren', 'beschwingen', 'die Richtung vorgeben', 'Freude am Erreichen von Meilensteinen empfinden', 'den Takt vorgeben']",[''],"['motivieren', 'inspirieren', 'beschwingen', 'die Richtung vorgeben', 'Freude am Erreichen von Meilensteinen empfinden', 'den Takt vorgeben']"
treibend,a,,unconscious_bias,agentic,competitive,"['motivierend', 'inspirierend', 'die Richtung vorgebend', 'mit Freude am Erreichen von Meilensteinen']",[''],"['motivierend', 'inspirierend', 'die Richtung vorgebend', 'mit Freude am Erreichen von Meilensteinen']"
umsetzungsstark,a,,unconscious_bias,agentic,hard-hearted,"['umsetzungsfreudig', 'tatkräftig', 'Arbeiten mit Elan zum Abschluss bringend']",[''],"['umsetzungsfreudig', 'tatkräftig', 'Arbeiten mit Elan zum Abschluss bringend']"
unabhängig,a,,unconscious_bias,agentic,competitive,"['neutral', 'unvoreingenommen', 'kompetent und einfallsreich', 'persönliche Verantwortung tragend', 'sich zu helfen wissend', 'auf eigene Aufgaben fokussiert']",[''],"['neutral', 'unvoreingenommen', 'kompetent und einfallsreich', 'persönliche Verantwortung tragend', 'sich zu helfen wissend', 'auf eigene Aufgaben fokussiert']"
unbedingter Willen,a+s,26-01-2022,unconscious_bias,agentic,,"['Fokus', 'Geduld', 'Strebsamkeit', 'langer Atem', 'Fähigkeit, an Dingen dranzubleiben']",[''],"['Fokus', 'Geduld', 'Strebsamkeit', 'langer Atem', 'Fähigkeit, an Dingen dranzubleiben']"
unbekümmert,a,,unconscious_bias,agentic,rough,"['bedachtsam', 'gleichmütig', 'ausgeglichen', 'zuversichtlich', 'bereitwillig', 'unbeschwert', 'gelassen', 'entspannt', 'unverkrampft', 'optimistisch', 'gut aufgelegt']",[''],"['bedachtsam', 'gleichmütig', 'ausgeglichen', 'zuversichtlich', 'bereitwillig', 'unbeschwert', 'gelassen', 'entspannt', 'unverkrampft', 'optimistisch', 'gut aufgelegt']"
unbeugsam,a,,unconscious_bias,agentic,hard-hearted,"['zuverlässig', 'unverdrossen', 'unbeirrbar', 'loyal', 'geduldig', 'standhaft', 'aufrecht', 'ehrenhaft']",[''],"['zuverlässig', 'unverdrossen', 'unbeirrbar', 'loyal', 'geduldig', 'standhaft', 'aufrecht', 'ehrenhaft']"
unerschrocken,a,,unconscious_bias,agentic,competitive,"['experimentierfreudig', 'optimistisch', 'offen für neue Erfahrungen', 'mit Freude am Ausprobieren', 'auf die persönlichen Kompetenzen vertrauend']",[''],"['experimentierfreudig', 'optimistisch', 'offen für neue Erfahrungen', 'mit Freude am Ausprobieren', 'auf die persönlichen Kompetenzen vertrauend']"
unnachgiebig,a,,unconscious_bias,agentic,hard-hearted,"['zuverlässig', 'unverdrossen', 'unbeirrbar', 'loyal', 'geduldig', 'standhaft', 'aufrecht', 'ehrenhaft']",[''],"['zuverlässig', 'unverdrossen', 'unbeirrbar', 'loyal', 'geduldig', 'standhaft', 'aufrecht', 'ehrenhaft']"
unverschämt,a,,unconscious_bias,agentic,competitive,"['geradeheraus', 'von Mensch zu Mensch', 'offenherzig', 'gradlinig', 'aufrichtig', 'klar und offen', 'hinterfragend', 'zur eigenen Meinung stehend', 'die eigene Arbeit vertretend']",[''],"['geradeheraus', 'von Mensch zu Mensch', 'offenherzig', 'gradlinig', 'aufrichtig', 'klar und offen', 'hinterfragend', 'zur eigenen Meinung stehend', 'die eigene Arbeit vertretend']"
verfechten,v,,unconscious_bias,agentic,rough,"['nachvollziehbar darlegen', 'für (...) einstehen', 'für (...) argumentieren', 'Vorteile (von ...) aufzeigen']",[''],"['nachvollziehbar darlegen', 'für (...) einstehen', 'für (...) argumentieren', 'Vorteile (von ...) aufzeigen']"
vorantreiben,v,,unconscious_bias,agentic,competitive,"['sich engagieren (für)', 'sich einsetzen (für)']",[''],"['sich engagieren (für)', 'sich einsetzen (für)']"
wagen,v,,unconscious_bias,agentic,rough,"['ausprobieren', 'offen sein für Experimente', 'Chancen ausloten']",[''],"['ausprobieren', 'offen sein für Experimente', 'Chancen ausloten']"
waghalsig,a,,unconscious_bias,agentic,rough,"['experimentierfreudig', 'optimistisch', 'neugierig', 'offen für neue Erfahrungen', 'mit Freude am Ausprobieren', 'auf die persönlichen Kompetenzen vertrauend', 'mit Spaß an Neuem', 'offen für neue Entdeckungen', 'Dinge ausprobieren wollen']",[''],"['experimentierfreudig', 'optimistisch', 'neugierig', 'offen für neue Erfahrungen', 'mit Freude am Ausprobieren', 'auf die persönlichen Kompetenzen vertrauend', 'mit Spaß an Neuem', 'offen für neue Entdeckungen', 'Dinge ausprobieren wollen']"
wettbewerbsfähig,a,,unconscious_bias,agentic,competitive,"['fleißig', 'tüchtig', 'unternehmerisch in Denken und Handeln', 'preisgünstig', 'umsetzungsfreudig', 'enthusiastisch im Erreichen von gemeinsamen Meilensteinen', 'Kundenkriterien erfüllend']",[''],"['fleißig', 'tüchtig', 'unternehmerisch in Denken und Handeln', 'preisgünstig', 'umsetzungsfreudig', 'enthusiastisch im Erreichen von gemeinsamen Meilensteinen', 'Kundenkriterien erfüllend']"
wetteifern,v,,unconscious_bias,agentic,competitive,"['Kompetenz einsetzen, um weiterzukommen', 'motiviert zusammenarbeiten', 'auf Meilensteine hinarbeiten', 'Ziele gemeinsam anpacken']",[''],"['Kompetenz einsetzen, um weiterzukommen', 'motiviert zusammenarbeiten', 'auf Meilensteine hinarbeiten', 'Ziele gemeinsam anpacken']"
zielorientiert,a,,unconscious_bias,agentic,competitive,"['umsetzungsfreudig', 'strebsam', 'fleißig', 'engagiert und fokussiert', 'auf Meilensteine fokussiert', 'motiviert auf Meilensteine hinarbeiten wollen']",[''],"['umsetzungsfreudig', 'strebsam', 'fleißig', 'engagiert und fokussiert', 'auf Meilensteine fokussiert', 'motiviert auf Meilensteine hinarbeiten wollen']"
zielstrebig,a,,unconscious_bias,agentic,competitive,"['umsetzungsfreudig', 'strebsam', 'fleißig', 'engagiert und fokussiert', 'auf Meilensteine fokussiert', 'motiviert auf Meilensteine hinarbeiten wollen']",[''],"['umsetzungsfreudig', 'strebsam', 'fleißig', 'engagiert und fokussiert', 'auf Meilensteine fokussiert', 'motiviert auf Meilensteine hinarbeiten wollen']"
zwingend,a,,unconscious_bias,agentic,rough,"['nützlich', 'hilfreich', 'förderlich', 'wichtig, um (...)']",[''],"['nützlich', 'hilfreich', 'förderlich', 'wichtig, um (...)']"
zwingendermaßen,a,,unconscious_bias,agentic,rough,"['nützlich', 'hilfreich', 'wichtig, um (...)']",[''],"['nützlich', 'hilfreich', 'wichtig, um (...)']"
zäh,a,,unconscious_bias,agentic,hard-hearted,"['resilient', 'geduldig', 'einen langen Atem haben']",[''],"['resilient', 'geduldig', 'einen langen Atem haben']"
Überzeugung,s,,unconscious_bias,agentic,competitive,"['Meinung', 'Haltung', 'Blickwinkel', 'Perspektive', 'Ansicht', 'Auffassung', 'Erkenntnis', 'Schluss', 'Verständnis', 'Dafürhalten', 'Position', 'Standpunkt', 'Sichtweise', 'Theorie', 'Anschauung']",[''],"['Meinung', 'Haltung', 'Blickwinkel', 'Perspektive', 'Ansicht', 'Auffassung', 'Erkenntnis', 'Schluss', 'Verständnis', 'Dafürhalten', 'Position', 'Standpunkt', 'Sichtweise', 'Theorie', 'Anschauung']"
überlegen,a,,unconscious_bias,agentic,competitive,"['angesehen', 'fortschrittlich', 'kompetent', 'einflussreich', 'tonangebend', 'das Vertrauen der Kundschaft besitzend', '(den Markt) beeinflussend', 'den Maßstab setzend']",[''],"['angesehen', 'fortschrittlich', 'kompetent', 'einflussreich', 'tonangebend', 'das Vertrauen der Kundschaft besitzend', '(den Markt) beeinflussend', 'den Maßstab setzend']"
überzeugen,v,,unconscious_bias,agentic,competitive,"['inspirieren', 'mit Kompetenz vertreten', 'Meinung/Arbeit vertreten', 'Stakeholder mitreißen', 'nachvollziehbar darlegen', 'Botschaften effektiv kommunizieren', 'andere für Ideen begeistern', 'geschickt verhandeln', 'durch Kompetenz Vertrauen schaffen', 'seine Meinung/Arbeit vertreten', 'nachvollziehbar argumentieren']",[''],"['inspirieren', 'mit Kompetenz vertreten', 'Meinung/Arbeit vertreten', 'Stakeholder mitreißen', 'nachvollziehbar darlegen', 'Botschaften effektiv kommunizieren', 'andere für Ideen begeistern', 'geschickt verhandeln', 'durch Kompetenz Vertrauen schaffen', 'seine Meinung/Arbeit vertreten', 'nachvollziehbar argumentieren']"
überzeugend,a,,unconscious_bias,agentic,competitive,"['interessant', 'effektiv', 'befriedigend', 'glaubwürdig', 'Botschaften effektiv kommunizierend', 'andere für Ideen begeisternd', 'inspirierend', 'jemand, auf dessen Meinung Menschen vertrauen', 'Mensch, der gut verhandeln kann']",[''],"['interessant', 'effektiv', 'befriedigend', 'glaubwürdig', 'Botschaften effektiv kommunizierend', 'andere für Ideen begeisternd', 'inspirierend', 'jemand, auf dessen Meinung Menschen vertrauen', 'Mensch, der gut verhandeln kann']"
überzeugt,a,,unconscious_bias,agentic,competitive,"['in die eigene Kompetenz/Erfahrung vertrauend', 'die eigene Meinung/Arbeit vertretend']",[''],"['in die eigene Kompetenz/Erfahrung vertrauend', 'die eigene Meinung/Arbeit vertretend']"
