Lemma,Is active,Wordtype,Forms,Alternatives,Alternatives input fields Company | Company Culture | Goodies,Subcategory: competitive | Hard-hearted | Rough | Corporate,Alternatives_split_role,Alternatives_split_company
abenteuerlich,1,a,(e|er|en|em|es|ere|erer|eren|erem|eres|erere|erers|erern|ererm|ste|ster|stes|sten|stem)?,neugierig | Spass an Neuem | entdeckungsfreudig,experimentierfreudig | wir probieren gerne aus,competitive,"['neugierig', 'Spass an Neuem', 'entdeckungsfreudig']","['experimentierfreudig', 'wir probieren gerne aus']"
abenteuerlustig,1,a,(e|er|en|em|es|ere|erer|eren|erem|eres|erere|erers|erern|ererm|ste|ster|stes|sten|stem)?,neugierig | Spass an Neuem | entdeckungsfreudig,neugierig | Spass an Neuem | entdeckungsfreudig,competitive,"['neugierig', 'Spass an Neuem', 'entdeckungsfreudig']","['neugierig', 'Spass an Neuem', 'entdeckungsfreudig']"
abgebrüht,1,a,(e|er|en|em|es|ere|erer|eren|erem|eres|erere|erers|erern|ererm|este|ester|estes|esten|estem)?,ruhig | weise | mit Erfahrung,ruhig | weise | mit Erfahrung,hard-hearted,"['ruhig', 'weise', 'mit Erfahrung']","['ruhig', 'weise', 'mit Erfahrung']"
ablehnend,1,a,(e|er|en|em|es|ere|erer|eren|erem|eres|erere|erers|erern|ererm|ste|ster|stes|sten|stem)?,du kannst Chance und Risiken gut abwägen,du kannst Chance und Risiken gut abwägen,hard-hearted,['du kannst Chance und Risiken gut abwägen'],['du kannst Chance und Risiken gut abwägen']
Aggression,1,s,en,du argumentierst sachlich,du argumentierst sachlich,hard-hearted,['du argumentierst sachlich'],['du argumentierst sachlich']
aggressiv,1,a,(e|er|en|em|es|ere|erer|eren|erem|eres|erere|erers|erern|ererm|ste|ster|stes|sten|stem)?,du argumentierst sachlich,du argumentierst sachlich,hard-hearted,['du argumentierst sachlich'],['du argumentierst sachlich']
Aggressivität,1,s,,du argumentierst sachlich,du argumentierst sachlich,hard-hearted,['du argumentierst sachlich'],['du argumentierst sachlich']
aktiv,1,a,(e|er|en|em|es|ere|erer|eren|erem|eres|erere|erers|erern|ererm|ste|ster|stes|sten|stem)?,unternehmensfreudig | beweglich | lebendig | die Initiative ergreifend,unternehmensfreudig | beweglich | lebendig | die Initiative ergreifend,rough,"['unternehmensfreudig', 'beweglich', 'lebendig', 'die Initiative ergreifend']","['unternehmensfreudig', 'beweglich', 'lebendig', 'die Initiative ergreifend']"
allein,1,a,(e|er|en|em|es|ere|erer|eren|erem|eres|erere|erers|erern|ererm|ste|ster|stes|sten|stem)?,seine Kompetenz einsetzen | auf seine Aufgaben fokussieren | Verantwortung tragen,seine Kompetenz einsetzen | auf seine Aufgaben fokussieren | Verantwortung tragen,competitive,"['seine Kompetenz einsetzen', 'auf seine Aufgaben fokussieren', 'Verantwortung tragen']","['seine Kompetenz einsetzen', 'auf seine Aufgaben fokussieren', 'Verantwortung tragen']"
alleinstehend,1,a,(e|er|en|em|es|ere|erer|eren|erem|eres|erere|erers|erern|ererm|ste|ster|stes|sten|stem)?,du setzt gerne deine Kompetenz ein | du fokussierst dich gerne auf deine Aufgaben,du setzt gerne deine Kompetenz ein | du fokussierst dich gerne auf deine Aufgaben,competitive,"['du setzt gerne deine Kompetenz ein', 'du fokussierst dich gerne auf deine Aufgaben']","['du setzt gerne deine Kompetenz ein', 'du fokussierst dich gerne auf deine Aufgaben']"
ambitiös,1,a,(e|er|en|em|es|ere|erer|eren|erem|eres|erere|erers|erern|ererm|este|ester|estes|esten|estem)?,Freude über Erreichung von Milestones | eifrig | fleißig | gerne eine Vision umsetzen | enthusiastisch bei der Umsetzung unserer Ziele,Freude über Erreichung von Milestones | eifrig | fleißig | gerne eine Vision umsetzen | enthusiastisch bei der Umsetzung unserer Ziele,competitive,"['Freude über Erreichung von Milestones', 'eifrig', 'fleißig', 'gerne eine Vision umsetzen', 'enthusiastisch bei der Umsetzung unserer Ziele']","['Freude über Erreichung von Milestones', 'eifrig', 'fleißig', 'gerne eine Vision umsetzen', 'enthusiastisch bei der Umsetzung unserer Ziele']"
ambitioniert,1,a,(e|er|en|em|es|ere|erer|eren|erem|eres|erere|erers|erern|ererm|este|ester|estes|esten|estem)?,Freude über Erreichung von Milestones | eifrig | fleißig | gerne eine Vision umsetzen | enthusiastisch bei der Umsetzung unserer Ziele,Freude über Erreichung von Milestones | eifrig | fleißig | gerne eine Vision umsetzen | enthusiastisch bei der Umsetzung unserer Ziele,competitive,"['Freude über Erreichung von Milestones', 'eifrig', 'fleißig', 'gerne eine Vision umsetzen', 'enthusiastisch bei der Umsetzung unserer Ziele']","['Freude über Erreichung von Milestones', 'eifrig', 'fleißig', 'gerne eine Vision umsetzen', 'enthusiastisch bei der Umsetzung unserer Ziele']"
analytisch,1,a,(e|er|en|em|es|ere|erer|eren|erem|eres|erere|erers|erern|ererm|ste|ster|stes|sten|stem)?,komplexe Probleme zerlegen | methodisch vorgehen | rational nach den Gründen forschen | erkunden | untersuchen | überprüfen,komplexe Probleme zerlegen | methodisch vorgehen | rational nach den Gründen forschen,rough,"['komplexe Probleme zerlegen', 'methodisch vorgehen', 'rational nach den Gründen forschen', 'erkunden', 'untersuchen', 'überprüfen']","['komplexe Probleme zerlegen', 'methodisch vorgehen', 'rational nach den Gründen forschen']"
analysieren,1,a,(e|er|en|em|es|ere|erer|eren|erem|eres|erere|erers|erern|ererm|ste|ster|stes|sten|stem)?,komplexe Probleme zerlegen | methodisch vorgehen | rational nach den Gründen forschen | erkunden | untersuchen | überprüfen,komplexe Probleme zerlegen | methodisch vorgehen | rational nach den Gründen forschen,rough,"['komplexe Probleme zerlegen', 'methodisch vorgehen', 'rational nach den Gründen forschen', 'erkunden', 'untersuchen', 'überprüfen']","['komplexe Probleme zerlegen', 'methodisch vorgehen', 'rational nach den Gründen forschen']"
analysier,1,v,(en|st|end|ende)?,komplexe Probleme zerlegen | methodisch vorgehen | rational nach den Gründen forschen | erkunden | untersuchen | überprüfen,komplexe Probleme zerlegen | methodisch vorgehen | rational nach den Gründen forschen,rough,"['komplexe Probleme zerlegen', 'methodisch vorgehen', 'rational nach den Gründen forschen', 'erkunden', 'untersuchen', 'überprüfen']","['komplexe Probleme zerlegen', 'methodisch vorgehen', 'rational nach den Gründen forschen']"
Analyse,1,s,(n)?,Erkundung | Untersuchung | Studie | Überprüfung,Erkundung | Untersuchung | Studie | Überprüfung,rough,"['Erkundung', 'Untersuchung', 'Studie', 'Überprüfung']","['Erkundung', 'Untersuchung', 'Studie', 'Überprüfung']"
(nicht |un)anfechtbar,1,a,(e|er|en|em|es|ere|erer|eren|erem|eres|erere|erers|erern|ererm|ste|ster|stes|sten|stem)?,integer | authentisch,integer | authentisch,rough,"['integer', 'authentisch']","['integer', 'authentisch']"
anfecht,1,v,(e|est|et|en),argumentieren | diskutieren | sich abstimmen,argumentieren | diskutieren | sich abstimmen,rough,"['argumentieren', 'diskutieren', 'sich abstimmen']","['argumentieren', 'diskutieren', 'sich abstimmen']"
angreifend,1,a,(e|er|en|em|es|ere|erer|eren|erem|eres|erere|erers|erern|ererm|ste|ster|stes|sten|stem)?,etablierte Meinungen hinterfragen,etablierte Meinungen hinterfragen,competitive,['etablierte Meinungen hinterfragen'],['etablierte Meinungen hinterfragen']
Angriff,1,s,(es|e)?,etablierte Meinungen hinterfragen,etablierte Meinungen hinterfragen,competitive,['etablierte Meinungen hinterfragen'],['etablierte Meinungen hinterfragen']
angriffslustig,1,a,(e|er|en|em|es|ere|erer|eren|erem|eres|erere|erers|erern|ererm|ste|ster|stes|sten|stem)?,etablierte Meinungen hinterfragen,etablierte Meinungen hinterfragen,competitive,['etablierte Meinungen hinterfragen'],['etablierte Meinungen hinterfragen']
anspruchsvoll,1,a,(e|er|en|em|es|ere|erer|eren|erem|eres|erere|erers|erern|ererm|ste|ster|stes|sten|stem)?,gerne mit immer wieder neuen Problemstellungen konfrontiert | kritisches Hinterfragen der Tatsachen,gerne mit immer wieder neuen Problemstellungen konfrontiert | kritisches Hinterfragen der Tatsachen,rough,"['gerne mit immer wieder neuen Problemstellungen konfrontiert', 'kritisches Hinterfragen der Tatsachen']","['gerne mit immer wieder neuen Problemstellungen konfrontiert', 'kritisches Hinterfragen der Tatsachen']"
antreib,1,a,(e|er|en|em|es|ere|erer|eren|erem|eres|erere|erers|erern|ererm|ste|ster|stes|sten|stem)?,anregend | motivierend,,competitive,"['anregend', 'motivierend']",['']
Athlet,1,s,(in|en|innen|es)?,diszipliniert | Durchhaltevermögen,diszipliniert | Durchhaltevermögen,competitive,"['diszipliniert', 'Durchhaltevermögen']","['diszipliniert', 'Durchhaltevermögen']"
athletisch,1,a,(e|er|en|em|es|ere|erer|eren|erem|eres|erere|erers|erern|ererm|ste|ster|stes|sten|stem)?,diszipliniert | Durchhaltevermögen,diszipliniert | Durchhaltevermögen,competitive,"['diszipliniert', 'Durchhaltevermögen']","['diszipliniert', 'Durchhaltevermögen']"
aufstrebend,1,a,(e|er|en|em|es|ere|erer|eren|erem|eres|erere|erers|erern|ererm|ste|ster|stes|sten|stem)?,Meilensteine erreichen wollen | strebsam | fleißig | lernen aus Erfahrungen,Meilensteine erreichen wollen | strebsam | fleißig | lernen aus Erfahrungen,rough,"['Meilensteine erreichen wollen', 'strebsam', 'fleißig', 'lernen aus Erfahrungen']","['Meilensteine erreichen wollen', 'strebsam', 'fleißig', 'lernen aus Erfahrungen']"
Ausdauer,1,s,,deine Ruhe und Besonnenheit bringen dich weiter | du hast einen langen Atem | du bleibst gerne an Dingen dran,deine Ruhe und Besonnenheit bringen dich weiter | du hast einen langen Atem | du bleibst gerne an Dingen dran,competitive,"['deine Ruhe und Besonnenheit bringen dich weiter', 'du hast einen langen Atem', 'du bleibst gerne an Dingen dran']","['deine Ruhe und Besonnenheit bringen dich weiter', 'du hast einen langen Atem', 'du bleibst gerne an Dingen dran']"
Auseinandersetzung,1,s,,verschiedene Meinungen sind für dich eine Lernchance | Gedankenaustausch bringen dich weiter,verschiedene Meinungen sind für dich eine Lernchance | Gedankenaustausch bringen dich weiter,hard-hearted,"['verschiedene Meinungen sind für dich eine Lernchance', 'Gedankenaustausch bringen dich weiter']","['verschiedene Meinungen sind für dich eine Lernchance', 'Gedankenaustausch bringen dich weiter']"
ausfällig,1,a,(e|er|en|em|es|ere|erer|eren|erem|eres|erere|erers|erern|ererm|ste|ster|stes|sten|stem)?,-,,hard-hearted,['-'],['']
ausfecht,1,v,(e|est|et|en),argumentieren mit Erfahrung | Wissen | diskutieren über verschiedene Perspektiven,argumentieren mit Erfahrung | Wissen | diskutieren über verschiedene Perspektiven,competitive,"['argumentieren mit Erfahrung', 'Wissen', 'diskutieren über verschiedene Perspektiven']","['argumentieren mit Erfahrung', 'Wissen', 'diskutieren über verschiedene Perspektiven']"
fecht,1,v,(e|est|et|en),argumentieren mit Erfahrung | Wissen | diskutieren über verschiedene Perspektiven,argumentieren mit Erfahrung | Wissen | diskutieren über verschiedene Perspektiven,competitive,"['argumentieren mit Erfahrung', 'Wissen', 'diskutieren über verschiedene Perspektiven']","['argumentieren mit Erfahrung', 'Wissen', 'diskutieren über verschiedene Perspektiven']"
antreib,1,v,(e|st|t|en),sich engagieren für | die Initiative ergreifen | anleiten,sich engagieren für | die Initiative ergreifen | anleiten,competitive,"['sich engagieren für', 'die Initiative ergreifen', 'anleiten']","['sich engagieren für', 'die Initiative ergreifen', 'anleiten']"
ausschlaggebend,1,a,(e|er|en|em|es|ere|erer|eren|erem|eres|erere|erers|erern|ererm|ste|ster|stes|sten|stem)?,wesentlich | wichtig,,hard-hearted,"['wesentlich', 'wichtig']",['']
autonom,1,a,(e|er|en|em|es|ere|erer|eren|erem|eres|erere|erers|erern|ererm|ste|ster|stes|sten|stem)?,seine Kompetenz einsetzen | auf seine Aufgaben fokussieren | Verantwortung tragen,seine Kompetenz einsetzen | auf seine Aufgaben fokussieren | Verantwortung tragen,competitive,"['seine Kompetenz einsetzen', 'auf seine Aufgaben fokussieren', 'Verantwortung tragen']","['seine Kompetenz einsetzen', 'auf seine Aufgaben fokussieren', 'Verantwortung tragen']"
Autonomität,1,s,,seine Kompetenz einsetzen | auf seine Aufgaben fokussieren | Verantwortung tragen,seine Kompetenz einsetzen | auf seine Aufgaben fokussieren | Verantwortung tragen,competitive,"['seine Kompetenz einsetzen', 'auf seine Aufgaben fokussieren', 'Verantwortung tragen']","['seine Kompetenz einsetzen', 'auf seine Aufgaben fokussieren', 'Verantwortung tragen']"
Autorität,1,s,,Kompetenz | Verantwortung tragen | Vorbild sein,Kompetenz | Verantwortung tragen | Vorbild sein,rough,"['Kompetenz', 'Verantwortung tragen', 'Vorbild sein']","['Kompetenz', 'Verantwortung tragen', 'Vorbild sein']"
autoritativ,1,a,(e|er|en|em|es|ere|erer|eren|erem|eres|erere|erers|erern|ererm|ste|ster|stes|sten|stem)?,Wissen mitteilen und teilen | Richtung weisen,Wissen mitteilen und teilen | Richtung weisen,rough,"['Wissen mitteilen und teilen', 'Richtung weisen']","['Wissen mitteilen und teilen', 'Richtung weisen']"
begierig,1,a,(e|er|en|em|es|ere|erer|eren|erem|eres|erere|erers|erern|ererm|ste|ster|stes|sten|stem)?,leidenschaftlich | erwartungsvoll | gespannt | mitgerissen | neugierig | Absicht haben,leidenschaftlich | erwartungsvoll | gespannt | mitgerissen | neugierig | Absicht haben,competitive,"['leidenschaftlich', 'erwartungsvoll', 'gespannt', 'mitgerissen', 'neugierig', 'Absicht haben']","['leidenschaftlich', 'erwartungsvoll', 'gespannt', 'mitgerissen', 'neugierig', 'Absicht haben']"
beharr,1,v,(e|st|t|en),insistieren | Erfahrung vertreten | nicht locker lassen | sich nicht abbringen lassen | auf Umsetzung hinwirken,insistieren | Erfahrung vertreten | nicht locker lassen | sich nicht abbringen lassen | auf Umsetzung hinwirken,competitive,"['insistieren', 'Erfahrung vertreten', 'nicht locker lassen', 'sich nicht abbringen lassen', 'auf Umsetzung hinwirken']","['insistieren', 'Erfahrung vertreten', 'nicht locker lassen', 'sich nicht abbringen lassen', 'auf Umsetzung hinwirken']"
beharrlich,1,a,(e|er|en|em|es|ere|erer|eren|erem|eres|erere|erers|erern|ererm|ste|ster|stes|sten|stem)?,insistieren | Erfahrung vertreten | nicht locker lassen | sich nicht abbringen lassen | auf Umsetzung hinwirken,insistieren | Erfahrung vertreten | nicht locker lassen | sich nicht abbringen lassen | auf Umsetzung hinwirken,competitive,"['insistieren', 'Erfahrung vertreten', 'nicht locker lassen', 'sich nicht abbringen lassen', 'auf Umsetzung hinwirken']","['insistieren', 'Erfahrung vertreten', 'nicht locker lassen', 'sich nicht abbringen lassen', 'auf Umsetzung hinwirken']"
Beharrlichkeit,1,s,,insistieren | Erfahrung vertreten | nicht locker lassen | sich nicht abbringen lassen | auf Umsetzung hinwirken,insistieren | Erfahrung vertreten | nicht locker lassen | sich nicht abbringen lassen | auf Umsetzung hinwirken,competitive,"['insistieren', 'Erfahrung vertreten', 'nicht locker lassen', 'sich nicht abbringen lassen', 'auf Umsetzung hinwirken']","['insistieren', 'Erfahrung vertreten', 'nicht locker lassen', 'sich nicht abbringen lassen', 'auf Umsetzung hinwirken']"
behaupt,1,v,(e|est|et|en),Meinung/Arbeit vertreten | Erfahrungen teilen,Meinung/Arbeit vertreten | Erfahrungen teilen,hard-hearted,"['Meinung/Arbeit vertreten', 'Erfahrungen teilen']","['Meinung/Arbeit vertreten', 'Erfahrungen teilen']"
beherrsch,1,v,(e|st|t|en),kompetent sein | Know-how haben,kompetent sein | Know-how haben,hard-hearted,"['kompetent sein', 'Know-how haben']","['kompetent sein', 'Know-how haben']"
beherrschend,1,a,(e|er|en|em|es|ere|erer|eren|erem|eres|erere|erers|erern|ererm|ste|ster|stes|sten|stem)?,maßgeblich | typisch | entscheidend | relevant | bedeutsam ,,hard-hearted,"['maßgeblich', 'typisch', 'entscheidend', 'relevant', 'bedeutsam ']",['']
belastbar,1,a,(e|er|en|em|es|ere|erer|eren|erem|eres|erere|erers|erern|ererm|ste|ster|stes|sten|stem|keit)?,stabil | Ruhe bewahren | langer Atem | resilient,stabil | Ruhe bewahren | langer Atem,competitive,"['stabil', 'Ruhe bewahren', 'langer Atem', 'resilient']","['stabil', 'Ruhe bewahren', 'langer Atem']"
bestimmend,1,a,(e|er|en|em|es|ere|erer|eren|erem|eres|erere|erers|erern|ererm|ste|ster|stes|sten|stem)?,zentral,,hard-hearted,['zentral'],['']
bestimmt,1,a,(e|er|en|em|es|ere|erer|eren|erem|eres|erere|erers|erern|ererm|este|ester|estes|esten|estem)?,klar und deutlich | mit Nachdruck | greifbar | handfest,klar und deutlich | mit Nachdruck | greifbar | handfest,hard-hearted,"['klar und deutlich', 'mit Nachdruck', 'greifbar', 'handfest']","['klar und deutlich', 'mit Nachdruck', 'greifbar', 'handfest']"
Bestimmtheit,1,s,,klar und deutlich | mit Nachdruck | greifbar | handfest,klar und deutlich | mit Nachdruck | greifbar | handfest,hard-hearted,"['klar und deutlich', 'mit Nachdruck', 'greifbar', 'handfest']","['klar und deutlich', 'mit Nachdruck', 'greifbar', 'handfest']"
bew,1,v,(eist|eisen|iesen),aufzeigen | sich selbst wahrnehmen ,aufzeigen | sich selbst wahrnehmen ,competitive,"['aufzeigen', 'sich selbst wahrnehmen ']","['aufzeigen', 'sich selbst wahrnehmen ']"
brüst,1,v,(e|est|et|en),für die gemachte Arbeit einstehen,für die gemachte Arbeit einstehen,hard-hearted,['für die gemachte Arbeit einstehen'],['für die gemachte Arbeit einstehen']
couragiert,1,a,(e|er|en|em|es|ere|erer|eren|erem|eres|erere|erers|erern|ererm|este|ester|estes|esten|estem)?,Spass an Neuem | offen für neue Entdeckungen | ausprobieren wollen | experimentierfreudig,Spass an Neuem | offen für neue Entdeckungen | ausprobieren wollen | experimentierfreudig,competitive,"['Spass an Neuem', 'offen für neue Entdeckungen', 'ausprobieren wollen', 'experimentierfreudig']","['Spass an Neuem', 'offen für neue Entdeckungen', 'ausprobieren wollen', 'experimentierfreudig']"
deutlich,1,a,(e|er|en|em|es|ere|erer|eren|erem|eres|erere|erers|erern|ererm|ste|ster|stes|sten|stem)?,klar,,rough,['klar'],['']
dienstleistungsorientiert,1,a,(e|er|en|em|es|ere|erer|eren|erem|eres|erere|erers|erern|ererm|ste|ster|stes|sten|stem)?,,einfühlsam mit Kundinnen und Kunden umgehen,cultural,[''],['einfühlsam mit Kundinnen und Kunden umgehen']
Dienstleistungsorientierung,1,s,,,einfühlsamer Umgang mit Kundinnen und Kunden,cultural,[''],['einfühlsamer Umgang mit Kundinnen und Kunden']
direkt,1,a,(e|er|en|em|es|ere|erer|eren|erem|eres|erere|erers|erern|ererm|este|ester|estes|esten|estem)?,geradeheraus | von Mensch zu Mensch | offenherzig | gradlinig | aufrichtig,geradeheraus | von Mensch zu Mensch | offenherzig | gradlinig | aufrichtig,rough,"['geradeheraus', 'von Mensch zu Mensch', 'offenherzig', 'gradlinig', 'aufrichtig']","['geradeheraus', 'von Mensch zu Mensch', 'offenherzig', 'gradlinig', 'aufrichtig']"
Direktheit,1,s,,geradeheraus | von Mensch zu Mensch | offenherzig | gradlinig | aufrichtig,geradeheraus | von Mensch zu Mensch | offenherzig | gradlinig | aufrichtig,rough,"['geradeheraus', 'von Mensch zu Mensch', 'offenherzig', 'gradlinig', 'aufrichtig']","['geradeheraus', 'von Mensch zu Mensch', 'offenherzig', 'gradlinig', 'aufrichtig']"
dominant,1,a,(e|er|en|em|es|ere|erer|eren|erem|eres|erere|erers|erern|ererm|este|ester|estes|esten|estem)?,,,hard-hearted,[''],['']
draufgängerisch,1,a,(e|er|en|em|es|ere|erer|eren|erem|eres|erere|erers|erern|ererm|ste|ster|stes|sten|stem)?,,,hard-hearted,[''],['']
Durchhaltevermöge,1,s,(ns|n),deine Ruhe und Besonnenheit bringen dich weiter | du hast einen langen Atem | du bleibst gerne an Dingen dran,deine Ruhe und Besonnenheit bringen dich weiter | du hast einen langen Atem | du bleibst gerne an Dingen dran,competitive,"['deine Ruhe und Besonnenheit bringen dich weiter', 'du hast einen langen Atem', 'du bleibst gerne an Dingen dran']","['deine Ruhe und Besonnenheit bringen dich weiter', 'du hast einen langen Atem', 'du bleibst gerne an Dingen dran']"
Durchhaltewille,1,s,(ns|n|s)?,deine Ruhe und Besonnenheit bringen dich weiter | du hast einen langen Atem | du bleibst gerne an Dingen dran,deine Ruhe und Besonnenheit bringen dich weiter | du hast einen langen Atem | du bleibst gerne an Dingen dran,competitive,"['deine Ruhe und Besonnenheit bringen dich weiter', 'du hast einen langen Atem', 'du bleibst gerne an Dingen dran']","['deine Ruhe und Besonnenheit bringen dich weiter', 'du hast einen langen Atem', 'du bleibst gerne an Dingen dran']"
durchsetz,1,v,(e|t|en),erwirken | umsetzen | vollbringen,erwirken | umsetzen | vollbringen,hard-hearted,"['erwirken', 'umsetzen', 'vollbringen']","['erwirken', 'umsetzen', 'vollbringen']"
durchsetzungsfähig,1,a,(e|er|en|em|es|ere|erer|eren|erem|eres|erere|erers|erern|ererm|ste|ster|stes|sten|stem)?,die Arbeiten zum Abschluss bringen | vollbringen | Stakeholder mitreissen | umsetzungsfreudig,die Arbeiten zum Abschluss bringen | vollbringen | Stakeholder mitreissen | umsetzungsfreudig,hard-hearted,"['die Arbeiten zum Abschluss bringen', 'vollbringen', 'Stakeholder mitreissen', 'umsetzungsfreudig']","['die Arbeiten zum Abschluss bringen', 'vollbringen', 'Stakeholder mitreissen', 'umsetzungsfreudig']"
Durchsetzungsfähigkeit,1,s,,die Arbeiten zum Abschluss bringen | vollbringen | Stakeholder mitreissen | umsetzungsfreudig,die Arbeiten zum Abschluss bringen | vollbringen | Stakeholder mitreissen | umsetzungsfreudig,hard-hearted,"['die Arbeiten zum Abschluss bringen', 'vollbringen', 'Stakeholder mitreissen', 'umsetzungsfreudig']","['die Arbeiten zum Abschluss bringen', 'vollbringen', 'Stakeholder mitreissen', 'umsetzungsfreudig']"
durchsetzungsstark,1,a,(e|er|en|em|es)?,die Arbeiten zum Abschluss bringen | vollbringen | Stakeholder mitreissen | umsetzungsfreudig,die Arbeiten zum Abschluss bringen | vollbringen | Stakeholder mitreissen | umsetzungsfreudig,hard-hearted,"['die Arbeiten zum Abschluss bringen', 'vollbringen', 'Stakeholder mitreissen', 'umsetzungsfreudig']","['die Arbeiten zum Abschluss bringen', 'vollbringen', 'Stakeholder mitreissen', 'umsetzungsfreudig']"
durchsetzungsstärk,1,a,(ere|erer|eren|erem|eres|erere|erers|erern|ererm|ste|ster|stes|sten|stem),,,hard-hearted,[''],['']
Durchsetzungskraft,1,s,,die Arbeiten zum Abschluss bringen | vollbringen | Stakeholder mitreissen | umsetzungsfreudig,die Arbeiten zum Abschluss bringen | vollbringen | Stakeholder mitreissen | umsetzungsfreudig,hard-hearted,"['die Arbeiten zum Abschluss bringen', 'vollbringen', 'Stakeholder mitreissen', 'umsetzungsfreudig']","['die Arbeiten zum Abschluss bringen', 'vollbringen', 'Stakeholder mitreissen', 'umsetzungsfreudig']"
Durchsetzungsvermögen,1,s,s?,die Arbeiten zum Abschluss bringen | vollbringen | Stakeholder mitreissen | umsetzungsfreudig,die Arbeiten zum Abschluss bringen | vollbringen | Stakeholder mitreissen | umsetzungsfreudig,hard-hearted,"['die Arbeiten zum Abschluss bringen', 'vollbringen', 'Stakeholder mitreissen', 'umsetzungsfreudig']","['die Arbeiten zum Abschluss bringen', 'vollbringen', 'Stakeholder mitreissen', 'umsetzungsfreudig']"
Drive,1,s,,engagiert | mit Freude | begeistert für etwas,engagiert | mit Freude | begeistert für etwas,hard-hearted,"['engagiert', 'mit Freude', 'begeistert für etwas']","['engagiert', 'mit Freude', 'begeistert für etwas']"
Druck,1,s,s?,Druck aushalten = in Ruhe Arbeiten abschliessen | besonnen bleiben; Druck aufsetzen = Umsetzung vorantreiben | in der Umsetzung unterstützen,Druck aushalten = in Ruhe Arbeiten abschliessen | besonnen bleiben; Druck aufsetzen = Umsetzung vorantreiben | in der Umsetzung unterstützen,competitive,"['Druck aushalten = in Ruhe Arbeiten abschliessen', 'besonnen bleiben; Druck aufsetzen = Umsetzung vorantreiben', 'in der Umsetzung unterstützen']","['Druck aushalten = in Ruhe Arbeiten abschliessen', 'besonnen bleiben; Druck aufsetzen = Umsetzung vorantreiben', 'in der Umsetzung unterstützen']"
Ehrgeiz,1,s,es?,Fleiß | Eifer | Pflichtbewusstsein,Fleiß | Eifer | Pflichtbewusstsein,competitive,"['Fleiß', 'Eifer', 'Pflichtbewusstsein']","['Fleiß', 'Eifer', 'Pflichtbewusstsein']"
ehrgeizig,1,a,(e|er|en|em|es|ere|erer|eren|erem|eres|erere|erers|erern|ererm|ste|ster|stes|sten|stem)?,eifrig | fleißig | pflichtbewusst,eifrig | fleißig | pflichtbewusst,competitive,"['eifrig', 'fleißig', 'pflichtbewusst']","['eifrig', 'fleißig', 'pflichtbewusst']"
eigenständig,1,a,(e|er|en|em|es|ere|erer|eren|erem|eres|erere|erers|erern|ererm|ste|ster|stes|sten|stem)?,Kompetenz einsetzen | auf Aufgaben fokussieren | Verantwortung tragen,Kompetenz einsetzen | auf Aufgaben fokussieren | Verantwortung tragen,cultural,"['Kompetenz einsetzen', 'auf Aufgaben fokussieren', 'Verantwortung tragen']","['Kompetenz einsetzen', 'auf Aufgaben fokussieren', 'Verantwortung tragen']"
Eigenständigkeit,1,s,,Kompetenz einsetzen | auf Aufgaben fokussieren | Verantwortung tragen,Kompetenz einsetzen | auf Aufgaben fokussieren | Verantwortung tragen,cultural,"['Kompetenz einsetzen', 'auf Aufgaben fokussieren', 'Verantwortung tragen']","['Kompetenz einsetzen', 'auf Aufgaben fokussieren', 'Verantwortung tragen']"
eigensinnig,1,a,(e|er|en|em|es|ere|erer|eren|erem|eres|erere|erers|erern|ererm|ste|ster|stes|sten|stem)?,,,cultural,[''],['']
eigenverantwortlich,1,a,(e|er|en|em|es|ere|erer|eren|erem|eres|erere|erers|erern|ererm|ste|ster|stes|sten|stem)?,Verantwortung übernehmen | unternehmerisch handeln,Verantwortung übernehmen | unternehmerisch handeln,cultural,"['Verantwortung übernehmen', 'unternehmerisch handeln']","['Verantwortung übernehmen', 'unternehmerisch handeln']"
Eigenverantwortung,1,s,,Verantwortung übernehmen | unternehmerisch handeln,Verantwortung übernehmen | unternehmerisch handeln,cultural,"['Verantwortung übernehmen', 'unternehmerisch handeln']","['Verantwortung übernehmen', 'unternehmerisch handeln']"
eigenwillig,1,a,(e|er|en|em|es|ere|erer|eren|erem|eres|erere|erers|erern|ererm|ste|ster|stes|sten|stem)?,,,cultural,[''],['']
einzeln,1,a,,,,cultural,[''],['']
Einsatzwille,1,s,(ns|n|s)?,Engagement | Begeisterung,Engagement | Begeisterung,rough,"['Engagement', 'Begeisterung']","['Engagement', 'Begeisterung']"
Einsatzbereitschaft,1,s,,Engagement | Begeisterung,Engagement | Begeisterung,rough,"['Engagement', 'Begeisterung']","['Engagement', 'Begeisterung']"
energisch,1,a,(e|er|en|em|es|ere|erer|eren|erem|eres|erere|erers|erern|ererm|ste|ster|stes|sten|stem)?,tatkräftig | dynamisch | zupackend,tatkräftig | dynamisch | zupackend,rough,"['tatkräftig', 'dynamisch', 'zupackend']","['tatkräftig', 'dynamisch', 'zupackend']"
entscheidend,1,a,(e|er|en|em|es|ere|erer|eren|erem|eres|erere|erers|erern|ererm|ste|ster|stes|sten|stem)?,,,rough,[''],['']
Entscheidung,1,s,(en)?,,,rough,[''],['']
entscheidungsfreudig,1,a,(e|er|en|em|es|ere|erer|eren|erem|eres|erere|erers|erern|ererm|ste|ster|stes|sten|stem)?,flexibel | pragmatisch | unkompliziert | beweglich,flexibel | pragmatisch | unkompliziert | beweglich,rough,"['flexibel', 'pragmatisch', 'unkompliziert', 'beweglich']","['flexibel', 'pragmatisch', 'unkompliziert', 'beweglich']"
entschieden,1,a,(e|er|en|em|es|ere|erer|eren|erem|eres|erere|erers|erern|ererm|ste|ster|stes|sten|stem)?,klipp und klar | eindeutig in der Kommunikation | explizit | deutlich,klipp und klar | eindeutig in der Kommunikation | explizit | deutlich,rough,"['klipp und klar', 'eindeutig in der Kommunikation', 'explizit', 'deutlich']","['klipp und klar', 'eindeutig in der Kommunikation', 'explizit', 'deutlich']"
Entschiedenheit,1,s,,mit Deutlichkeit | mit Klarheit | mit Engagement,mit Deutlichkeit | mit Klarheit | mit Engagement,rough,"['mit Deutlichkeit', 'mit Klarheit', 'mit Engagement']","['mit Deutlichkeit', 'mit Klarheit', 'mit Engagement']"
entschlossen,1,a,(e|er|en|em|es|ere|erer|eren|erem|eres|erere|erers|erern|ererm|ste|ster|stes|sten|stem)?,konsequent | herzhaft | zupackend | pragmatisch,konsequent | herzhaft | zupackend | pragmatisch,rough,"['konsequent', 'herzhaft', 'zupackend', 'pragmatisch']","['konsequent', 'herzhaft', 'zupackend', 'pragmatisch']"
Entschlossenheit,1,s,,mit Herzhaftigkeit | mit Pragmatismus,mit Herzhaftigkeit | mit Pragmatismus,rough,"['mit Herzhaftigkeit', 'mit Pragmatismus']","['mit Herzhaftigkeit', 'mit Pragmatismus']"
entschlussfreudig,1,a,(e|er|en|em|es|ere|erer|eren|erem|eres|erere|erers|erern|ererm|ste|ster|stes|sten|stem)?,flexibel | pragmatisch | unkompliziert | beweglich,flexibel | pragmatisch | unkompliziert | beweglich,rough,"['flexibel', 'pragmatisch', 'unkompliziert', 'beweglich']","['flexibel', 'pragmatisch', 'unkompliziert', 'beweglich']"
Entschlussfreudigkeit,1,s,,Flexibilität | Pragmatismus | Beweglichkeit,Flexibilität | Pragmatismus | Beweglichkeit,rough,"['Flexibilität', 'Pragmatismus', 'Beweglichkeit']","['Flexibilität', 'Pragmatismus', 'Beweglichkeit']"
Entschlusskraft,1,s,,Flexibilität | Pragmatismus | Beweglichkeit,Flexibilität | Pragmatismus | Beweglichkeit,rough,"['Flexibilität', 'Pragmatismus', 'Beweglichkeit']","['Flexibilität', 'Pragmatismus', 'Beweglichkeit']"
Erfolgshunger,1,s,s?,Meilensteine erreichen wollen | Vision realisieren,Meilensteine erreichen wollen | Vision realisieren,competitive,"['Meilensteine erreichen wollen', 'Vision realisieren']","['Meilensteine erreichen wollen', 'Vision realisieren']"
erfolgshungrig,1,a,(e|er|en|em|es|ere|erer|eren|erem|eres|erere|erers|erern|ererm|ste|ster|stes|sten|stem)?,Meilensteine erreichen wollen | Vision realisieren,Meilensteine erreichen wollen | Vision realisieren,competitive,"['Meilensteine erreichen wollen', 'Vision realisieren']","['Meilensteine erreichen wollen', 'Vision realisieren']"
erober,1,"v,s",(n|st|t|er|erinnen),entdecken | neugierig sein | mehr wissen | erfahren wollen,entdecken | neugierig sein | mehr wissen | erfahren wollen,competitive,"['entdecken', 'neugierig sein', 'mehr wissen', 'erfahren wollen']","['entdecken', 'neugierig sein', 'mehr wissen', 'erfahren wollen']"
Eroberung,1,s,(en)?,Entdeckung | Erwerb neuer Kenntnisse | inspiriert durch das Unbekannte,Entdeckung | Erwerb neuer Kenntnisse | inspiriert durch das Unbekannte,competitive,"['Entdeckung', 'Erwerb neuer Kenntnisse', 'inspiriert durch das Unbekannte']","['Entdeckung', 'Erwerb neuer Kenntnisse', 'inspiriert durch das Unbekannte']"
erprobt,1,a,(e|er|en|em|es|ere|erer|eren|erem|eres|erere|erers|erern|ererm|este|ester|estes|esten|estem)?,kompetent | mit Know-how | mit Erfahrung,kompetent | mit Know-how | mit Erfahrung,corporate,"['kompetent', 'mit Know-how', 'mit Erfahrung']","['kompetent', 'mit Know-how', 'mit Erfahrung']"
erwarte,1,v,(n|st|t|nd),begrüßen | wünschen,begrüßen | wünschen,competitive,"['begrüßen', 'wünschen']","['begrüßen', 'wünschen']"
Extrameile,1,s,(en)?,engagiert,engagiert,competitive,['engagiert'],['engagiert']
Hunger,1,s,s?,Meilensteine erreichen wollen | Vision realisieren,Meilensteine erreichen wollen | Vision realisieren,competitive,"['Meilensteine erreichen wollen', 'Vision realisieren']","['Meilensteine erreichen wollen', 'Vision realisieren']"
hungrig,1,a,(e|er|en|em|es|ere|erer|eren|erem|eres|erere|erers|erern|ererm|ste|ster|stes|sten|stem)?,Meilensteine erreichen wollen | strebsam | fleißig,Meilensteine erreichen wollen | strebsam | fleißig,competitive,"['Meilensteine erreichen wollen', 'strebsam', 'fleißig']","['Meilensteine erreichen wollen', 'strebsam', 'fleißig']"
fachmännisch,1,a,(e|er|en|em|es|ere|erer|eren|erem|eres|erere|erers|erern|ererm|ste|ster|stes|sten|stem)?,mit Qualität | fachkundig | geübt | kenntnisreich | kompetent,mit Qualität | fachkundig | geübt | kenntnisreich | kompetent,corporate,"['mit Qualität', 'fachkundig', 'geübt', 'kenntnisreich', 'kompetent']","['mit Qualität', 'fachkundig', 'geübt', 'kenntnisreich', 'kompetent']"
feindselig,1,a,(e|er|en|em|es|ere|erer|eren|erem|eres|erere|erers|erern|ererm|ste|ster|stes|sten|stem)?,,,competitive,[''],['']
Feindseligkeit,1,s,,,,competitive,[''],['']
freimütig,1,a,(e|er|en|em|es|ere|erer|eren|erem|eres|erere|erers|erern|ererm|ste|ster|stes|sten|stem)?,zur eigenen Meinung stehen | seine Arbeit vertreten,zur eigenen Meinung stehen | seine Arbeit vertreten,rough,"['zur eigenen Meinung stehen', 'seine Arbeit vertreten']","['zur eigenen Meinung stehen', 'seine Arbeit vertreten']"
Freimütigkeit,1,s,(en)?,zur eigenen Meinung stehen | seine Arbeit vertreten,zur eigenen Meinung stehen | seine Arbeit vertreten,rough,"['zur eigenen Meinung stehen', 'seine Arbeit vertreten']","['zur eigenen Meinung stehen', 'seine Arbeit vertreten']"
führ,1,v,(e|st|t|en),unterstützen | coachen | Vision kommunizieren | mitnehmen | lenken,unterstützen | coachen | Vision kommunizieren | mitnehmen | lenken,hard-hearted,"['unterstützen', 'coachen', 'Vision kommunizieren', 'mitnehmen', 'lenken']","['unterstützen', 'coachen', 'Vision kommunizieren', 'mitnehmen', 'lenken']"
Führer,1,s,(in|n|innen|s)?,Leitung | Unterstützung | Coaching | Vision kommunizieren,Leitung | Unterstützung | Coaching | Vision kommunizieren,hard-hearted,"['Leitung', 'Unterstützung', 'Coaching', 'Vision kommunizieren']","['Leitung', 'Unterstützung', 'Coaching', 'Vision kommunizieren']"
Führerschaft,1,s,,Leitung | Unterstützung | Coaching | Vision kommunizieren,Leitung | Unterstützung | Coaching | Vision kommunizieren,hard-hearted,"['Leitung', 'Unterstützung', 'Coaching', 'Vision kommunizieren']","['Leitung', 'Unterstützung', 'Coaching', 'Vision kommunizieren']"
Führung,1,s,,Leitung | Unterstützung | Coaching | Vision kommunizieren,Leitung | Unterstützung | Coaching | Vision kommunizieren,hard-hearted,"['Leitung', 'Unterstützung', 'Coaching', 'Vision kommunizieren']","['Leitung', 'Unterstützung', 'Coaching', 'Vision kommunizieren']"
Führungskraft,1,s,,Leitung | Unterstützung | Coaching | Vision kommunizieren,Leitung | Unterstützung | Coaching | Vision kommunizieren,hard-hearted,"['Leitung', 'Unterstützung', 'Coaching', 'Vision kommunizieren']","['Leitung', 'Unterstützung', 'Coaching', 'Vision kommunizieren']"
furchtlos,1,a,(e|er|en|em|es|ere|erer|eren|erem|eres|erere|erers|erern|ererm|este|ester|estes|esten|estem)?,,,hard-hearted,[''],['']
geldgierig,1,a,(e|er|en|em|es|ere|erer|eren|erem|eres|erere|erers|erern|ererm|ste|ster|stes|sten|stem)?,,,hard-hearted,[''],['']
gewagt,1,a,(e|er|en|em|es|ere|erer|eren|erem|eres|erere|erers|erern|ererm|este|ester|estes|esten|estem)?,sich erlaubt | offen für Experimente | neue Sachen ausprobieren,sich erlaubt | offen für Experimente | neue Sachen ausprobieren,hard-hearted,"['sich erlaubt', 'offen für Experimente', 'neue Sachen ausprobieren']","['sich erlaubt', 'offen für Experimente', 'neue Sachen ausprobieren']"
Gewalt,1,s,,,,hard-hearted,[''],['']
getrieben,1,a,(e|er|en|em|es|ere|erer|eren|erem|eres|erere|erers|erern|ererm|ste|ster|stes|sten|stem)?,,,competitive,[''],['']
gewinn,1,a,(e|st|t|en),erwerben | dazu lernen | insistieren | aus Erfahrung Neues schaffen | nicht locker lassen | sich nicht abbringen lassen,erwerben | dazu lernen | insistieren | aus Erfahrung Neues schaffen | nicht locker lassen | sich nicht abbringen lassen,competitive,"['erwerben', 'dazu lernen', 'insistieren', 'aus Erfahrung Neues schaffen', 'nicht locker lassen', 'sich nicht abbringen lassen']","['erwerben', 'dazu lernen', 'insistieren', 'aus Erfahrung Neues schaffen', 'nicht locker lassen', 'sich nicht abbringen lassen']"
Gewinner,1,s,(in|n|innen|s)?,nicht locker lassen | sich vom Ziel nicht abbringen lassen,nicht locker lassen | sich vom Ziel nicht abbringen lassen,competitive,"['nicht locker lassen', 'sich vom Ziel nicht abbringen lassen']","['nicht locker lassen', 'sich vom Ziel nicht abbringen lassen']"
gierig,1,a,(e|er|en|em|es|ere|erer|eren|erem|eres|erere|erers|erern|ererm|ste|ster|stes|sten|stem)?,,,competitive,[''],['']
Grundsatz,1,s,es?,,,rough,[''],['']
Grundsätze,1,s,,,,rough,[''],['']
grundsätzlich,1,a,(e|er|en|em|es|ere|erer|eren|erem|eres|erere|erers|erern|ererm|ste|ster|stes|sten|stem)?,,,rough,[''],['']
hart,1,a,(e|er|en|em|es|ere|erer|eren|erem|eres|erere|erers|erern|ererm|ste|ster|stes|sten|stem)?,Ziel verfolgen | sich vom Weg nicht abbringen | Weg vorleben,,,"['Ziel verfolgen', 'sich vom Weg nicht abbringen', 'Weg vorleben']",['']
Härt,1,"s,a",(e|er|en|em|es|ere|erer|eren|erem|eres|erere|erers|erern|ererm|ste|ster|stes|sten|stem)?,Ziel verfolgen | sich vom Weg nicht abbringen | Weg vorleben,,,"['Ziel verfolgen', 'sich vom Weg nicht abbringen', 'Weg vorleben']",['']
hartgesotten,1,a,(e|er|en|em|es|ere|erer|eren|erem|eres|erere|erers|erern|ererm|ste|ster|stes|sten|stem)?,Ziel verfolgen | sich vom Weg nicht abbringen | Weg vorleben,,hard-hearted,"['Ziel verfolgen', 'sich vom Weg nicht abbringen', 'Weg vorleben']",['']
hartnäckig,1,a,(e|er|en|em|es|ere|erer|eren|erem|eres|erere|erers|erern|ererm|ste|ster|stes|sten|stem)?,insistieren | Erfahrung vertreten | nicht locker lassen | sich nicht abbringen lassen,insistieren | Erfahrung vertreten | nicht locker lassen | sich nicht abbringen lassen,competitive,"['insistieren', 'Erfahrung vertreten', 'nicht locker lassen', 'sich nicht abbringen lassen']","['insistieren', 'Erfahrung vertreten', 'nicht locker lassen', 'sich nicht abbringen lassen']"
Hartnäckigkeit,1,s,,insistieren | Erfahrung vertreten | nicht locker lassen | sich nicht abbringen lassen,insistieren | Erfahrung vertreten | nicht locker lassen | sich nicht abbringen lassen,competitive,"['insistieren', 'Erfahrung vertreten', 'nicht locker lassen', 'sich nicht abbringen lassen']","['insistieren', 'Erfahrung vertreten', 'nicht locker lassen', 'sich nicht abbringen lassen']"
herausfordernd,1,a,(e|er|en|em|es|ere|erer|eren|erem|eres|erere|erers|erern|ererm|ste|ster|stes|sten|stem)?,,,competitive,[''],['']
Herausforderung,1,s,(en)?,neugierig | Spass an Neuem | offen für neue Entdeckungen,neugierig | Spass an Neuem | offen für neue Entdeckungen,competitive,"['neugierig', 'Spass an Neuem', 'offen für neue Entdeckungen']","['neugierig', 'Spass an Neuem', 'offen für neue Entdeckungen']"
herrschend,1,a,(e|er|en|em|es|ere|erer|eren|erem|eres|erere|erers|erern|ererm|ste|ster|stes|sten|stem)?,,,hard-hearted,[''],['']
Höchstleistung,1,s,(en)?,gemeinsam Ziele erarbeiten | durch gemeinsame Unterstützung produktiver werden,gemeinsam Ziele erarbeiten | durch gemeinsame Unterstützung produktiver werden,competitive,"['gemeinsam Ziele erarbeiten', 'durch gemeinsame Unterstützung produktiver werden']","['gemeinsam Ziele erarbeiten', 'durch gemeinsame Unterstützung produktiver werden']"
impulsiv,1,a,(e|er|en|em|es|ere|erer|eren|erem|eres|erere|erers|erern|ererm|ste|ster|stes|sten|stem)?,,,hard-hearted,[''],['']
individuell,1,a,(e|er|en|em|es|ere|erer|eren|erem|eres|erere|erers|erern|ererm|ste|ster|stes|sten|stem)?,Kompetenz einsetzen | auf Aufgaben fokussieren | Verantwortung tragen,Kompetenz einsetzen | auf Aufgaben fokussieren | Verantwortung tragen,competitive,"['Kompetenz einsetzen', 'auf Aufgaben fokussieren', 'Verantwortung tragen']","['Kompetenz einsetzen', 'auf Aufgaben fokussieren', 'Verantwortung tragen']"
Intellekt,1,s,(s|es)?,,,corporate,[''],['']
intellektuell,1,a,(e|er|en|em|es|ere|erer|eren|erem|eres|erere|erers|erern|ererm|ste|ster|stes|sten|stem)?,,,corporate,[''],['']
jag,1,v,(e|st|t|en),verfolgen | strebsam | im Blick behalten | Überblick behalten | fokussiert | neugierig,verfolgen | strebsam | im Blick behalten | Überblick behalten | fokussiert | neugierig,competitive,"['verfolgen', 'strebsam', 'im Blick behalten', 'Überblick behalten', 'fokussiert', 'neugierig']","['verfolgen', 'strebsam', 'im Blick behalten', 'Überblick behalten', 'fokussiert', 'neugierig']"
Jagd,1,s,,,,competitive,[''],['']
Jäger,1,s,(in|n|innen|s)?,verfolgen | strebsam | im Blick behalten | Überblick behalten | fokussiert | neugierig,verfolgen | strebsam | im Blick behalten | Überblick behalten | fokussiert | neugierig,competitive,"['verfolgen', 'strebsam', 'im Blick behalten', 'Überblick behalten', 'fokussiert', 'neugierig']","['verfolgen', 'strebsam', 'im Blick behalten', 'Überblick behalten', 'fokussiert', 'neugierig']"
Kampf,1,s,(s|es)?,,,competitive,[''],['']
kämpf,1,v,(e|st|t|en),einstehen für | unterstützend agieren | mit Disziplin erarbeiten,einstehen für | unterstützend agieren | mit Disziplin erarbeiten,competitive,"['einstehen für', 'unterstützend agieren', 'mit Disziplin erarbeiten']","['einstehen für', 'unterstützend agieren', 'mit Disziplin erarbeiten']"
kämpfend,1,a,(e|er|en|em|es|ere|erer|eren|erem|eres|erere|erers|erern|ererm|ste|ster|stes|sten|stem)?,,,competitive,[''],['']
Kämpfer,1,s,(in|n|innen|s)?,mit Disziplin das Ziel erreichen | einstehen für | Strebsamkeit,mit Disziplin das Ziel erreichen | einstehen für | Strebsamkeit,competitive,"['mit Disziplin das Ziel erreichen', 'einstehen für', 'Strebsamkeit']","['mit Disziplin das Ziel erreichen', 'einstehen für', 'Strebsamkeit']"
kämpferisch,1,a,(e|er|en|em|es|ere|erer|eren|erem|eres|erere|erers|erern|ererm|ste|ster|stes|sten|stem)?,Reibungen bewältigen können | argumentieren können,Reibungen bewältigen können | argumentieren können,competitive,"['Reibungen bewältigen können', 'argumentieren können']","['Reibungen bewältigen können', 'argumentieren können']"
kampflustig,1,a,(e|er|en|em|es|ere|erer|eren|erem|eres|erere|erers|erern|ererm|ste|ster|stes|sten|stem)?,,,competitive,[''],['']
kompetitiv,1,a,(e|er|en|em|es|ere|erer|eren|erem|eres|erere|erers|erern|ererm|ste|ster|stes|sten|stem)?,Kompetenz einsetzen | mit anderen etwas erreichen,Kompetenz einsetzen | mit anderen etwas erreichen,competitive,"['Kompetenz einsetzen', 'mit anderen etwas erreichen']","['Kompetenz einsetzen', 'mit anderen etwas erreichen']"
Konkurrenz,1,s,,Kompetenz einsetzen | im Team etwas verfolgen | erreichen,Kompetenz einsetzen | im Team etwas verfolgen | erreichen,competitive,"['Kompetenz einsetzen', 'im Team etwas verfolgen', 'erreichen']","['Kompetenz einsetzen', 'im Team etwas verfolgen', 'erreichen']"
konkurrenzbetont,1,a,(e|er|en|em|es|ere|erer|eren|erem|eres|erere|erers|erern|ererm|este|ester|estes|esten|estem)?,,,competitive,[''],['']
Konkurrenzdruck,1,s,,fokussiert bleiben | Ruhe bewahren | langer Atem,,,"['fokussiert bleiben', 'Ruhe bewahren', 'langer Atem']",['']
konkurrenzfähig,1,a,(e|er|en|em|es|ere|erer|eren|erem|eres|erere|erers|erern|ererm|ste|ster|stes|sten|stem)?,fokussiert bleiben | Ruhe bewahren | langer Atem,fokussiert bleiben | Ruhe bewahren | langer Atem,competitive,"['fokussiert bleiben', 'Ruhe bewahren', 'langer Atem']","['fokussiert bleiben', 'Ruhe bewahren', 'langer Atem']"
Kraft,1,s,,,,hard-hearted,[''],['']
kraftvoll,1,a,(e|er|en|em|es|ere|erer|eren|erem|eres|erere|erers|erern|ererm|ste|ster|stes|sten|stem)?,,,hard-hearted,[''],['']
leiste,1,v,(t|st|n|nd),Meilensteine erreichen wollen | enthusiastisch bei der Umsetzung,Meilensteine erreichen wollen | enthusiastisch bei der Umsetzung,competitive,"['Meilensteine erreichen wollen', 'enthusiastisch bei der Umsetzung']","['Meilensteine erreichen wollen', 'enthusiastisch bei der Umsetzung']"
Leistungsbereitschaft,1,s,,Meilensteine erreichen wollen | enthusiastisch bei der Umsetzung,Meilensteine erreichen wollen | enthusiastisch bei der Umsetzung,competitive,"['Meilensteine erreichen wollen', 'enthusiastisch bei der Umsetzung']","['Meilensteine erreichen wollen', 'enthusiastisch bei der Umsetzung']"
leistungsbereit,1,a,(e|er|en|em|es|ere|erer|eren|erem|eres|erere|erers|erern|ererm|este|ester|estes|esten|estem)?,Meilensteine erreichen wollen | enthusiastisch bei der Umsetzung,Meilensteine erreichen wollen | enthusiastisch bei der Umsetzung,competitive,"['Meilensteine erreichen wollen', 'enthusiastisch bei der Umsetzung']","['Meilensteine erreichen wollen', 'enthusiastisch bei der Umsetzung']"
leistungsorientiert,1,a,(e|er|en|em|es|ere|erer|eren|erem|eres|erere|erers|erern|ererm|este|ester|estes|esten|estem)?,fleißig | tüchtig | Meilensteine erreichen wollen | enthusiastisch bei der Umsetzung,fleißig | tüchtig | Meilensteine erreichen wollen | enthusiastisch bei der Umsetzung,competitive,"['fleißig', 'tüchtig', 'Meilensteine erreichen wollen', 'enthusiastisch bei der Umsetzung']","['fleißig', 'tüchtig', 'Meilensteine erreichen wollen', 'enthusiastisch bei der Umsetzung']"
leistungsabhängig,1,a,(e|er|en|em|es|ere|erer|eren|erem|eres|erere|erers|erern|ererm|este|ester|estes|esten|estem)?,das Engagement beeinflusst das Gehalt,,competitive,['das Engagement beeinflusst das Gehalt'],['']
Leistungsträger,1,s,(in|n|innen|s)?,Gestalter | Schlüsselfigur/person | Schnittstelle,Gestalter | Schlüsselfigur/person | Schnittstelle,competitive,"['Gestalter', 'Schlüsselfigur/person', 'Schnittstelle']","['Gestalter', 'Schlüsselfigur/person', 'Schnittstelle']"
Leistungsausweis,1,s,(e)?,Erfahrung mitbringen,,competitive,['Erfahrung mitbringen'],['']
leit,1,v,(et|est|en|end),unterstützen | coachen | Vision kommunizieren | mitnehmen | lenken,unterstützen | coachen | Vision kommunizieren | mitnehmen | lenken,hard-hearted,"['unterstützen', 'coachen', 'Vision kommunizieren', 'mitnehmen', 'lenken']","['unterstützen', 'coachen', 'Vision kommunizieren', 'mitnehmen', 'lenken']"
Logik,1,s,,schlüssig | gemäss Prozess | gemäss Schema | ableitend,schlüssig | gemäss Prozess | gemäss Schema | ableitend,corporate,"['schlüssig', 'gemäss Prozess', 'gemäss Schema', 'ableitend']","['schlüssig', 'gemäss Prozess', 'gemäss Schema', 'ableitend']"
logisch,1,a,(e|er|en|em|es|ere|erer|eren|erem|eres|erere|erers|erern|ererm|ste|ster|stes|sten|stem)?,konsequent | schlüssig | nachvollziehbar | schematisch,konsequent | schlüssig | nachvollziehbar | schematisch,corporate,"['konsequent', 'schlüssig', 'nachvollziehbar', 'schematisch']","['konsequent', 'schlüssig', 'nachvollziehbar', 'schematisch']"
Macht,1,s,,,,competitive,[''],['']
machthungrig,1,a,(e|er|en|em|es|ere|erer|eren|erem|eres|erere|erers|erern|ererm|ste|ster|stes|sten|stem)?,,,competitive,[''],['']
Meister,1,s,(in|n|innen|s)?,fachkundig | kompetent | Fachgrösse,fachkundig | kompetent | Fachgrösse,competitive,"['fachkundig', 'kompetent', 'Fachgrösse']","['fachkundig', 'kompetent', 'Fachgrösse']"
meisterhaft,1,a,(e|er|en|em|es|ere|erer|eren|erem|eres|erere|erers|erern|ererm|este|ester|estes|esten|estem)?,fachkundig | kompetent | mit Erfahrung,fachkundig | kompetent | mit Erfahrung,competitive,"['fachkundig', 'kompetent', 'mit Erfahrung']","['fachkundig', 'kompetent', 'mit Erfahrung']"
militant,1,a,(e|er|en|em|es|ere|erer|eren|erem|eres|erere|erers|erern|ererm|este|ester|estes|esten|estem)?,,,competitive,[''],['']
Mittler,1,s,,Person | die vermittelt,,,"['Person', 'die vermittelt']",['']
mutig,1,a,(e|er|en|em|es|ere|erer|eren|erem|eres|erere|erers|erern|ererm|ste|ster|stes|sten|stem)?,Spass an Neuem | offen für neue Entdeckungen | ausprobieren wollen | experimentierfreudig,Spass an Neuem | offen für neue Entdeckungen | ausprobieren wollen | experimentierfreudig,rough,"['Spass an Neuem', 'offen für neue Entdeckungen', 'ausprobieren wollen', 'experimentierfreudig']","['Spass an Neuem', 'offen für neue Entdeckungen', 'ausprobieren wollen', 'experimentierfreudig']"
Mut,1,s,(s|es)?,Spass an Neuem | offen für neue Entdeckungen | ausprobieren wollen | experimentierfreudig,Spass an Neuem | offen für neue Entdeckungen | ausprobieren wollen | experimentierfreudig,rough,"['Spass an Neuem', 'offen für neue Entdeckungen', 'ausprobieren wollen', 'experimentierfreudig']","['Spass an Neuem', 'offen für neue Entdeckungen', 'ausprobieren wollen', 'experimentierfreudig']"
Mutprobe,1,s,n?,-,,rough,['-'],['']
offensiv,1,a,(e|er|en|em|es|ere|erer|eren|erem|eres|erere|erers|erern|ererm|ste|ster|stes|sten|stem)?,,,rough,[''],['']
paranoid,1,a,(e|er|en|em|es|ere|erer|eren|erem|eres|erere|erers|erern|ererm|ste|ster|stes|sten|stem)?,,,hard-hearted,[''],['']
performant,1,a,(e|er|en|em|es|ere|erer|eren|erem|eres|erere|erers|erern|ererm|este|ester|estes|esten|estem)?,fleißig | tüchtig | Meilensteine erreichen wollen | enthusiastisch bei der Umsetzung,fleißig | tüchtig | Meilensteine erreichen wollen | enthusiastisch bei der Umsetzung,competitive,"['fleißig', 'tüchtig', 'Meilensteine erreichen wollen', 'enthusiastisch bei der Umsetzung']","['fleißig', 'tüchtig', 'Meilensteine erreichen wollen', 'enthusiastisch bei der Umsetzung']"
Performer,1,s,(n|s)?,auf die nächsten Schritte fokussieren | engagiert in seinen Aufgaben | unternehmerisch denken | sein,auf die nächsten Schritte fokussieren | engagiert in seinen Aufgaben | unternehmerisch denken | sein,competitive,"['auf die nächsten Schritte fokussieren', 'engagiert in seinen Aufgaben', 'unternehmerisch denken', 'sein']","['auf die nächsten Schritte fokussieren', 'engagiert in seinen Aufgaben', 'unternehmerisch denken', 'sein']"
Pionier,1,s,(in|e|innen)?,Verantwortung übernehmen | mit gutem Beispiel voraus | erfinderisch sein | innovativ wirken | inspirieren | die Vision vermitteln,Verantwortung übernehmen | mit gutem Beispiel voraus | erfinderisch sein | innovativ wirken | inspirieren | die Vision vermitteln,competitive,"['Verantwortung übernehmen', 'mit gutem Beispiel voraus', 'erfinderisch sein', 'innovativ wirken', 'inspirieren', 'die Vision vermitteln']","['Verantwortung übernehmen', 'mit gutem Beispiel voraus', 'erfinderisch sein', 'innovativ wirken', 'inspirieren', 'die Vision vermitteln']"
prahl,1,v,(e|st|t|en),,,hard-hearted,[''],['']
Prinzip,1,s,(s|ien)?,Ethik | mit Methode | mit Grundsätzen | Richtlinie,Ethik | mit Methode | mit Grundsätzen | Richtlinie,rough,"['Ethik', 'mit Methode', 'mit Grundsätzen', 'Richtlinie']","['Ethik', 'mit Methode', 'mit Grundsätzen', 'Richtlinie']"
proaktiv,1,a,(e|er|en|em|es|ere|erer|eren|erem|eres|erere|erers|erern|ererm|ste|ster|stes|sten|stem)?,Initiative ergreifen | mit Energie unternehmen | unternehmerisch,Initiative ergreifen | mit Energie unternehmen | unternehmerisch,rough,"['Initiative ergreifen', 'mit Energie unternehmen', 'unternehmerisch']","['Initiative ergreifen', 'mit Energie unternehmen', 'unternehmerisch']"
pro-aktiv,1,a,(e|er|en|em|es|ere|erer|eren|erem|eres|erere|erers|erern|ererm|ste|ster|stes|sten|stem)?,Initiative ergreifen | mit Energie unternehmen | unternehmerisch,Initiative ergreifen | mit Energie unternehmen | unternehmerisch,rough,"['Initiative ergreifen', 'mit Energie unternehmen', 'unternehmerisch']","['Initiative ergreifen', 'mit Energie unternehmen', 'unternehmerisch']"
Problem,1,s,(e|en)?,,,competitive,[''],['']
problematisch,1,a,(e|er|en|em|es|ere|erer|eren|erem|eres|erere|erers|erern|ererm|ste|ster|stes|sten|stem)?,,,competitive,[''],['']
resolut,1,a,(e|er|en|em|es|ere|erer|eren|erem|eres|erere|erers|erern|ererm|este|ester|estes|esten|estem)?,tatkräftig | unbeirrt | zupackend,tatkräftig | unbeirrt | zupackend,hard-hearted,"['tatkräftig', 'unbeirrt', 'zupackend']","['tatkräftig', 'unbeirrt', 'zupackend']"
resultatorientiert,1,a,(e|er|en|em|es|ere|erer|eren|erem|eres|erere|erers|erern|ererm|este|ester|estes|esten|estem)?,Meilensteine erreichen wollen | strebsam | fleißig | mit Team etwas verfolgen | erreichen | fokussiert,Meilensteine erreichen wollen | strebsam | fleißig | mit Team etwas verfolgen | erreichen | fokussiert,competitive,"['Meilensteine erreichen wollen', 'strebsam', 'fleißig', 'mit Team etwas verfolgen', 'erreichen', 'fokussiert']","['Meilensteine erreichen wollen', 'strebsam', 'fleißig', 'mit Team etwas verfolgen', 'erreichen', 'fokussiert']"
risikofreudig,1,a,(e|er|en|em|es|ere|erer|eren|erem|eres|erere|erers|erern|ererm|ste|ster|stes|sten|stem)?,Spass an Neuem | offen für neue Entdeckungen | ausprobieren wollen | experimentierfreudig,Spass an Neuem | offen für neue Entdeckungen | ausprobieren wollen | experimentierfreudig,rough,"['Spass an Neuem', 'offen für neue Entdeckungen', 'ausprobieren wollen', 'experimentierfreudig']","['Spass an Neuem', 'offen für neue Entdeckungen', 'ausprobieren wollen', 'experimentierfreudig']"
Risikoträger,1,s,(in|n|innen|s)?,Optionen abwägend | offen für Neues | ausprobieren wollen | Experimente durchführen,offen für Neues | ausprobieren wollen | Experimente durchführen,rough,"['Optionen abwägend', 'offen für Neues', 'ausprobieren wollen', 'Experimente durchführen']","['offen für Neues', 'ausprobieren wollen', 'Experimente durchführen']"
Risik,1,s,(|o|os|en)?,verantwortungsbewusst | abwägend | offen für Neues | ausprobieren wollen,verantwortungsbewusst | abwägend | offen für Neues | ausprobieren wollen,rough,"['verantwortungsbewusst', 'abwägend', 'offen für Neues', 'ausprobieren wollen']","['verantwortungsbewusst', 'abwägend', 'offen für Neues', 'ausprobieren wollen']"
Rival,1,s,(e|en|in|innen)?,Kompetenz einsetzen | im Team etwas verfolgen | erreichen,Kompetenz einsetzen | im Team etwas verfolgen | erreichen,competitive,"['Kompetenz einsetzen', 'im Team etwas verfolgen', 'erreichen']","['Kompetenz einsetzen', 'im Team etwas verfolgen', 'erreichen']"
robust,1,a,(e|er|en|em|es|ere|erer|eren|erem|eres|erere|erers|erern|ererm|ste|ster|stes|sten|stem)?,stabil | mit Erfahrung | fachkundig,stabil | mit Erfahrung | fachkundig,rough,"['stabil', 'mit Erfahrung', 'fachkundig']","['stabil', 'mit Erfahrung', 'fachkundig']"
rücksichtslos,1,a,(e|er|en|em|es|ere|erer|eren|erem|eres|erere|erers|erern|ererm|este|ester|estes|esten|estem)?,,,hard-hearted,[''],['']
schlagkräftig,1,a,(e|er|en|em|es|ere|erer|eren|erem|eres|erere|erers|erern|ererm|este|ester|estes|esten|estem)?,etwas nachvollziehbar aufzeigen,,rough,['etwas nachvollziehbar aufzeigen'],['']
selber,1,a,,auf Aufgaben fokussieren | Verantwortung tragen,auf Aufgaben fokussieren | Verantwortung tragen,competitive,"['auf Aufgaben fokussieren', 'Verantwortung tragen']","['auf Aufgaben fokussieren', 'Verantwortung tragen']"
selbst,1,a,,auf Aufgaben fokussieren | Verantwortung tragen,auf Aufgaben fokussieren | Verantwortung tragen,competitive,"['auf Aufgaben fokussieren', 'Verantwortung tragen']","['auf Aufgaben fokussieren', 'Verantwortung tragen']"
selbständig,1,a,(e|er|en|em|es|ere|erer|eren|erem|eres|erere|erers|erern|ererm|ste|ster|stes|sten|stem)?,Kompetenz einsetzen | auf Aufgaben fokussieren | Verantwortung tragen,Kompetenz einsetzen | auf Aufgaben fokussieren | Verantwortung tragen,competitive,"['Kompetenz einsetzen', 'auf Aufgaben fokussieren', 'Verantwortung tragen']","['Kompetenz einsetzen', 'auf Aufgaben fokussieren', 'Verantwortung tragen']"
Selbständigkeit,1,s,,Kompetenz einsetzen | auf Aufgaben fokussieren | Verantwortung tragen,Kompetenz einsetzen | auf Aufgaben fokussieren | Verantwortung tragen,competitive,"['Kompetenz einsetzen', 'auf Aufgaben fokussieren', 'Verantwortung tragen']","['Kompetenz einsetzen', 'auf Aufgaben fokussieren', 'Verantwortung tragen']"
Selbstbehauptung,1,s,,erwirken | umsetzen | vollbringen,erwirken | umsetzen | vollbringen,competitive,"['erwirken', 'umsetzen', 'vollbringen']","['erwirken', 'umsetzen', 'vollbringen']"
selbstbewusst,1,a,(e|er|en|em|es|ere|erer|eren|erem|eres|erere|erers|erern|ererm|este|ester|estes|esten|estem)?,in eigene Kompetenz vertrauen | Meinung/Arbeit vertreten,in eigene Kompetenz vertrauen | Meinung/Arbeit vertreten,competitive,"['in eigene Kompetenz vertrauen', 'Meinung/Arbeit vertreten']","['in eigene Kompetenz vertrauen', 'Meinung/Arbeit vertreten']"
Selbstbewusstsein,1,s,s?,Vertrauen in eigene Kompetenz | Vertreten der Meinung/Arbeit,Vertrauen in eigene Kompetenz | Vertreten der Meinung/Arbeit,competitive,"['Vertrauen in eigene Kompetenz', 'Vertreten der Meinung/Arbeit']","['Vertrauen in eigene Kompetenz', 'Vertreten der Meinung/Arbeit']"
selbstsicher,1,a,(e|er|en|em|es|ere|erer|eren|erem|eres|erere|erers|erern|ererm|ste|ster|stes|sten|stem)?,in eigene Kompetenz vertrauen | Meinung/Arbeit vertreten,in eigene Kompetenz vertrauen | Meinung/Arbeit vertreten,competitive,"['in eigene Kompetenz vertrauen', 'Meinung/Arbeit vertreten']","['in eigene Kompetenz vertrauen', 'Meinung/Arbeit vertreten']"
selbstständig,1,a,(e|er|en|em|es|ere|erer|eren|erem|eres|erere|erers|erern|ererm|ste|ster|stes|sten|stem)?,seine Kompetenz einsetzen | auf seine Aufgaben fokussieren | Verantwortung tragen,seine Kompetenz einsetzen | auf seine Aufgaben fokussieren | Verantwortung tragen,competitive,"['seine Kompetenz einsetzen', 'auf seine Aufgaben fokussieren', 'Verantwortung tragen']","['seine Kompetenz einsetzen', 'auf seine Aufgaben fokussieren', 'Verantwortung tragen']"
Selbstständigkeit,1,s,,seine Kompetenz einsetzen | auf seine Aufgaben fokussieren | Verantwortung tragen,seine Kompetenz einsetzen | auf seine Aufgaben fokussieren | Verantwortung tragen,competitive,"['seine Kompetenz einsetzen', 'auf seine Aufgaben fokussieren', 'Verantwortung tragen']","['seine Kompetenz einsetzen', 'auf seine Aufgaben fokussieren', 'Verantwortung tragen']"
Selbstvertrauen,1,s,s?,auf eigene Kompetenz zählen | Meinung/Arbeit vertreten,auf eigene Kompetenz zählen | Meinung/Arbeit vertreten,competitive,"['auf eigene Kompetenz zählen', 'Meinung/Arbeit vertreten']","['auf eigene Kompetenz zählen', 'Meinung/Arbeit vertreten']"
sicherstell,1,v,(e|st|t|en),sich um etwas kümmern,sich um etwas kümmern,rough,['sich um etwas kümmern'],['sich um etwas kümmern']
Sicherstellung,1,s,,,,rough,[''],['']
sicher,1,a,(e|er|en|em|es|ere|erer|eren|erem|eres|erere|erers|erern|ererm|ste|ster|stes|sten|stem)?,in eigene Kompetenz vertrauen | Meinung/Arbeit vertreten,in eigene Kompetenz vertrauen | Meinung/Arbeit vertreten,competitive,"['in eigene Kompetenz vertrauen', 'Meinung/Arbeit vertreten']","['in eigene Kompetenz vertrauen', 'Meinung/Arbeit vertreten']"
siegessicher,1,a,(e|er|en|em|es|ere|erer|eren|erem|eres|erere|erers|erern|ererm|ste|ster|stes|sten|stem)?,unbeirrt | enthusiastisch | fokussiert,unbeirrt | enthusiastisch | fokussiert,competitive,"['unbeirrt', 'enthusiastisch', 'fokussiert']","['unbeirrt', 'enthusiastisch', 'fokussiert']"
sportlerisch,1,a,(e|er|en|em|es|ere|erer|eren|erem|eres|erere|erers|erern|ererm|ste|ster|stes|sten|stem)?,,,competitive,[''],['']
sportlich,1,a,(e|er|en|em|es|ere|erer|eren|erem|eres|erere|erers|erern|ererm|ste|ster|stes|sten|stem)?,flexibel | pragmatisch | unkompliziert | beweglich,flexibel | pragmatisch | unkompliziert | beweglich,competitive,"['flexibel', 'pragmatisch', 'unkompliziert', 'beweglich']","['flexibel', 'pragmatisch', 'unkompliziert', 'beweglich']"
stark,1,a,(e|er|en|em|es)?,stabil | mit Erfahrung | fachkundig ,stabil | mit Erfahrung | fachkundig ,rough,"['stabil', 'mit Erfahrung', 'fachkundig ']","['stabil', 'mit Erfahrung', 'fachkundig ']"
stärk,1,a,(er|ere|erer|eren|erem|eres|erere|erers|erern|ererm|ste|ster|stes|sten|stem),stabil | mit Erfahrung | fachkundig ,,rough,"['stabil', 'mit Erfahrung', 'fachkundig ']",['']
Stärke,1,s,,Stabilität | mit Erfahrung | fachkundig,Stabilität | mit Erfahrung | fachkundig,rough,"['Stabilität', 'mit Erfahrung', 'fachkundig']","['Stabilität', 'mit Erfahrung', 'fachkundig']"
streit,1,a,(e|st|t|en),Reibungen bewältigen können | argumentieren können,Reibungen bewältigen können | argumentieren können,hard-hearted,"['Reibungen bewältigen können', 'argumentieren können']","['Reibungen bewältigen können', 'argumentieren können']"
streitlustig,1,a,(e|er|en|em|es|ere|erer|eren|erem|eres|erere|erers|erern|ererm|ste|ster|stes|sten|stem)?,Reibungen bewältigen können | argumentieren können,Reibungen bewältigen können | argumentieren können,hard-hearted,"['Reibungen bewältigen können', 'argumentieren können']","['Reibungen bewältigen können', 'argumentieren können']"
streitsüchtig,1,a,(e|er|en|em|es|ere|erer|eren|erem|eres|erere|erers|erern|ererm|ste|ster|stes|sten|stem)?,,,hard-hearted,[''],['']
stur,1,a,(e|er|en|em|es|ere|erer|eren|erem|eres|erere|erers|erern|ererm|ste|ster|stes|sten|stem)?,,,hard-hearted,[''],['']
tapfer,1,a,(e|er|en|em|es|ere|erer|eren|erem|eres|erere|erers|erern|ererm|ste|ster|stes|sten|stem)?,zupackend | diszipliniert | Spass an Neuem | offen für neue Entdeckungen,zupackend | diszipliniert | Spass an Neuem | offen für neue Entdeckungen,competitive,"['zupackend', 'diszipliniert', 'Spass an Neuem', 'offen für neue Entdeckungen']","['zupackend', 'diszipliniert', 'Spass an Neuem', 'offen für neue Entdeckungen']"
treibend,1,a,(e|er|en|em|es|ere|erer|eren|erem|eres|erere|erers|erern|ererm|ste|ster|stes|sten|stem)?,,,competitive,[''],['']
treib,1,v,(e|st|t|en),,,competitive,[''],['']
Treiber,1,s,(in)?,initiativ | gerne die Initiative ergreifen,initiativ | gerne die Initiative ergreifen,rough,"['initiativ', 'gerne die Initiative ergreifen']","['initiativ', 'gerne die Initiative ergreifen']"
überlegen,1,a,,,,competitive,[''],['']
überzeug,1,v,(e|st|t|en|end),mit Kompetenz vertreten | Meinung/Arbeit vertreten,mit Kompetenz vertreten | Meinung/Arbeit vertreten,competitive,"['mit Kompetenz vertreten', 'Meinung/Arbeit vertreten']","['mit Kompetenz vertreten', 'Meinung/Arbeit vertreten']"
überzeugt,1,a,(e|er|en|em|es|ere|erer|eren|erem|eres|erere|erers|erern|ererm|este|ester|estes|esten|estem)?,in eigene Kompetenz vertrauen | Meinung/Arbeit vertreten,in eigene Kompetenz vertrauen | Meinung/Arbeit vertreten,competitive,"['in eigene Kompetenz vertrauen', 'Meinung/Arbeit vertreten']","['in eigene Kompetenz vertrauen', 'Meinung/Arbeit vertreten']"
Überzeugung,1,s,,in eigene Kompetenz vertrauen | Meinung/Arbeit vertreten | insistieren,in eigene Kompetenz vertrauen | Meinung/Arbeit vertreten | insistieren,competitive,"['in eigene Kompetenz vertrauen', 'Meinung/Arbeit vertreten', 'insistieren']","['in eigene Kompetenz vertrauen', 'Meinung/Arbeit vertreten', 'insistieren']"
umsetzungsstark,1,a,die Arbeiten zum Abschluss bringen | vollbringen | umsetzungsfreudig,die Arbeiten zum Abschluss bringen | vollbringen | umsetzungsfreudig,hard-hearted,,"['die Arbeiten zum Abschluss bringen', 'vollbringen', 'umsetzungsfreudig']",['hard-hearted']
unabhängig,1,a,(e|er|en|em|es|ere|erer|eren|erem|eres|erere|erers|erern|ererm|ste|ster|stes|sten|stem)?,auf seine Aufgaben fokussieren | Verantwortung tragen,auf seine Aufgaben fokussieren | Verantwortung tragen,competitive,"['auf seine Aufgaben fokussieren', 'Verantwortung tragen']","['auf seine Aufgaben fokussieren', 'Verantwortung tragen']"
Unabhängigkeit,1,s,,auf seine Aufgaben fokussieren | Verantwortung tragen,auf seine Aufgaben fokussieren | Verantwortung tragen,competitive,"['auf seine Aufgaben fokussieren', 'Verantwortung tragen']","['auf seine Aufgaben fokussieren', 'Verantwortung tragen']"
unbekümmert,1,a,(e|er|en|em|es|ere|erer|eren|erem|eres|erere|erers|erern|ererm|este|ester|estes|esten|estem)?,,,rough,[''],['']
unbeugsam,1,a,(e|er|en|em|es|ere|erer|eren|erem|eres|erere|erers|erern|ererm|ste|ster|stes|sten|stem)?,,,hard-hearted,[''],['']
unerschrocken,1,a,(e|er|en|em|es|ere|erer|eren|erem|eres|erere|erers|erern|ererm|ste|ster|stes|sten|stem)?,Spass an Neuem | offen für neue Entdeckungen | ausprobieren wollen | experimentierfreudig,Spass an Neuem | offen für neue Entdeckungen | ausprobieren wollen | experimentierfreudig,competitive,"['Spass an Neuem', 'offen für neue Entdeckungen', 'ausprobieren wollen', 'experimentierfreudig']","['Spass an Neuem', 'offen für neue Entdeckungen', 'ausprobieren wollen', 'experimentierfreudig']"
unnachgiebig,1,a,(e|er|en|em|es|ere|erer|eren|erem|eres|erere|erers|erern|ererm|ste|ster|stes|sten|stem)?,,,hard-hearted,[''],['']
unverschämt,1,a,(e|er|en|em|es|ere|erer|eren|erem|eres|erere|erers|erern|ererm|este|ester|estes|esten|estem)?,,,competitive,[''],['']
Urteil,1,s,s?,,,hard-hearted,[''],['']
Vaterland,1,s,s?,,Herkunftsland | Ursprungsland | Heimat,rough,[''],"['Herkunftsland', 'Ursprungsland', 'Heimat']"
verfecht,1,v,(e|st|t|en),für etwas einstehen | etwas verteidigen,für etwas einstehen | etwas verteidigen,rough,"['für etwas einstehen', 'etwas verteidigen']","['für etwas einstehen', 'etwas verteidigen']"
vorantreib,1,v,(e|st|t|en),sich engagieren | sich einsetzen,sich engagieren | sich einsetzen,competitive,"['sich engagieren', 'sich einsetzen']","['sich engagieren', 'sich einsetzen']"
waghalsig,1,a,(e|er|en|em|es|ere|erer|eren|erem|eres|erere|erers|erern|ererm|ste|ster|stes|sten|stem)?,,,rough,[''],['']
wag,1,a,(e|st|t|en),sich erlaubt | offen für Experimente | neue Sachen ausprobieren,sich erlaubt | offen für Experimente | neue Sachen ausprobieren,rough,"['sich erlaubt', 'offen für Experimente', 'neue Sachen ausprobieren']","['sich erlaubt', 'offen für Experimente', 'neue Sachen ausprobieren']"
wehr,1,a,(e|st|t|en),sich einsetzen für | für etwas einstehen | verteidigen,sich einsetzen für | für etwas einstehen | verteidigen,hard-hearted,"['sich einsetzen für', 'für etwas einstehen', 'verteidigen']","['sich einsetzen für', 'für etwas einstehen', 'verteidigen']"
Wettbewerb,1,s,s?,Kompetenz einsetzen | im Team etwas verfolgen | erreichen,Kompetenz einsetzen | im Team etwas verfolgen | erreichen,competitive,"['Kompetenz einsetzen', 'im Team etwas verfolgen', 'erreichen']","['Kompetenz einsetzen', 'im Team etwas verfolgen', 'erreichen']"
wettbewerbsfähig,1,a,(e|er|en|em|es|ere|erer|eren|erem|eres|erere|erers|erern|ererm|ste|ster|stes|sten|stem)?,,,competitive,[''],['']
wetteifer,1,a,(e|st|t|en),Kompetenz einsetzen | um weiterzukommen; im Team etwas verfolgen | erreichen,Kompetenz einsetzen | um weiterzukommen; im Team etwas verfolgen | erreichen,competitive,"['Kompetenz einsetzen', 'um weiterzukommen; im Team etwas verfolgen', 'erreichen']","['Kompetenz einsetzen', 'um weiterzukommen; im Team etwas verfolgen', 'erreichen']"
Wettkampf,1,s,(es|s)?,,,competitive,[''],['']
Wettkämpfe,1,s,,,,competitive,[''],['']
zäh,1,a,(e|er|en|em|es|ere|erer|eren|erem|eres|erere|erers|erern|ererm|este|ester|estes|esten|estem)?,,,hard-hearted,[''],['']
Zähigkeit,1,s,,,,hard-hearted,[''],['']
zielorientiert,1,a,(e|er|en|em|es|ere|erer|eren|erem|eres|erere|erers|erern|ererm|este|ester|estes|esten|estem)?,Meilensteine erreichen wollen | strebsam | fleißig | mit Team etwas verfolgen | erreichen | fokussiert,Meilensteine erreichen wollen | strebsam | fleißig | mit Team etwas verfolgen | erreichen | fokussiert,competitive,"['Meilensteine erreichen wollen', 'strebsam', 'fleißig', 'mit Team etwas verfolgen', 'erreichen', 'fokussiert']","['Meilensteine erreichen wollen', 'strebsam', 'fleißig', 'mit Team etwas verfolgen', 'erreichen', 'fokussiert']"
zielstrebig,1,a,(e|er|en|em|es|ere|erer|eren|erem|eres|erere|erers|erern|ererm|ste|ster|stes|sten|stem)?,Meilensteine erreichen wollen | strebsam | fleißig | mit Team etwas verfolgen | erreichen | fokussiert,Meilensteine erreichen wollen | strebsam | fleißig | mit Team etwas verfolgen | erreichen | fokussiert,competitive,"['Meilensteine erreichen wollen', 'strebsam', 'fleißig', 'mit Team etwas verfolgen', 'erreichen', 'fokussiert']","['Meilensteine erreichen wollen', 'strebsam', 'fleißig', 'mit Team etwas verfolgen', 'erreichen', 'fokussiert']"
