EmptyWords-German,subcategory,Lemma,is_active,Wordtype,Forms,Alternative_Singular,Alternative_Plural,Lemma_spacy,Alternative_Singular_split,Alternative_Plural_split
Arbeitskraft,vague_ambiguous,,1,,(aft|äfte),Mitarbeiterin : Mitarbeiter | Mitarbeiter:in | Personal | menschliche Kraft zu geistiger/körperlicher Arbeit,Angestellte | Mitarbeitende | Mitarbeiterinnen : Mitarbeiter | Mitarbeiter:innen | Mitarbeiterinnen und Mitarbeiter | Personal,Arbeitskraft,"['Mitarbeiterin : Mitarbeiter', 'Mitarbeiter:in', 'Personal', 'menschliche Kraft zu geistiger/körperlicher Arbeit']","['Angestellte', 'Mitarbeitende', 'Mitarbeiterinnen : Mitarbeiter', 'Mitarbeiter:innen', 'Mitarbeiterinnen und Mitarbeiter', 'Personal']"
Familienvater,vague_ambiguous,Familienvater,1,s,(ater|äter)?,"Vater | Elternteil | (primäre) Bezugsperson | Person, die die Elternrolle hat","Eltern | Väter | Elternteile | (primäre) Bezugspersonen | Personen, die die Elternrolle haben",Familienvater,"['Vater', 'Elternteil', '(primäre) Bezugsperson', 'Person, die die Elternrolle hat']","['Eltern', 'Väter', 'Elternteile', '(primäre) Bezugspersonen', 'Personen, die die Elternrolle haben']"
Flexibilität,vague_ambiguous,,1,s,,Anpassungsfähigkeit | Aufgeschlossenheit gegenüber Wandel | Bereitschaft für Veränderung | Mobilität | Fähigkeit sich schnell auf Neues umzustellen,Anpassungsfähigkeit | Aufgeschlossenheit gegenüber Wandel | Bereitschaft für Veränderung | Mobilität | Fähigkeit sich schnell auf Neues umzustellen,Flexibilität,"['Anpassungsfähigkeit', 'Aufgeschlossenheit gegenüber Wandel', 'Bereitschaft für Veränderung', 'Mobilität', 'Fähigkeit sich schnell auf Neues umzustellen']","['Anpassungsfähigkeit', 'Aufgeschlossenheit gegenüber Wandel', 'Bereitschaft für Veränderung', 'Mobilität', 'Fähigkeit sich schnell auf Neues umzustellen']"
flexibel,vague_ambiguous,,1,a,,anpassungsfähig | bei Entscheidungen wendig | pragmatisch | offen | beweglich | agil | variabel | mobil | durch nutzende Personen definiert  ,anpassungsfähig | bei Entscheidungen wendig | pragmatisch | offen | beweglich | agil | variabel | mobil | durch nutzende Personen definiert  ,flexibel,"['anpassungsfähig', 'bei Entscheidungen wendig', 'pragmatisch', 'offen', 'beweglich', 'agil', 'variabel', 'mobil', 'durch nutzende Personen definiert  ']","['anpassungsfähig', 'bei Entscheidungen wendig', 'pragmatisch', 'offen', 'beweglich', 'agil', 'variabel', 'mobil', 'durch nutzende Personen definiert  ']"
flexibl,vague_ambiguous,flexibel,1,a,(e|er|en|em|es|ere|erer|eren|erem|eres|erere|erers|erern|ererm|ste|ster|stes|sten|stem)?,anpassungsfähig | bei Entscheidungen wendig | pragmatisch | offen | beweglich | agil | variabel | mobil | durch nutzende Personen definiert  ,anpassungsfähig | bei Entscheidungen wendig | pragmatisch | offen | beweglich | agil | variabel | mobil | durch nutzende Personen definiert  ,flexibl,"['anpassungsfähig', 'bei Entscheidungen wendig', 'pragmatisch', 'offen', 'beweglich', 'agil', 'variabel', 'mobil', 'durch nutzende Personen definiert  ']","['anpassungsfähig', 'bei Entscheidungen wendig', 'pragmatisch', 'offen', 'beweglich', 'agil', 'variabel', 'mobil', 'durch nutzende Personen definiert  ']"
global,vague_ambiguous,,1,a,(e|er|en|em|es|ere|erer|eren|erem|eres|erere|erers|erern|ererm|ste|ster|stes|sten|stem)?,in vielen Ländern Europas/Asiens/Afrikas/Nord- und Südamerikas | auf allen Kontinenten,in vielen Ländern Europas/Asiens/Afrikas/Nord- und Südamerikas | auf allen Kontinenten,global,"['in vielen Ländern Europas/Asiens/Afrikas/Nord- und Südamerikas', 'auf allen Kontinenten']","['in vielen Ländern Europas/Asiens/Afrikas/Nord- und Südamerikas', 'auf allen Kontinenten']"
hochwertig,vague_ambiguous,,1,a,(e|er|en|em|es|ere|erer|eren|erem|eres|erere|erers|erern|ererm|ste|ster|stes|sten|stem)?,von guter Qualität | selten | stabil | dauerhaft | robust | wertbeständig,von guter Qualität | selten | stabil | dauerhaft | robust | wertbeständig,hochwertig,"['von guter Qualität', 'selten', 'stabil', 'dauerhaft', 'robust', 'wertbeständig']","['von guter Qualität', 'selten', 'stabil', 'dauerhaft', 'robust', 'wertbeständig']"
Innovation,vague_ambiguous,,1,s,(en)?,Neugestaltung | Erfindung | technischer Fortschritt | Neuerung | Neuschöpfung | Neuentwicklung,Neugestaltungen | Erfindungen | technische Fortschritte | Neuerungen | Neuschöpfungen | Neuentwicklungen,Innovation,"['Neugestaltung', 'Erfindung', 'technischer Fortschritt', 'Neuerung', 'Neuschöpfung', 'Neuentwicklung']","['Neugestaltungen', 'Erfindungen', 'technische Fortschritte', 'Neuerungen', 'Neuschöpfungen', 'Neuentwicklungen']"
Innovationskraft,vague_ambiguous,,1,s,,"Erfindungsreichtum | Kreativität | Fähigkeit, Ideen in Lösungen umzusetzen | Umsetzungskraft",-,Innovationskraft,"['Erfindungsreichtum', 'Kreativität', 'Fähigkeit, Ideen in Lösungen umzusetzen', 'Umsetzungskraft']",['-']
innovativ,vague_ambiguous,,1,a,(e|er|en|em|es|ere|erer|eren|erem|eres|erere|erers|erern|ererm|ste|ster|stes|sten|stem)?,einfallsreich | neuartig | kreativ | schöpferisch | erfindungsreich | zukunftsweisend | bahnbrechend | ideenreich | fortschrittlich,einfallsreich | neuartig | kreativ | schöpferisch | erfindungsreich | zukunftsweisend | bahnbrechend | ideenreich | fortschrittlich,innovativ,"['einfallsreich', 'neuartig', 'kreativ', 'schöpferisch', 'erfindungsreich', 'zukunftsweisend', 'bahnbrechend', 'ideenreich', 'fortschrittlich']","['einfallsreich', 'neuartig', 'kreativ', 'schöpferisch', 'erfindungsreich', 'zukunftsweisend', 'bahnbrechend', 'ideenreich', 'fortschrittlich']"
international,vague_ambiguous,,1,a,(e|er|en|em|es|ere|erer|eren|erem|eres|erere|erers|erern|ererm|ste|ster|stes|sten|stem)?,in vielen Ländern Europas/Asiens/Afrikas/Nord- und Südamerikas | auf allen Kontinenten,in vielen Ländern Europas/Asiens/Afrikas/Nord- und Südamerikas | auf allen Kontinenten,international,"['in vielen Ländern Europas/Asiens/Afrikas/Nord- und Südamerikas', 'auf allen Kontinenten']","['in vielen Ländern Europas/Asiens/Afrikas/Nord- und Südamerikas', 'auf allen Kontinenten']"
jung,vague_ambiguous,,1,a,(e|er|en|em|es|ere|erer|eren|erem|eres|erere|erers|erern|ererm|ste|ster|stes|sten|stem)?,aktiv | lebendig | tatkräftig | lebhaft | enthusiastisch | engagiert | energiegeladen | vital | eifrig | anpassungsfähig,aktiv | lebendig | tatkräftig | lebhaft | enthusiastisch | engagiert | energiegeladen | vital | eifrig | anpassungsfähig,jung,"['aktiv', 'lebendig', 'tatkräftig', 'lebhaft', 'enthusiastisch', 'engagiert', 'energiegeladen', 'vital', 'eifrig', 'anpassungsfähig']","['aktiv', 'lebendig', 'tatkräftig', 'lebhaft', 'enthusiastisch', 'engagiert', 'energiegeladen', 'vital', 'eifrig', 'anpassungsfähig']"
jünger,vague_ambiguous,jünger,1,a,(e|er|en|em|es|ere|erer|eren|erem|eres|erere|erers|erern|ererm|ste|ster|stes|sten|stem)?,aktiver | lebendiger | tatkräftiger | lebhafter | enthusiastischer | engagierter | energiegeladener | vitaler | eifriger | anpassungsfähiger,aktiver | lebendiger | tatkräftiger | lebhafter | enthusiastischer | engagierter | energiegeladener | vitaler | eifriger | anpassungsfähiger,jung,"['aktiver', 'lebendiger', 'tatkräftiger', 'lebhafter', 'enthusiastischer', 'engagierter', 'energiegeladener', 'vitaler', 'eifriger', 'anpassungsfähiger']","['aktiver', 'lebendiger', 'tatkräftiger', 'lebhafter', 'enthusiastischer', 'engagierter', 'energiegeladener', 'vitaler', 'eifriger', 'anpassungsfähiger']"
Karrierechance,vague_ambiguous,,1,s,(en)?,gute Aufstiegsmöglichkeit,gute Aufstiegsmöglichkeiten,Karrierechance,['gute Aufstiegsmöglichkeit'],['gute Aufstiegsmöglichkeiten']
lösungsorientiert,vague_ambiguous,,1,a,(e|er|en|em|es|ere|erer|eren|erem|eres|erere|erers|erern|ererm|ste|ster|stes|sten|stem)?,pragmatisch | umsetzungsorientiert,pragmatisch | umsetzungsorientiert,lösungsorientiert,"['pragmatisch', 'umsetzungsorientiert']","['pragmatisch', 'umsetzungsorientiert']"
Organisationstalent,vague_ambiguous,,1,s,(e|s|es|en)?,"Organisationsstärke | Organisationsfähigkeit | Geübtheit, anderen den Rücken frei zu halten | Person, die gut zu organisieren kann/einen klaren Blick behält/offene Enden zusammenzuführt","Organisationsstärke | Organisationsfähigkeit | Geübtheit, anderen den Rücken frei zu halten | Personen, die gut organisieren können/einen klaren Blick behalten/offene Enden zusammenführen können",Organisationstalent,"['Organisationsstärke', 'Organisationsfähigkeit', 'Geübtheit, anderen den Rücken frei zu halten', 'Person, die gut zu organisieren kann/einen klaren Blick behält/offene Enden zusammenzuführt']","['Organisationsstärke', 'Organisationsfähigkeit', 'Geübtheit, anderen den Rücken frei zu halten', 'Personen, die gut organisieren können/einen klaren Blick behalten/offene Enden zusammenführen können']"
Perspektive,vague_ambiguous,,1,s,(n)?,gute Zukunftsaussicht | gute Karrieremöglichkeit | Chance | Entwicklungsmöglichkeit | Gelegenheit | Standpunkt | Blickwinkel,gute Zukunftsaussichten | gute Karrieremöglichkeiten | Chancen | Entwicklungsmöglichkeiten | Gelegenheiten | Standpunkte | Blickwinkel,Perspektive,"['gute Zukunftsaussicht', 'gute Karrieremöglichkeit', 'Chance', 'Entwicklungsmöglichkeit', 'Gelegenheit', 'Standpunkt', 'Blickwinkel']","['gute Zukunftsaussichten', 'gute Karrieremöglichkeiten', 'Chancen', 'Entwicklungsmöglichkeiten', 'Gelegenheiten', 'Standpunkte', 'Blickwinkel']"
querdenken,vague_ambiguous,querdenken,1,v,(e|st|t|en)?,in neuen Mustern denken | parallel/lateral/kreativ/divergent denken | über den eigenen Tellerrand blicken | brainstormen,in neuen Mustern denken | parallel/lateral/kreativ/divergent denken | über den eigenen Tellerrand blicken | brainstormen,querdenken,"['in neuen Mustern denken', 'parallel/lateral/kreativ/divergent denken', 'über den eigenen Tellerrand blicken', 'brainstormen']","['in neuen Mustern denken', 'parallel/lateral/kreativ/divergent denken', 'über den eigenen Tellerrand blicken', 'brainstormen']"
Querdenken,vague_ambiguous,,1,s,,"die Fähigkeit, in neuen Mustern zu denken | die Fähigkeit, parallel/lateral/kreativ/divergent zu denken | die Fähigkeit, über den eigenen Tellerrand zu blicken | die Fähigkeit zum Brainstormen",-,Querdenken,"['die Fähigkeit, in neuen Mustern zu denken', 'die Fähigkeit, parallel/lateral/kreativ/divergent zu denken', 'die Fähigkeit, über den eigenen Tellerrand zu blicken', 'die Fähigkeit zum Brainstormen']",['-']
teamfähig,vague_ambiguous,,1,a,(e|er|en|em|es|ere|erer|eren|erem|eres|erere|erers|erern|ererm|ste|ster|stes|sten|stem)?,kooperationsfähig | offen gegenüber verschiedenen Menschen und Verhaltensweisen | fähig mit Unterscheiden und Gemeinsamkeiten umzugehen | kommunikationsfähig | kompromissbereit zugunsten des gemeinsamen Ziels,kooperationsfähig | offen gegenüber verschiedenen Menschen und Verhaltensweisen | fähig mit Unterscheiden und Gemeinsamkeiten umzugehen | kommunikationsfähig | kompromissbereit zugunsten des gemeinsamen Ziels,teamfähig,"['kooperationsfähig', 'offen gegenüber verschiedenen Menschen und Verhaltensweisen', 'fähig mit Unterscheiden und Gemeinsamkeiten umzugehen', 'kommunikationsfähig', 'kompromissbereit zugunsten des gemeinsamen Ziels']","['kooperationsfähig', 'offen gegenüber verschiedenen Menschen und Verhaltensweisen', 'fähig mit Unterscheiden und Gemeinsamkeiten umzugehen', 'kommunikationsfähig', 'kompromissbereit zugunsten des gemeinsamen Ziels']"
Teamfähigkeit,vague_ambiguous,,1,s,,Kooperationsfähigkeit | Akzeptanz gegenüber verschiedenen Menschen und Verhaltensweisen | Fähigkeit mit Unterscheiden und Gemeinsamkeiten umzugehen | Kommunikationsfähigkeit | Kompromissbereitschaft zugunsten des gemeinsamen Ziels,Kooperationsfähigkeit | Akzeptanz gegenüber verschiedenen Menschen und Verhaltensweisen | Fähigkeit mit Unterscheiden und Gemeinsamkeiten umzugehen | Kommunikationsfähigkeit | Kompromissbereitschaft zugunsten des gemeinsamen Ziels,Teamfähigkeit,"['Kooperationsfähigkeit', 'Akzeptanz gegenüber verschiedenen Menschen und Verhaltensweisen', 'Fähigkeit mit Unterscheiden und Gemeinsamkeiten umzugehen', 'Kommunikationsfähigkeit', 'Kompromissbereitschaft zugunsten des gemeinsamen Ziels']","['Kooperationsfähigkeit', 'Akzeptanz gegenüber verschiedenen Menschen und Verhaltensweisen', 'Fähigkeit mit Unterscheiden und Gemeinsamkeiten umzugehen', 'Kommunikationsfähigkeit', 'Kompromissbereitschaft zugunsten des gemeinsamen Ziels']"
Teamplayer,vague_ambiguous,,1,s,,Zusammenarbeit über das eigene Streben stellen | Team | Teammitglieder | Teamplayer*innen,Zusammenarbeit über das eigene Streben stellen | Team | Teammitglieder | Teamplayer*innen,Teamplayer,"['Zusammenarbeit über das eigene Streben stellen', 'Team', 'Teammitglieder', 'Teamplayer*innen']","['Zusammenarbeit über das eigene Streben stellen', 'Team', 'Teammitglieder', 'Teamplayer*innen']"
Traumaufgabe,vague_ambiguous,,1,s,(n)?,"Aufgabe, die genau den eigenen Vorstellungen/Wünschen entspricht","Aufgaben, die genau den eigenen Vorstellungen/Wünschen entsprechen",Traumaufgabe,"['Aufgabe, die genau den eigenen Vorstellungen/Wünschen entspricht']","['Aufgaben, die genau den eigenen Vorstellungen/Wünschen entsprechen']"
Traumjob,vague_ambiguous,,1,s,(s)?,"Job, der genau den eigenen Vorstellungen/Wünschen entspricht","Jobs, die genau den eigenen Vorstellungen/Wünschen entsprechen",Traumjob,"['Job, der genau den eigenen Vorstellungen/Wünschen entspricht']","['Jobs, die genau den eigenen Vorstellungen/Wünschen entsprechen']"
weltweit,vague_ambiguous,,1,a,(e|er|en|em|es|ere|erer|eren|erem|eres|erere|erers|erern|ererm|este|ester|estes|esten|estem)?,in vielen Ländern Europas/Asiens/Afrikas/Nord- und Südamerikas | auf allen Kontinenten,in vielen Ländern Europas/Asiens/Afrikas/Nord- und Südamerikas | auf allen Kontinenten,weltweit,"['in vielen Ländern Europas/Asiens/Afrikas/Nord- und Südamerikas', 'auf allen Kontinenten']","['in vielen Ländern Europas/Asiens/Afrikas/Nord- und Südamerikas', 'auf allen Kontinenten']"
