Lemma,Word_Type,Priority,Category,Primary_subcategory,Secondary_subcategory,Sg_single_click_clean,Sg_rephrase_clean,Sg_all_clean,Pl_single_click_clean,Pl_rephrase_clean,Pl_all_clean
Einkäufer,s,,gendered,function,,"['Einkauf, Einkäufer~in~/~Einkäufer']",['Einkaufende'],"['Einkauf, Einkäufer~in~/~Einkäufer', 'Einkaufende']",['Einkaufende'],['Einkauf'],"['Einkaufende', 'Einkauf']"
Fachmann,s,,gendered,function,,"['Fachperson', 'Fachkraft, Fachfrau~/~Fachmann']","['Fachpersonal, Fachkräfte']","['Fachperson', 'Fachkraft, Fachfrau~/~Fachmann', 'Fachpersonal, Fachkräfte']",['Fachkräfte'],['Fachpersonal'],"['Fachkräfte', 'Fachpersonal']"
Fachspezialist,s,,gendered,function,,"['Fachperson, Fachspezialist~in~/~Fachspezialist']","['in einem Fach spezialisierte Person', 'Person, die sich (auf ...) spezialisiert hat']","['Fachperson, Fachspezialist~in~/~Fachspezialist', 'in einem Fach spezialisierte Person', 'Person, die sich (auf ...) spezialisiert hat']",['n/a'],"['in einem Fach spezialisierte Personen', 'Personen, die sich (auf ...) spezialisiert haben']","['in einem Fach spezialisierte Personen', 'Personen, die sich (auf ...) spezialisiert haben']"
Forstwart,s,,gendered,function,,"['Forstwartung, Forstwart~in~/~Forstwart']","['Forstwartende, Fachkraft in der Waldbewirtschaftung']","['Forstwartung, Forstwart~in~/~Forstwart', 'Forstwartende, Fachkraft in der Waldbewirtschaftung']",['Forstwartende'],"['Forstwartung, Fachkräfte in der Waldbewirtschaftung']","['Forstwartende', 'Forstwartung, Fachkräfte in der Waldbewirtschaftung']"
Guy,s,,gendered,function,americanism,"['Kamerad~in~/~Kamerad', 'Freund~in~/~Freund', 'Kolleg~in~/~Kollege']","['Team, Leute', 'alle miteinander', 'alle zusammen']","['Kamerad~in~/~Kamerad', 'Freund~in~/~Freund', 'Kolleg~in~/~Kollege', 'Team, Leute', 'alle miteinander', 'alle zusammen']","['Leute', 'alle miteinander', 'alle zusammen']",['Team'],"['Leute', 'alle miteinander', 'alle zusammen', 'Team']"
Kaufmann,s,,gendered,function,,['Kauffrau~/~Kaufmann'],"['Kaufleute, Handeltreibende, Person im kaufmännischen Bereich']","['Kauffrau~/~Kaufmann', 'Kaufleute, Handeltreibende, Person im kaufmännischen Bereich']",['Handeltreibende'],"['Kaufleute, Personen im kaufmännischen Bereich']","['Handeltreibende', 'Kaufleute, Personen im kaufmännischen Bereich']"
Lehrling,s,,gendered,function,,"['Nachwuchskraft', 'Azubi, Ausbildung', 'Lehre, Auszubildende~/~Auszubildende~r']","['Lernende', 'Auszubildende, Person in Ausbildung', 'auszubildende Person', 'lernende Person']","['Nachwuchskraft', 'Azubi, Ausbildung', 'Lehre, Auszubildende~/~Auszubildende~r', 'Lernende', 'Auszubildende, Person in Ausbildung', 'auszubildende Person', 'lernende Person']","['Lernende', 'Auszubildende']","['Ausbildung', 'Lehre, Personen in Ausbildung', 'auszubildende Personen', 'lernende Person']","['Lernende', 'Auszubildende', 'Ausbildung', 'Lehre, Personen in Ausbildung', 'auszubildende Personen', 'lernende Person']"
Macher,s,,gendered,function,,['Macher~in~/~Macher'],['n/a'],['Macher~in~/~Macher'],['n/a'],['n/a'],[]
Manager,s,,gendered,function,,"['Management, Manager~in~/~Manager']",['n/a'],"['Management, Manager~in~/~Manager']",['n/a'],['Management'],['Management']
Matrose,s,,gendered,function,,['Matros~in~/~Matrose'],['zur See Fahrende'],"['Matros~in~/~Matrose', 'zur See Fahrende']",['zur See Fahrende'],['n/a'],['zur See Fahrende']
Meister,s,,gendered,function,,"['Ausbildungskraft, Werkstattleitung, Meister~in~/~Meister']","['Werkstattleitende', 'Ausbildende, fachkundige Person', 'kompetente Person', 'ausbildende Lehrkraft']","['Ausbildungskraft, Werkstattleitung, Meister~in~/~Meister', 'Werkstattleitende', 'Ausbildende, fachkundige Person', 'kompetente Person', 'ausbildende Lehrkraft']","['Werkstattleitende', 'Ausbildende']","['Werkstattleitung, fachkundige Personen', 'kompetente Personen', 'ausbildende Lehrkraft']","['Werkstattleitende', 'Ausbildende', 'Werkstattleitung, fachkundige Personen', 'kompetente Personen', 'ausbildende Lehrkraft']"
Mentor,s,,gendered,function,,"['Mentorat', 'Mentoring, Mentor~in~/~Mentor']","['Mentorierende, Person, die ihr Wissen und ihre Erfahrung weitergibt']","['Mentorat', 'Mentoring, Mentor~in~/~Mentor', 'Mentorierende, Person, die ihr Wissen und ihre Erfahrung weitergibt']",['Mentorierende'],"['Mentorat', 'Mentoring, Personen, die ihr Wissen und ihre Erfahrung weitergeben']","['Mentorierende', 'Mentorat', 'Mentoring, Personen, die ihr Wissen und ihre Erfahrung weitergeben']"
Nutzer,s,,gendered,function,,"['Nutzung, Nutzer~in~/~Nutzer']",['Nutzende'],"['Nutzung, Nutzer~in~/~Nutzer', 'Nutzende']",['Nutzende'],['Nutzung'],"['Nutzende', 'Nutzung']"
Officer,s,,gendered,function,americanism,"['Referent', 'Vorstandsmitglied']",['n/a'],"['Referent', 'Vorstandsmitglied']",['n/a'],['n/a'],[]
Partner,s,,gendered,function,,"['Partnerschaft, Partner~in~/~Partner']",['Partnernde'],"['Partnerschaft, Partner~in~/~Partner', 'Partnernde']",['Partnernde'],['Partnerschaft'],"['Partnernde', 'Partnerschaft']"
Personalreferent,s,,gendered,function,,"['Personalverwaltung und Personalentwicklung, Personalreferent~in~/~Personalreferent']","['Person, die Aufgaben in Personalverwaltung und Personalentwicklung betreuen']","['Personalverwaltung und Personalentwicklung, Personalreferent~in~/~Personalreferent', 'Person, die Aufgaben in Personalverwaltung und Personalentwicklung betreuen']",['n/a'],"['Personalverwaltung und Personalentwicklung, Personen, die Aufgaben in Personalverwaltung und Personalentwicklung betreuen']","['Personalverwaltung und Personalentwicklung, Personen, die Aufgaben in Personalverwaltung und Personalentwicklung betreuen']"
Praktikant,s,,gendered,function,,"['Praktikum, Praktikant~in~/~Praktikant']",['n/a'],"['Praktikum, Praktikant~in~/~Praktikant']",['n/a'],['Praktikum'],['Praktikum']
Praktiker,s,,gendered,function,,"['Praxis, Praktiker~in~/~Praktiker']",['n/a'],"['Praxis, Praktiker~in~/~Praktiker']",['n/a'],['Praxis'],['Praxis']
Projektteilnehmer,s,,gendered,function,,"['Projektmitglied, Projektteilnahme, Projektteilnehmer~in~/~Projektteilnehmer']","['Projektteam', 'Projektgruppe, Projektteilnehmende']","['Projektmitglied, Projektteilnahme, Projektteilnehmer~in~/~Projektteilnehmer', 'Projektteam', 'Projektgruppe, Projektteilnehmende']",['Projektteilnehmende'],"['Projektteam', 'Projektgruppe, Projektteilnahme']","['Projektteilnehmende', 'Projektteam', 'Projektgruppe, Projektteilnahme']"
Scientist,s,,gendered,function,americanism,"['Science', 'Wissenschaft, Wissenschaftler~in~/~Wissenschaftler']",['n/a'],"['Science', 'Wissenschaft, Wissenschaftler~in~/~Wissenschaftler']",['n/a'],"['Science', 'Wissenschaft']","['Science', 'Wissenschaft']"
Scrum Master,s,,gendered,function,,"['Scrum Mastering, Scrum Master~in~/~Scrum Master']",['n/a'],"['Scrum Mastering, Scrum Master~in~/~Scrum Master']",['n/a'],['Scrum Mastering'],['Scrum Mastering']
Steward,s,,gendered,function,,"['Bordgastronomie', 'Flugbegleitung, Zugsteward~ess~/~Zugsteward', 'Flugbegleiter~in~/~Flugbegleiter']",['n/a'],"['Bordgastronomie', 'Flugbegleitung, Zugsteward~ess~/~Zugsteward', 'Flugbegleiter~in~/~Flugbegleiter']",['n/a'],"['Bordgastronomie', 'Flugbegleitung']","['Bordgastronomie', 'Flugbegleitung']"
Student,s,,gendered,function,,"['Studi', 'Mitglied der Studentenschaft, Studium, Student~in~/~Student']","['Student~innenschaft, Studierende', 'Studis, Person, die (noch) studiert']","['Studi', 'Mitglied der Studentenschaft, Studium, Student~in~/~Student', 'Student~innenschaft, Studierende', 'Studis, Person, die (noch) studiert']","['Studierende', 'Studis']","['Student~innenschaft, Studium, Personen, die studieren']","['Studierende', 'Studis', 'Student~innenschaft, Studium, Personen, die studieren']"
Supporter,s,,gendered,function,,"['Support', 'Supporterin~/~Supporter']",['Supportleistende'],"['Support', 'Supporterin~/~Supporter', 'Supportleistende']",['Supportleistende'],"['Support', 'Supporterin~/~Supporter']","['Supportleistende', 'Support', 'Supporterin~/~Supporter']"
Teilnehmer,s,,gendered,function,,"['Teilnahme, Teilnehmer~in~/~Teilnehmer']",['Teilnehmende'],"['Teilnahme, Teilnehmer~in~/~Teilnehmer', 'Teilnehmende']",['Teilnehmende'],['Teilnahme'],"['Teilnehmende', 'Teilnahme']"
Tester,s,,gendered,function,,"['Testing', 'Test, Tester~in~/~Tester']",['Testende'],"['Testing', 'Test, Tester~in~/~Tester', 'Testende']",['Testende'],"['Testing', 'Test']","['Testende', 'Testing', 'Test']"
User,s,,gendered,function,,"['Nutzung, Nutzer~in~/~Nutzer']",['Nutzende'],"['Nutzung, Nutzer~in~/~Nutzer', 'Nutzende']",['Nutzende'],['Nutzung'],"['Nutzende', 'Nutzung']"
Verfechter,s,,gendered,function,,"['Verfechten, Verfechter~in~/~Verfechter']","['Verfechtende, Person, die für (...) eintritt', 'Person, die sich engagiert']","['Verfechten, Verfechter~in~/~Verfechter', 'Verfechtende, Person, die für (...) eintritt', 'Person, die sich engagiert']",['Verfechtende'],"['Verfechten, Personen, die für (...) eintreten', 'Personen, die sich engagieren']","['Verfechtende', 'Verfechten, Personen, die für (...) eintreten', 'Personen, die sich engagieren']"
Vermittler,s,,gendered,function,,"['Mittelsperson, Vermittlung, Vermittler~in~/~Vermittler']","['Vermittelnde, Person, die helfend vermittelt', 'Person, die vermittelnd (zwischen Personen, Parteien) auftritt']","['Mittelsperson, Vermittlung, Vermittler~in~/~Vermittler', 'Vermittelnde, Person, die helfend vermittelt', 'Person, die vermittelnd (zwischen Personen, Parteien) auftritt']",['Vermittelnde'],"['Vermittlung, Personen, die helfend vermitteln', 'Personen, die vermittelnd (zwischen Personen, Parteien) auftreten']","['Vermittelnde', 'Vermittlung, Personen, die helfend vermitteln', 'Personen, die vermittelnd (zwischen Personen, Parteien) auftreten']"
Vertreter,s,,gendered,function,,"['Vertretung, Vertreter~in~/~Vertreter']","['Vertretende, Person, die die Vertretung übernimmt', 'Person in der Vertretungsrolle']","['Vertretung, Vertreter~in~/~Vertreter', 'Vertretende, Person, die die Vertretung übernimmt', 'Person in der Vertretungsrolle']",['Vertretende'],"['Vertretung, Personen, die die Vertretung übernehmen', 'Personen in der Vertretungsrolle']","['Vertretende', 'Vertretung, Personen, die die Vertretung übernehmen', 'Personen in der Vertretungsrolle']"
Werker,s,,gendered,function,,"['Fachpraxis, Werker~in~/~Werker', 'Fachpraktiker~in~/~Fachpraktiker']",['n/a'],"['Fachpraxis, Werker~in~/~Werker', 'Fachpraktiker~in~/~Fachpraktiker']",['n/a'],['Fachpraxis'],['Fachpraxis']
Zuhörer,s,,gendered,function,,['Zuhörer~in/~Zuhörer'],"['Publikum', 'Publikumsscharen, Zuhörende, zuhörende Person', 'Person im Publikum']","['Zuhörer~in/~Zuhörer', 'Publikum', 'Publikumsscharen, Zuhörende, zuhörende Person', 'Person im Publikum']",['Zuhörende'],"['Publikum', 'Publikumsscharen, Personen, die zuhören', 'Menschen im Publikum']","['Zuhörende', 'Publikum', 'Publikumsscharen, Personen, die zuhören', 'Menschen im Publikum']"
Zulieferer,s,,gendered,function,,"['Zulieferung', 'Zulieferfirma', 'zulieferndes Unternehmen', 'Zulieferunternehmen, Zuliefer~in~/~Zulieferer']",['Zuliefernde'],"['Zulieferung', 'Zulieferfirma', 'zulieferndes Unternehmen', 'Zulieferunternehmen, Zuliefer~in~/~Zulieferer', 'Zuliefernde']",['Zuliefernde'],['n/a'],['Zuliefernde']
Boss,s,,gendered,leadership,,"['leitende Kraft', 'Leitungsperson, Leitung, Vorgesetzte~r']","['leitende Kräfte', 'Leitungskräfte', 'Leitungspersonen', 'Vorgesetzte, entscheidungsbefugte Person', 'verantwortliche Person']","['leitende Kraft', 'Leitungsperson, Leitung, Vorgesetzte~r', 'leitende Kräfte', 'Leitungskräfte', 'Leitungspersonen', 'Vorgesetzte, entscheidungsbefugte Person', 'verantwortliche Person']","['leitende Kräfte', 'Leitungskräfte', 'Leitungspersonen', 'Vorgesetzte']","['Leitung, entscheidungsbefugte Personen', 'verantwortliche Personen']","['leitende Kräfte', 'Leitungskräfte', 'Leitungspersonen', 'Vorgesetzte', 'Leitung, entscheidungsbefugte Personen', 'verantwortliche Personen']"
Chef,s,,gendered,leadership,,"['Leitungsperson', 'leitende Kraft, Leitung', 'Geschäftsführung', 'Management', 'Direktorium', 'Firmenleitung', 'Unternehmensleitung, Vorgesetzte~r']","['CEOs', 'Leitungspersonen', 'Vorgesetzte', 'leitende Kräfte', 'Leitungskräfte, entscheidungsbefugte Person', 'verantwortliche Person, Person, die das Team beim Erreichen gemeinsamer Ziele unterstützt']","['Leitungsperson', 'leitende Kraft, Leitung', 'Geschäftsführung', 'Management', 'Direktorium', 'Firmenleitung', 'Unternehmensleitung, Vorgesetzte~r', 'CEOs', 'Leitungspersonen', 'Vorgesetzte', 'leitende Kräfte', 'Leitungskräfte, entscheidungsbefugte Person', 'verantwortliche Person, Person, die das Team beim Erreichen gemeinsamer Ziele unterstützt']","['CEOs', 'Leitungspersonen', 'Vorgesetzte', 'leitende Kräfte', 'Leitungskräfte, Person, die das Team beim Erreichen gemeinsamer Ziele unterstützt']","['Leitung', 'Geschäftsführung', 'Management', 'Direktorium', 'Firmenleitung', 'Unternehmensleitung, entscheidungsbefugte Personen', 'verantwortliche Personen']","['CEOs', 'Leitungspersonen', 'Vorgesetzte', 'leitende Kräfte', 'Leitungskräfte, Person, die das Team beim Erreichen gemeinsamer Ziele unterstützt', 'Leitung', 'Geschäftsführung', 'Management', 'Direktorium', 'Firmenleitung', 'Unternehmensleitung, entscheidungsbefugte Personen', 'verantwortliche Personen']"
Direktor,s,,gendered,leadership,,"['Mitglied des Direktoriums, Leitung', 'Direktorium', 'Direktorat, Direktor~in~/~Direktor']","['leitende Kräfte', 'Leitungskräfte', 'Leitungspersonen', 'Mitglieder des Direktoriums', 'Vorgesetzte']","['Mitglied des Direktoriums, Leitung', 'Direktorium', 'Direktorat, Direktor~in~/~Direktor', 'leitende Kräfte', 'Leitungskräfte', 'Leitungspersonen', 'Mitglieder des Direktoriums', 'Vorgesetzte']","['leitende Kräfte', 'Leitungskräfte', 'Leitungspersonen', 'Mitglieder des Direktoriums', 'Vorgesetzte']","['Leitung', 'Direktorium', 'Direktorat']","['leitende Kräfte', 'Leitungskräfte', 'Leitungspersonen', 'Mitglieder des Direktoriums', 'Vorgesetzte', 'Leitung', 'Direktorium', 'Direktorat']"
Führer,s,,gendered,leadership,,"['leitende Kraft', 'Leitungsperson', 'Steuerungsperson', 'Lenkungsperson', 'Führungsperson, Leitung', 'Lenkung', 'Steuerung', 'Management', 'Gruppenleitung, Führer~in~/~Führer']","['entscheidungsbefugte Person', 'verantwortliche Person', 'lenkende Person', 'Person, die eine Gruppe lenkt/leitet, Person, die die gemeinsame Vision kommuniziert', 'Person, die das Team unterstützt und coacht']","['leitende Kraft', 'Leitungsperson', 'Steuerungsperson', 'Lenkungsperson', 'Führungsperson, Leitung', 'Lenkung', 'Steuerung', 'Management', 'Gruppenleitung, Führer~in~/~Führer', 'entscheidungsbefugte Person', 'verantwortliche Person', 'lenkende Person', 'Person, die eine Gruppe lenkt/leitet, Person, die die gemeinsame Vision kommuniziert', 'Person, die das Team unterstützt und coacht']","['Person, die die gemeinsame Vision kommuniziert', 'Person, die das Team unterstützt und coacht']","['Leitung', 'Lenkung', 'Steuerung', 'Management', 'Gruppenleitung, Personen in Ausbildung', 'auszubildende Personen', 'lernende Person']","['Person, die die gemeinsame Vision kommuniziert', 'Person, die das Team unterstützt und coacht', 'Leitung', 'Lenkung', 'Steuerung', 'Management', 'Gruppenleitung, Personen in Ausbildung', 'auszubildende Personen', 'lernende Person']"
Geschäftsführer,s,,gendered,leadership,,"['leitende Kraft', 'Leitungsperson', 'Führungsperson', 'Lenkungsperson, Leitung', 'Geschäftsführung', 'Management', 'Direktorium', 'Firmenleitung', 'Unternehmensleitung, Geschäftsführer~in~/~Geschäftsführer']","['entscheidungsbefugte Person', 'verantwortliche Person']","['leitende Kraft', 'Leitungsperson', 'Führungsperson', 'Lenkungsperson, Leitung', 'Geschäftsführung', 'Management', 'Direktorium', 'Firmenleitung', 'Unternehmensleitung, Geschäftsführer~in~/~Geschäftsführer', 'entscheidungsbefugte Person', 'verantwortliche Person']",['n/a'],"['Leitung', 'Geschäftsführung', 'Management', 'Direktorium', 'Firmenleitung', 'Unternehmensleitung, entscheidungsbefugte Personen', 'verantwortliche Person']","['Leitung', 'Geschäftsführung', 'Management', 'Direktorium', 'Firmenleitung', 'Unternehmensleitung, entscheidungsbefugte Personen', 'verantwortliche Person']"
Geschäftsleiter,s,,gendered,leadership,,"['leitende Kraft', 'Leitungsperson, Geschäftsleitung', 'Management', 'Firmenleitung', 'Unternehmensführung, Geschäftsleiter~in~/~Geschäftsleiter']","['entscheidungsbefugte Person', 'verantwortliche Person']","['leitende Kraft', 'Leitungsperson, Geschäftsleitung', 'Management', 'Firmenleitung', 'Unternehmensführung, Geschäftsleiter~in~/~Geschäftsleiter', 'entscheidungsbefugte Person', 'verantwortliche Person']",['n/a'],"['Geschäftsleitung', 'Management', 'Firmenleitung', 'Unternehmensführung, entscheidungsbefugte Personen', 'verantwortliche Person']","['Geschäftsleitung', 'Management', 'Firmenleitung', 'Unternehmensführung, entscheidungsbefugte Personen', 'verantwortliche Person']"
Head,s,,gendered,leadership,americanism,"['Leitungsperson', 'Leitungskraft, Leitung', 'Geschäftsführung', 'Management', 'Direktorium', 'Firmenleitung', 'Unternehmensleitung |, Vorgesetzte~r']","['die kreativen Kräfte (einer Agentur, Abteilung, Firma)', 'die strategisch denkenden Kräfte, entscheidungsbefugte Person', 'verantwortliche Person, Person, die eine gemeinsame Vision kommuniziert', 'Person, die das Team unterstützt und coacht', 'Person, die die kreative Richtung findet', 'Person, die strategisch denkt']","['Leitungsperson', 'Leitungskraft, Leitung', 'Geschäftsführung', 'Management', 'Direktorium', 'Firmenleitung', 'Unternehmensleitung |, Vorgesetzte~r', 'die kreativen Kräfte (einer Agentur, Abteilung, Firma)', 'die strategisch denkenden Kräfte, entscheidungsbefugte Person', 'verantwortliche Person, Person, die eine gemeinsame Vision kommuniziert', 'Person, die das Team unterstützt und coacht', 'Person, die die kreative Richtung findet', 'Person, die strategisch denkt']","['die kreativen Kräfte (einer Agentur, Abteilung, Firma)', 'die strategisch denkenden Kräfte, Person, die eine gemeinsame Vision kommuniziert', 'Person, die das Team unterstützt und coacht', 'Person, die die kreative Richtung findet', 'Person, die strategisch denkt']","['Leitung', 'Geschäftsführung', 'Management', 'Direktorium', 'Firmenleitung', 'Unternehmensleitung |, entscheidungsbefugte Personen', 'verantwortliche Person']","['die kreativen Kräfte (einer Agentur, Abteilung, Firma)', 'die strategisch denkenden Kräfte, Person, die eine gemeinsame Vision kommuniziert', 'Person, die das Team unterstützt und coacht', 'Person, die die kreative Richtung findet', 'Person, die strategisch denkt', 'Leitung', 'Geschäftsführung', 'Management', 'Direktorium', 'Firmenleitung', 'Unternehmensleitung |, entscheidungsbefugte Personen', 'verantwortliche Person']"
Leader,s,,gendered,leadership,americanism,"['Leitung', 'Leadership, Leiter~in~/~Leiter']",['Team-Coaching'],"['Leitung', 'Leadership, Leiter~in~/~Leiter', 'Team-Coaching']",['Team-Coaching'],"['Leitung', 'Leadership']","['Team-Coaching', 'Leitung', 'Leadership']"
Leiter,s,,gendered,leadership,,"['Leitung, Leiter~in~/~Leiter']",['n/a'],"['Leitung, Leiter~in~/~Leiter']",['n/a'],['Leitung'],['Leitung']
Lernpate,s,,gendered,leadership,,"['Lernpat~innenschaft, Lernpat~in~/~Lernpate']",['n/a'],"['Lernpat~innenschaft, Lernpat~in~/~Lernpate']",['n/a'],['Lernpat~innenschaft'],['Lernpat~innenschaft']
Trainer,s,,gendered,leadership,,"['Trainingsperson, Training, Trainer~in~/~Trainer']",['n/a'],"['Trainingsperson, Training, Trainer~in~/~Trainer']",['n/a'],['Training'],['Training']
Vorgesetzter,s,,gendered,leadership,,"['Leitungsperson', 'Führungsperson, Vorgesetzte~r']",['n/a'],"['Leitungsperson', 'Führungsperson, Vorgesetzte~r']",['n/a'],['n/a'],[]
Abdichter,s,,gendered,titles,,"['Abdichtung, Abdichter~in~/~Abdichter']",['n/a'],"['Abdichtung, Abdichter~in~/~Abdichter']",['n/a'],['Abdichtung'],['Abdichtung']
Administrator,s,,gendered,titles,,"['Administration, Administrator~in~/~Administrator']",['n/a'],"['Administration, Administrator~in~/~Administrator']",['n/a'],['Administration'],['Administration']
Agent,s,,gendered,titles,,"['Agentur, Agent~in/~Agent']",['n/a'],"['Agentur, Agent~in/~Agent']",['n/a'],['Agentur'],['Agentur']
Analyst,s,,gendered,titles,,"['Börsenfachkraft, Analyse', 'Börsenbeobachtung, Analyst~in~/~Analyst']","['Börsenfachkräfte', 'Analysierende', 'Börsenbeobachtende, Person, die (...) prüft/interpretiert', 'börsenbeobachtende Person']","['Börsenfachkraft, Analyse', 'Börsenbeobachtung, Analyst~in~/~Analyst', 'Börsenfachkräfte', 'Analysierende', 'Börsenbeobachtende, Person, die (...) prüft/interpretiert', 'börsenbeobachtende Person']","['Börsenfachkräfte', 'Analysierende', 'Börsenbeobachtende']","['Analyse', 'Börsenbeobachtung, Personen, die (...) prüfen/interpretieren', 'börsenbeobachtende Personen']","['Börsenfachkräfte', 'Analysierende', 'Börsenbeobachtende', 'Analyse', 'Börsenbeobachtung, Personen, die (...) prüfen/interpretieren', 'börsenbeobachtende Personen']"
Angestellter,s,,gendered,titles,,['Angestellte~/~Angestellte~r'],"['Personal', 'Belegschaft, Angestellte', 'Mitarbeitende']","['Angestellte~/~Angestellte~r', 'Personal', 'Belegschaft, Angestellte', 'Mitarbeitende']","['Angestellte', 'Mitarbeitende']","['Personal', 'Belegschaft']","['Angestellte', 'Mitarbeitende', 'Personal', 'Belegschaft']"
Antragssteller,s,,gendered,titles,,"['Antragstellung, Antragsteller~in~/~Antragsteller']","['Antragsstellende', 'Beantragende', '(gestellte) Anträge, Person, die einen Antrag stellt', 'beantragende Person']","['Antragstellung, Antragsteller~in~/~Antragsteller', 'Antragsstellende', 'Beantragende', '(gestellte) Anträge, Person, die einen Antrag stellt', 'beantragende Person']","['Antragsstellende', 'Beantragende', '(gestellte) Anträge']","['Antragstellung, Personen, die (...) beantragen', 'antragstellende Personen']","['Antragsstellende', 'Beantragende', '(gestellte) Anträge', 'Antragstellung, Personen, die (...) beantragen', 'antragstellende Personen']"
Apparateglasbläser,s,,gendered,titles,,"['Apparateglasbau, Apparateglasbläser~in~/~Apparateglasbläser']",['n/a'],"['Apparateglasbau, Apparateglasbläser~in~/~Apparateglasbläser']",['n/a'],['Apparateglasbau'],['Apparateglasbau']
Arbeitgeber,s,,gendered,titles,,"['Arbeitgeberin (wenn GmbH, Einzelfirma oder AG), Arbeitgeber~in~/~Arbeitgeber']","['Arbeitgebende, arbeitgebende Firma', 'beschäftigendes Unternehmen', 'Person/Firma/Einrichtung, die Arbeitsplätze zur Verfügung stellt', 'Person/Firma/Einrichtung, für die Menschen arbeiten']","['Arbeitgeberin (wenn GmbH, Einzelfirma oder AG), Arbeitgeber~in~/~Arbeitgeber', 'Arbeitgebende, arbeitgebende Firma', 'beschäftigendes Unternehmen', 'Person/Firma/Einrichtung, die Arbeitsplätze zur Verfügung stellt', 'Person/Firma/Einrichtung, für die Menschen arbeiten']",['Arbeitgebende'],"['Arbeitgeberinnen (wenn GmbH, Einzelfirma oder AG)', 'arbeitgebende Unternehmen', 'Personen/Firmen/Einrichtungen, die Arbeitsplätze zur Verfügung stellen']","['Arbeitgebende', 'Arbeitgeberinnen (wenn GmbH, Einzelfirma oder AG)', 'arbeitgebende Unternehmen', 'Personen/Firmen/Einrichtungen, die Arbeitsplätze zur Verfügung stellen']"
Arbeitskollege,s,,gendered,titles,,"['Teammitglied, Arbeitskolleg~in~/~Arbeitskollege']","['Team', 'Personal', 'Belegschaft, Teammitglieder, Person, die im selben Unternehmen/Team arbeitet', 'Person, die man von der Arbeit kennt']","['Teammitglied, Arbeitskolleg~in~/~Arbeitskollege', 'Team', 'Personal', 'Belegschaft, Teammitglieder, Person, die im selben Unternehmen/Team arbeitet', 'Person, die man von der Arbeit kennt']",['Teammitglieder'],"['Team', 'Personal', 'Belegschaft, Personen im selben Team', 'Personen, die im selben Unternehmen arbeiten', 'Personen, die man von der Arbeit kennt']","['Teammitglieder', 'Team', 'Personal', 'Belegschaft, Personen im selben Team', 'Personen, die im selben Unternehmen arbeiten', 'Personen, die man von der Arbeit kennt']"
Architect,s,,gendered,titles,americanism,"['Baufachperson, Architektur, Architekt~in~/~Architekt']","['Architektenteam, Architekturschaffende', 'Baufachpersonen']","['Baufachperson, Architektur, Architekt~in~/~Architekt', 'Architektenteam, Architekturschaffende', 'Baufachpersonen']","['Architekturschaffende', 'Baufachpersonen']","['Architektenteam, Architektur']","['Architekturschaffende', 'Baufachpersonen', 'Architektenteam, Architektur']"
Architekt,s,,gendered,titles,,"['Baufachperson, Architektur, Architekt~in~/~Architekt']","['Architektenteam, Architekturschaffende', 'Baufachpersonen']","['Baufachperson, Architektur, Architekt~in~/~Architekt', 'Architektenteam, Architekturschaffende', 'Baufachpersonen']","['Architekturschaffende', 'Baufachpersonen']","['Architektenteam, Architektur']","['Architekturschaffende', 'Baufachpersonen', 'Architektenteam, Architektur']"
Assistent,s,,gendered,titles,,"['Assistenz, Assistent~in~/~Assistent']",['Assistierende'],"['Assistenz, Assistent~in~/~Assistent', 'Assistierende']",['Assistierende'],"['Assistenz, Personen, die assistieren/helfen']","['Assistierende', 'Assistenz, Personen, die assistieren/helfen']"
Auditor,s,,gendered,titles,,"['Audit', 'Wirtschaftsprüfung', 'Betriebsprüfung', 'Überprüfung, Auditor~in~/~Auditor']","['Auditierende, Person, die den Betrieb prüft']","['Audit', 'Wirtschaftsprüfung', 'Betriebsprüfung', 'Überprüfung, Auditor~in~/~Auditor', 'Auditierende, Person, die den Betrieb prüft']",['Auditierende'],"['Audit', 'Wirtschaftsprüfung', 'Betriebsprüfung', 'Überprüfung, Personen, die den Betrieb prüfen']","['Auditierende', 'Audit', 'Wirtschaftsprüfung', 'Betriebsprüfung', 'Überprüfung, Personen, die den Betrieb prüfen']"
Auszubildender,s,,gendered,titles,,"['Azubi, Ausbildung', 'Ausbildungsabteilung, Auszubildende~/~Auszubildende~r']","['Auszubildende, Person in der Ausbildung']","['Azubi, Ausbildung', 'Ausbildungsabteilung, Auszubildende~/~Auszubildende~r', 'Auszubildende, Person in der Ausbildung']",['Auszubildende'],"['Ausbildung', 'Ausbildungsabteilung, Personen in der Ausbildung']","['Auszubildende', 'Ausbildung', 'Ausbildungsabteilung, Personen in der Ausbildung']"
Automatiker,s,,gendered,titles,,"['Automatisierung, Automatiker~in/~Automatiker']",['n/a'],"['Automatisierung, Automatiker~in/~Automatiker']",['n/a'],['Automatisierung'],['Automatisierung']
Backender,s,,gendered,titles,americanism,"['Back-End-Entwicklung, Back-End-Entwickler~in~/~Back-End-Entwickler']","['Person, die den technischen Unterbau entwickelt', 'Person, die das Back-End baut']","['Back-End-Entwicklung, Back-End-Entwickler~in~/~Back-End-Entwickler', 'Person, die den technischen Unterbau entwickelt', 'Person, die das Back-End baut']",['n/a'],"['Back-End-Entwicklung, Personen, die den technischen Unterbau entwickeln', 'Personen, die das Back-End bauen']","['Back-End-Entwicklung, Personen, die den technischen Unterbau entwickeln', 'Personen, die das Back-End bauen']"
Bauer,s,,gendered,titles,,"['Landbau', 'Landwirtschaft, Bäuer~in~/~Bauer']",['Landbauende'],"['Landbau', 'Landwirtschaft, Bäuer~in~/~Bauer', 'Landbauende']",['Landbauende'],"['Landbau', 'Landwirtschaft']","['Landbauende', 'Landbau', 'Landwirtschaft']"
Bauwerktrenner,s,,gendered,titles,,"['Bauwerktrennung, Bauwerktrenner~in~/~Bauwerktrenner']",['n/a'],"['Bauwerktrennung, Bauwerktrenner~in~/~Bauwerktrenner']",['n/a'],['Bauwerktrennung'],['Bauwerktrennung']
Berater,s,,gendered,titles,,"['Beratung, Berater~in~/~Berater']",['Beratende'],"['Beratung, Berater~in~/~Berater', 'Beratende']",['Beratende'],['Beratung'],"['Beratende', 'Beratung']"
Beschäftigter,s,,gendered,titles,,"['Beschäftigung, Beschäftige~/~Beschäftigte~r']","['Personal', 'Belegschaft, Beschäftigte, Person, die (im Unternehmen) beschäftigt ist']","['Beschäftigung, Beschäftige~/~Beschäftigte~r', 'Personal', 'Belegschaft, Beschäftigte, Person, die (im Unternehmen) beschäftigt ist']",['Beschäftigte'],"['Personal', 'Belegschaft, Beschäftigung, Personen/Leute im Unternehmen']","['Beschäftigte', 'Personal', 'Belegschaft, Beschäftigung, Personen/Leute im Unternehmen']"
Besucher,s,,gendered,titles,,"['Besuch, Besucher~in~/~Besucher']","['Gäste, Besuchende']","['Besuch, Besucher~in~/~Besucher', 'Gäste, Besuchende']",['Besuchende'],"['Gäste, Besuch']","['Besuchende', 'Gäste, Besuch']"
Betreuer,s,,gendered,titles,,"['Betreuung, Betreuer~in~/~Betreuer']","['Betreuungspersonal', 'Betreuungsteam, Betreuende']","['Betreuung, Betreuer~in~/~Betreuer', 'Betreuungspersonal', 'Betreuungsteam, Betreuende']",['Betreuende'],"['Betreuungspersonal', 'Betreuungsteam, Betreuung']","['Betreuende', 'Betreuungspersonal', 'Betreuungsteam, Betreuung']"
Betriebsarzt,s,,gendered,titles,,"['betriebsärztliche Untersuchung, Betriebsärzt~in~/~Betriebsarzt']",['n/a'],"['betriebsärztliche Untersuchung, Betriebsärzt~in~/~Betriebsarzt']",['n/a'],['betriebsärztliche Untersuchung'],['betriebsärztliche Untersuchung']
Bewerber,s,,gendered,titles,,"['Bewerbung, Bewerber~in~/~Bewerber']","['Bewerbende, Person, die sich bewirbt']","['Bewerbung, Bewerber~in~/~Bewerber', 'Bewerbende, Person, die sich bewirbt']",['Bewerbende'],"['Bewerbung, Personen, die sich bewerben']","['Bewerbende', 'Bewerbung, Personen, die sich bewerben']"
Boden-Parkettleger,s,,gendered,titles,,"['Parkettlegung', 'Parkettverlegung, Boden-Parkettleger~in~/~Boden-Parkettleger']",['n/a'],"['Parkettlegung', 'Parkettverlegung, Boden-Parkettleger~in~/~Boden-Parkettleger']",['n/a'],"['Parkettlegung', 'Parkettverlegung']","['Parkettlegung', 'Parkettverlegung']"
Bootfachwart,s,,gendered,titles,,"['Bootfachwartung, Bootfachwart~in~/~Bootfachwart']",['n/a'],"['Bootfachwartung, Bootfachwart~in~/~Bootfachwart']",['n/a'],['Bootfachwartung'],['Bootfachwartung']
Botschafter,s,,gendered,titles,,"['Botschaft', 'Vertretung, Botschafter~in~/~Botschafter']","['vermittelnde Person', 'vertretende Person']","['Botschaft', 'Vertretung, Botschafter~in~/~Botschafter', 'vermittelnde Person', 'vertretende Person']",['n/a'],"['Botschaft', 'Vertretung, vermittelnde Personen', 'vertretende Personen']","['Botschaft', 'Vertretung, vermittelnde Personen', 'vertretende Personen']"
Brückenbauer,s,,gendered,titles,,"['Brückenbau, Brückenbauer~in~/~Brückenbauer']","['Person, die Brücken (zwischen ...) baut']","['Brückenbau, Brückenbauer~in~/~Brückenbauer', 'Person, die Brücken (zwischen ...) baut']",['n/a'],"['Brückenbau, Personen, die Brücken (zwischen ...) bauen']","['Brückenbau, Personen, die Brücken (zwischen ...) bauen']"
Buchhändler,s,,gendered,titles,,"['Buchhandel', 'Buchhandlung, Buchhändler~in~/~Buchhändler']",['n/a'],"['Buchhandel', 'Buchhandlung, Buchhändler~in~/~Buchhändler']",['n/a'],"['Buchhandel', 'Buchhandlung']","['Buchhandel', 'Buchhandlung']"
Carrossier,s,,gendered,titles,,"['Carrosserie', 'Autowerkstatt, Carrossier~in~/~Carrossier']",['n/a'],"['Carrosserie', 'Autowerkstatt, Carrossier~in~/~Carrossier']",['n/a'],"['Carrosserie', 'Autowerkstatt']","['Carrosserie', 'Autowerkstatt']"
Coiffeur,s,,gendered,titles,,"['Coiffure, Coiffeur~in~/~Coiffeur']","['frisierende Person', 'Person, die (...) frisiert hat']","['Coiffure, Coiffeur~in~/~Coiffeur', 'frisierende Person', 'Person, die (...) frisiert hat']",['n/a'],"['Coiffure, frisierende Personen']","['Coiffure, frisierende Personen']"
Confiseur,s,,gendered,titles,,"['Confiserie, Confiseur~in~/~Confiseur']",['n/a'],"['Confiserie, Confiseur~in~/~Confiseur']",['n/a'],['Confiserie'],['Confiserie']
Consultant,s,,gendered,titles,,"['Consulting', 'Beratung, Konsultant~in~/~Konsultant']",['von Berufs wegen beratende Person'],"['Consulting', 'Beratung, Konsultant~in~/~Konsultant', 'von Berufs wegen beratende Person']",['n/a'],"['Consulting', 'Beratung, (von Berufs wegen) beratende Personen']","['Consulting', 'Beratung, (von Berufs wegen) beratende Personen']"
Controller,s,,gendered,titles,americanism,"['Kostenkontrollkraft', 'Finanzfachkraft', 'Controlling-Fachkraft, Controlling, Controller~in~/~Controller']","['Kostenkontrollkräfte', 'Finanzfachkräfte']","['Kostenkontrollkraft', 'Finanzfachkraft', 'Controlling-Fachkraft, Controlling, Controller~in~/~Controller', 'Kostenkontrollkräfte', 'Finanzfachkräfte']","['Kostenkontrollkräfte', 'Finanzfachkräfte']",['Controlling'],"['Kostenkontrollkräfte', 'Finanzfachkräfte', 'Controlling']"
Customer supporter,s,,gendered,titles,americanism,"['Kundenbetreuung, Kundenbetreuer~in~/~Kundenbetreuer']","['Kundenbetreuende, Person, die Kundschaft betreut']","['Kundenbetreuung, Kundenbetreuer~in~/~Kundenbetreuer', 'Kundenbetreuende, Person, die Kundschaft betreut']",['Kundenbetreuende'],"['Kundenbetreuung, Personen, die Kundschaft betreuen']","['Kundenbetreuende', 'Kundenbetreuung, Personen, die Kundschaft betreuen']"
Dachdecker,s,,gendered,titles,,"['Dachdeckerei, Dachdecker~in~/~Dachdecker']",['Dachdeckende'],"['Dachdeckerei, Dachdecker~in~/~Dachdecker', 'Dachdeckende']",['Dachdeckende'],['Dachdeckerei'],"['Dachdeckende', 'Dachdeckerei']"
Dekorationsnäher,s,,gendered,titles,,"['Dekorationsschneiderei, Dekorationsnäher~in~/~Dekorationsnäher']",['n/a'],"['Dekorationsschneiderei, Dekorationsnäher~in~/~Dekorationsnäher']",['n/a'],['Dekorationsschneiderei'],['Dekorationsschneiderei']
Designer,s,,gendered,titles,,"['Design, Designer~in~/~Designer']","['Designteam, Designschaffende']","['Design, Designer~in~/~Designer', 'Designteam, Designschaffende']",['Designschaffende'],"['Designteam, Design']","['Designschaffende', 'Designteam, Design']"
Developer,s,,gendered,titles,americanism,"['Development', 'Entwicklung', 'Entwicklungsabteilung, Developer~in~/~Developer', 'Entwicklerin~/~Entwickler']","['Development-Team', 'Entwicklungsteam']","['Development', 'Entwicklung', 'Entwicklungsabteilung, Developer~in~/~Developer', 'Entwicklerin~/~Entwickler', 'Development-Team', 'Entwicklungsteam']",['n/a'],"['Development-Team', 'Entwicklungsteam, Development', 'Entwicklung', 'Entwicklungsabteilung']","['Development-Team', 'Entwicklungsteam, Development', 'Entwicklung', 'Entwicklungsabteilung']"
Diätkoch,s,,gendered,titles,,"['Diätfachkraft, Diätküche, Diätköch~in~/~Diätkoch']","['Diätfachkräfte, Person, die Diätspeisen zubereitet', 'Person, die diätetisch kocht']","['Diätfachkraft, Diätküche, Diätköch~in~/~Diätkoch', 'Diätfachkräfte, Person, die Diätspeisen zubereitet', 'Person, die diätetisch kocht']",['Diätfachkräfte'],"['Diätküche, Personen, die Diätspeisen zubereiten', 'Personen, die diätetisch kochen']","['Diätfachkräfte', 'Diätküche, Personen, die Diätspeisen zubereiten', 'Personen, die diätetisch kochen']"
Dienstleister,s,,gendered,titles,,"['Dienstleistung', 'Dienstleistungsbetrieb, Dienstleister~in~/~Dienstleister']","['Dienstleistungsbetriebe, Dienstleistende, dienstleistende Person', 'Person im Dientleistungssektor', 'Person, die Dienstleistungen erbringt']","['Dienstleistung', 'Dienstleistungsbetrieb, Dienstleister~in~/~Dienstleister', 'Dienstleistungsbetriebe, Dienstleistende, dienstleistende Person', 'Person im Dientleistungssektor', 'Person, die Dienstleistungen erbringt']",['Dienstleistende'],"['Dienstleistungsbetriebe, Dienstleistung', 'Dienstleistungsbetrieb, dienstleistende Personen', 'Personen im Dienstleistungssektor', 'Personen, die Dienstleistungen erbringen']","['Dienstleistende', 'Dienstleistungsbetriebe, Dienstleistung', 'Dienstleistungsbetrieb, dienstleistende Personen', 'Personen im Dienstleistungssektor', 'Personen, die Dienstleistungen erbringen']"
Disponent,s,,gendered,titles,,"['Dispo, Disponent~in~/~Disponent']",['n/a'],"['Dispo, Disponent~in~/~Disponent']",['n/a'],['Dispo'],['Dispo']
Drogist,s,,gendered,titles,,"['Drogeriefachkraft, Drogerie, Drogist~in~/~Drogist']","['Drogeriefachkräfte', 'Drogeriebeschäftigte']","['Drogeriefachkraft, Drogerie, Drogist~in~/~Drogist', 'Drogeriefachkräfte', 'Drogeriebeschäftigte']","['Drogeriefachkräfte', 'Drogeriebeschäftigte']",['Drogerie'],"['Drogeriefachkräfte', 'Drogeriebeschäftigte', 'Drogerie']"
Drucker,s,,gendered,titles,,"['Druckereifachkraft, Druckerei', 'Druck, Drucker~in~/~Drucker']","['Druckereibeschäftigte', 'Druckereifachkräfte']","['Druckereifachkraft, Druckerei', 'Druck, Drucker~in~/~Drucker', 'Druckereibeschäftigte', 'Druckereifachkräfte']","['Druckereibeschäftigte', 'Druckereifachkräfte']","['Druckerei', 'Druck']","['Druckereibeschäftigte', 'Druckereifachkräfte', 'Druckerei', 'Druck']"
Eisenbahnbetriebsleiter,s,,gendered,titles,,"['Eisenbahnbetriebsleitung, Eisenbahnbetriebsleiter~in~/~Eisenbahnbetriebsleiter']",['n/a'],"['Eisenbahnbetriebsleitung, Eisenbahnbetriebsleiter~in~/~Eisenbahnbetriebsleiter']",['n/a'],['Eisenbahnbetriebsleitung'],['Eisenbahnbetriebsleitung']
Eisenbahner,s,,gendered,titles,,['Eisenbahner~in~/~Eisenbahner'],['n/a'],['Eisenbahner~in~/~Eisenbahner'],['n/a'],['n/a'],[]
Elektriker,s,,gendered,titles,,"['Elektrofachkraft', 'Fachkraft für Elektrotechnik, Elektrik, Elektriker~in~/~Elektriker']","['Elektrofachkräfte', 'Fachkräfte für Elektrotechnik']","['Elektrofachkraft', 'Fachkraft für Elektrotechnik, Elektrik, Elektriker~in~/~Elektriker', 'Elektrofachkräfte', 'Fachkräfte für Elektrotechnik']","['Elektrofachkräfte', 'Fachkräfte für Elektrotechnik']",['Elektrik'],"['Elektrofachkräfte', 'Fachkräfte für Elektrotechnik', 'Elektrik']"
Elektroingenieur,s,,gendered,titles,,"['Elektrotechnik, Elektroingenieur~in~/~Elektroingenieur']",['n/a'],"['Elektrotechnik, Elektroingenieur~in~/~Elektroingenieur']",['n/a'],['Elektrotechnik'],['Elektrotechnik']
Elektroniker,s,,gendered,titles,,"['Elektronikfachkraft', 'Elektronikfachperson, Elektronik, Elektroniker~in~/~Elektroniker']","['Elektronikfachkräfte', 'Elektronikfachpersonen']","['Elektronikfachkraft', 'Elektronikfachperson, Elektronik, Elektroniker~in~/~Elektroniker', 'Elektronikfachkräfte', 'Elektronikfachpersonen']","['Elektronikfachkräfte', 'Elektronikfachpersonen']",['Elektronik'],"['Elektronikfachkräfte', 'Elektronikfachpersonen', 'Elektronik']"
Engineer,s,,gendered,titles,americanism,"['auf Hoch-/Fachschule ausgebildete Technik-Fachkraft, Engineering', 'Technik', 'Technikwissenschaften, Ingenieur~in~/~Ingenieur']",['Engineering-Team'],"['auf Hoch-/Fachschule ausgebildete Technik-Fachkraft, Engineering', 'Technik', 'Technikwissenschaften, Ingenieur~in~/~Ingenieur', 'Engineering-Team']",['n/a'],"['Engineering-Team, Engineering', 'Technik', 'Technikwissenschaften, auf einer Hoch-/Fachschule ausgebildete Technik-Fachleute']","['Engineering-Team, Engineering', 'Technik', 'Technikwissenschaften, auf einer Hoch-/Fachschule ausgebildete Technik-Fachleute']"
Entwickler,s,,gendered,titles,,"['Entwicklung', 'Entwicklungsabteilung, Entwickler~in~/~Entwickler']","['Entwicklungsteam, Entwickelnde |']","['Entwicklung', 'Entwicklungsabteilung, Entwickler~in~/~Entwickler', 'Entwicklungsteam, Entwickelnde |']",['Entwickelnde |'],"['Entwicklungsteam, Entwicklung', 'Entwicklungsabteilung']","['Entwickelnde |', 'Entwicklungsteam, Entwicklung', 'Entwicklungsabteilung']"
Experte,s,,gendered,titles,,"['Fachgröße', 'Kapazität, Expert~in~/~Experte']","['Fachleute', 'Fachkräfte', 'Fachpersonen', 'Fachkundige', 'Sachverständige', 'Sachkundige', 'Kapazitäten, Person vom Fach']","['Fachgröße', 'Kapazität, Expert~in~/~Experte', 'Fachleute', 'Fachkräfte', 'Fachpersonen', 'Fachkundige', 'Sachverständige', 'Sachkundige', 'Kapazitäten, Person vom Fach']","['Fachleute', 'Fachkräfte', 'Fachpersonen', 'Fachkundige', 'Sachverständige', 'Sachkundige', 'Kapazitäten']",['Personen vom Fach'],"['Fachleute', 'Fachkräfte', 'Fachpersonen', 'Fachkundige', 'Sachverständige', 'Sachkundige', 'Kapazitäten', 'Personen vom Fach']"
Fahrzeugtechniker,s,,gendered,titles,,"['Fahrzeugtechnik, Fahrzeugtechniker~in~/~Fahrzeugtechniker']",['n/a'],"['Fahrzeugtechnik, Fahrzeugtechniker~in~/~Fahrzeugtechniker']",['n/a'],['Fahrzeugtechnik'],['Fahrzeugtechnik']
Florist,s,,gendered,titles,,"['Blumenfachkraft, Floristik, Florist~in~/~Florist']","['Floristik-Team, Person, die Blumenschmuck künstlerisch/kreativ gestaltet']","['Blumenfachkraft, Floristik, Florist~in~/~Florist', 'Floristik-Team, Person, die Blumenschmuck künstlerisch/kreativ gestaltet']",['n/a'],"['Floristik-Team, Floristik, Personen, die Blumenschmuck künstlerisch/kreativ gestalten']","['Floristik-Team, Floristik, Personen, die Blumenschmuck künstlerisch/kreativ gestalten']"
Fotograf,s,,gendered,titles,,"['Fotografie, Fotograf~in~/~Fotograf']","['Fototeam, Fotografierende, fotografierende Person']","['Fotografie, Fotograf~in~/~Fotograf', 'Fototeam, Fotografierende, fotografierende Person']",['Fotografierende'],"['Fototeam, Fotografie, fotografierende Personen']","['Fotografierende', 'Fototeam, Fotografie, fotografierende Personen']"
Frontender,s,,gendered,titles,americanism,"['Front-End-Entwicklung, Front-End-Entwickler~in~/~Front-End-Entwickler']","['Person, die den technischen Oberbau entwickelt']","['Front-End-Entwicklung, Front-End-Entwickler~in~/~Front-End-Entwickler', 'Person, die den technischen Oberbau entwickelt']",['n/a'],"['Front-End-Entwicklung, Personen, die den technischen Oberbau entwickeln ']","['Front-End-Entwicklung, Personen, die den technischen Oberbau entwickeln ']"
Gärtner,s,,gendered,titles,,"['Gartenfachkraft, Gärtnerei', 'Gartenbau, Gärtner~in~/~Gärtner']","['Person, die Gärten pflegt', 'Person, die Gartenbau betreibt']","['Gartenfachkraft, Gärtnerei', 'Gartenbau, Gärtner~in~/~Gärtner', 'Person, die Gärten pflegt', 'Person, die Gartenbau betreibt']",['n/a'],"['Gärtnerei', 'Gartenbau, Personen, die Gärten pflegen', 'Person, die Gartenbau betreiben']","['Gärtnerei', 'Gartenbau, Personen, die Gärten pflegen', 'Person, die Gartenbau betreiben']"
Gemüsegärtner,s,,gendered,titles,,"['Gemüseanbau, Gemüsegärtner~in~/~Gemüsegärtner']","['Person, die Gemüsegärten pflegt', 'Person, die Gemüse anbaut', 'Person, die Gemüseanbau betreibt']","['Gemüseanbau, Gemüsegärtner~in~/~Gemüsegärtner', 'Person, die Gemüsegärten pflegt', 'Person, die Gemüse anbaut', 'Person, die Gemüseanbau betreibt']",['n/a'],"['Gemüseanbau, Person, die Gemüsegärten pflegen', 'Person, die Gemüse anbauen', 'Person, die Gemüseanbau betreiben']","['Gemüseanbau, Person, die Gemüsegärten pflegen', 'Person, die Gemüse anbauen', 'Person, die Gemüseanbau betreiben']"
Generalist,s,,gendered,titles,,"['Multitalent, Generalist~in~/~Generalist']","['Multitalente, Mensch, der vielseitig begabt/interessiert ist', 'fachlich breit aufgestellter Mensch']","['Multitalent, Generalist~in~/~Generalist', 'Multitalente, Mensch, der vielseitig begabt/interessiert ist', 'fachlich breit aufgestellter Mensch']",['Multitalente'],"['Menschen, die vielseitig begabt/interessiert sind', 'fachlich breit aufgestellte Menschen']","['Multitalente', 'Menschen, die vielseitig begabt/interessiert sind', 'fachlich breit aufgestellte Menschen']"
Geomatiker,s,,gendered,titles,,"['Fachkraft für Geoinformation, Geomatik', 'Geoinformationstechnik, Geomatiker~in~/~Geomatiker']","['Geomatik-Team, Person, die Geodaten erhebt und verarbeitet']","['Fachkraft für Geoinformation, Geomatik', 'Geoinformationstechnik, Geomatiker~in~/~Geomatiker', 'Geomatik-Team, Person, die Geodaten erhebt und verarbeitet']",['n/a'],"['Geomatik-Team, Geomatik', 'Geoinformationstechnik, Leute, die Geodaten erhebrn und verarbeiten']","['Geomatik-Team, Geomatik', 'Geoinformationstechnik, Leute, die Geodaten erhebrn und verarbeiten']"
Gestalter,s,,gendered,titles,,"['Gestaltung, Gestalter~in~/~Gestalter']","['Gestaltende, Person, die (...) gestaltet']","['Gestaltung, Gestalter~in~/~Gestalter', 'Gestaltende, Person, die (...) gestaltet']",['Gestaltende'],"['Gestaltung, Personen, die (...) gestalten']","['Gestaltende', 'Gestaltung, Personen, die (...) gestalten']"
Gipser,s,,gendered,titles,,"['Gipserei-Fachkraft, Gipserei, Gipser~in~/~Gipser']",['n/a'],"['Gipserei-Fachkraft, Gipserei, Gipser~in~/~Gipser']",['n/a'],['Gipserei'],['Gipserei']
Glaser,s,,gendered,titles,,"['Glaserei', 'Glasbau', 'Verglasung, Glaser~in~/~Glaser']",['n/a'],"['Glaserei', 'Glasbau', 'Verglasung, Glaser~in~/~Glaser']",['n/a'],"['Glaserei', 'Glasbau', 'Verglasung']","['Glaserei', 'Glasbau', 'Verglasung']"
Glasmaler,s,,gendered,titles,,"['Glasmalerei, Glasmaler~in~/~Glasmaler']",['Glasmalende'],"['Glasmalerei, Glasmaler~in~/~Glasmaler', 'Glasmalende']",['Glasmalende'],['Glasmalerei'],"['Glasmalende', 'Glasmalerei']"
Gleisbauer,s,,gendered,titles,,"['Gleisbau, Gleisbauer~in~/~Gleisbauer']",['n/a'],"['Gleisbau, Gleisbauer~in~/~Gleisbauer']",['n/a'],['Gleisbau'],['Gleisbau']
Grafiker,s,,gendered,titles,,"['Grafik, Grafiker~in~/~Grafiker']","['Grafik-Team, Grafikschaffende, Person, die im Bereich Grafik tätig ist', 'Person, die (Medien, Broschüren) gestaltet']","['Grafik, Grafiker~in~/~Grafiker', 'Grafik-Team, Grafikschaffende, Person, die im Bereich Grafik tätig ist', 'Person, die (Medien, Broschüren) gestaltet']",['Grafikschaffende'],"['Grafik-Team, Grafik, Personen, die im Bereich Grafik tätig sind', 'Personen, die (Medien, Broschüren) gestalten']","['Grafikschaffende', 'Grafik-Team, Grafik, Personen, die im Bereich Grafik tätig sind', 'Personen, die (Medien, Broschüren) gestalten']"
Graveur,s,,gendered,titles,,"['Gravur', 'Gravuranstalt', 'Gravierbetrieb, Graveur~in~/~Graveur']",['n/a'],"['Gravur', 'Gravuranstalt', 'Gravierbetrieb, Graveur~in~/~Graveur']",['n/a'],"['Gravur', 'Gravuranstalt', 'Gravierbetrieb']","['Gravur', 'Gravuranstalt', 'Gravierbetrieb']"
Großkunde,s,,gendered,titles,,"['Großkundschaft, Großkund~in~/~Großkunde']","['Großabnehmende, Kundschaft/Klientel, die in großem Umfang Leistungen/Waren bezieht']","['Großkundschaft, Großkund~in~/~Großkunde', 'Großabnehmende, Kundschaft/Klientel, die in großem Umfang Leistungen/Waren bezieht']",['Großabnehmende'],"['Großkundschaft, Kundschaft/Klientel, die in großem Umfang Leistungen/Waren bezieht']","['Großabnehmende', 'Großkundschaft, Kundschaft/Klientel, die in großem Umfang Leistungen/Waren bezieht']"
Growth Hacker,s,,gendered,titles,americanism,"['Wachstumsmarketing, Growth-Manager~in~/~Growth-Manager', 'Growth-Marketing-Spezialist~in~/~Growth-Marketing-Spezialist']","['Person, die kreative, kostengünstige Strategien einsetzt, um Unternehmen bei der Gewinnung und Bindung von Kunden zu unterstützen']","['Wachstumsmarketing, Growth-Manager~in~/~Growth-Manager', 'Growth-Marketing-Spezialist~in~/~Growth-Marketing-Spezialist', 'Person, die kreative, kostengünstige Strategien einsetzt, um Unternehmen bei der Gewinnung und Bindung von Kunden zu unterstützen']",['n/a'],"['Wachstumsmarketing, Leute, die kreative, kostengünstige Strategien einsetzen, um Unternehmen bei der Gewinnung und Bindung von Kunden zu unterstützen']","['Wachstumsmarketing, Leute, die kreative, kostengünstige Strategien einsetzen, um Unternehmen bei der Gewinnung und Bindung von Kunden zu unterstützen']"
Gußformer,s,,gendered,titles,,"['Gussformerei', 'Gussformung, Gussformer~in~/~Gussformer']","['Person, die Gussformen herstellt']","['Gussformerei', 'Gussformung, Gussformer~in~/~Gussformer', 'Person, die Gussformen herstellt']",['n/a'],"['Gussformerei', 'Gussformung, Personen, die Gussformen herstellen']","['Gussformerei', 'Gussformung, Personen, die Gussformen herstellen']"
Hauer,s,,gendered,titles,,['Hauer~in~/~Hauer'],['n/a'],['Hauer~in~/~Hauer'],['n/a'],['n/a'],[]
Help-desk-Mitarbeiter,s,,gendered,titles,americanism,"['Helpdesk', 'Serviceticket-System', 'Fallbearbeitungssystem', 'Anfragenbearbeitung', 'Anwendungsbetreuung, Helpdesk-Mitarbeiter~in~/~Helpdesk-Mitarbeiter', 'Anwendungsbetreuer~in~/~Anwendungsbetreuer']","['Helpdesk-Team, Person, die für das Helpdesk arbeitet', 'Person, die eine Anwendung betreut']","['Helpdesk', 'Serviceticket-System', 'Fallbearbeitungssystem', 'Anfragenbearbeitung', 'Anwendungsbetreuung, Helpdesk-Mitarbeiter~in~/~Helpdesk-Mitarbeiter', 'Anwendungsbetreuer~in~/~Anwendungsbetreuer', 'Helpdesk-Team, Person, die für das Helpdesk arbeitet', 'Person, die eine Anwendung betreut']",['n/a'],"['Helpdesk-Team, Helpdesk', 'Serviceticket-System', 'Fallbearbeitungssystem', 'Anfragenbearbeitung', 'Anwendungsbetreuung, Personen, die für das Helpdesk arbeiten', 'Personen, die eine Anwendung betreuen']","['Helpdesk-Team, Helpdesk', 'Serviceticket-System', 'Fallbearbeitungssystem', 'Anfragenbearbeitung', 'Anwendungsbetreuung, Personen, die für das Helpdesk arbeiten', 'Personen, die eine Anwendung betreuen']"
Hörsystemakustiker,s,,gendered,titles,,"['Hörsystemakustik, Hörsystemakustiker~in~/~Hörsystemakustiker']",['n/a'],"['Hörsystemakustik, Hörsystemakustiker~in~/~Hörsystemakustiker']",['n/a'],['Hörsystemakustik'],['Hörsystemakustik']
Industriekaufmann,s,,gendered,titles,,['Industriekauffrau~/~Industriekaufmann'],['Industriekaufleute'],"['Industriekauffrau~/~Industriekaufmann', 'Industriekaufleute']",['n/a'],['Industriekaufleute'],['Industriekaufleute']
Industriekeramiker,s,,gendered,titles,,"['Industriekeramik, Industriekeramiker~in~/~Industriekeramiker']",['n/a'],"['Industriekeramik, Industriekeramiker~in~/~Industriekeramiker']",['n/a'],['Industriekeramik'],['Industriekeramik']
Industriemechaniker,s,,gendered,titles,,"['Industriemechanik, Industriemechaniker~in~/~Industriemechaniker']",['n/a'],"['Industriemechanik, Industriemechaniker~in~/~Industriemechaniker']",['n/a'],['Industriemechanik'],['Industriemechanik']
Industriepolsterer,s,,gendered,titles,,"['Industriepolsterei, Industriepolsterer~in~/~Industriepolsterer']",['n/a'],"['Industriepolsterei, Industriepolsterer~in~/~Industriepolsterer']",['n/a'],['Industriepolsterei'],['Industriepolsterei']
Informatiker,s,,gendered,titles,,"['Informatik, Informatiker~in~/~Informatiker']",['auf IT spezialisierte Person'],"['Informatik, Informatiker~in~/~Informatiker', 'auf IT spezialisierte Person']",['n/a'],"['Informatik, auf IT spezialisierte Leute']","['Informatik, auf IT spezialisierte Leute']"
Ingenieur,s,,gendered,titles,,"['auf Hoch-/Fachschule ausgebildete Technik-Fachkraft, Engineering', 'Technik', 'Technikwissenschaften, Ingenieur~in~/~Ingenieur']",['Engineering-Team'],"['auf Hoch-/Fachschule ausgebildete Technik-Fachkraft, Engineering', 'Technik', 'Technikwissenschaften, Ingenieur~in~/~Ingenieur', 'Engineering-Team']",['n/a'],"['Engineering-Team, Engineering', 'Technik', 'Technikwissenschaften, auf Hoch-/Fachschule ausgebildete Technik-Fachleute']","['Engineering-Team, Engineering', 'Technik', 'Technikwissenschaften, auf Hoch-/Fachschule ausgebildete Technik-Fachleute']"
Inhaber,s,,gendered,titles,,['Inhaber~in~/~Inhaber'],"['Person, die (…) besitzt', 'Person, die (eine Position, eine Rolle, …) innehat']","['Inhaber~in~/~Inhaber', 'Person, die (…) besitzt', 'Person, die (eine Position, eine Rolle, …) innehat']",['n/a'],"['Personen, die (…) besitzen', 'die (eine Position, eine Rolle, …) innehaben']","['Personen, die (…) besitzen', 'die (eine Position, eine Rolle, …) innehaben']"
Innendekorateur,s,,gendered,titles,,"['Innendekoration, Innendekorateur~in~/~Innendekorateur']",['n/a'],"['Innendekoration, Innendekorateur~in~/~Innendekorateur']",['n/a'],['Innendekoration'],['Innendekoration']
Installateur,s,,gendered,titles,,"['Installation, Installateur~in~/~Installateur']",['n/a'],"['Installation, Installateur~in~/~Installateur']",['n/a'],['Installation'],['Installation']
Instructor,s,,gendered,titles,americanism,"['Lehrkraft', 'Coach, Lehre', 'Training', 'Ausbildung, Instructor~in~/~Instructor', 'Kurstrainer~in~/~Kurstrainer']",['n/a'],"['Lehrkraft', 'Coach, Lehre', 'Training', 'Ausbildung, Instructor~in~/~Instructor', 'Kurstrainer~in~/~Kurstrainer']",['n/a'],"['Lehre', 'Training', 'Ausbildung']","['Lehre', 'Training', 'Ausbildung']"
Kaminfeger,s,,gendered,titles,,['Kaminfeger~in~/~Kaminfeger'],['n/a'],['Kaminfeger~in~/~Kaminfeger'],['n/a'],['n/a'],[]
Kandidat,s,,gendered,titles,,"['Kandidatur, Kandidat~in~/~Kandidat']","['Kandidierende, Person, die sich bewirbt', 'Person, die kandidiert']","['Kandidatur, Kandidat~in~/~Kandidat', 'Kandidierende, Person, die sich bewirbt', 'Person, die kandidiert']",['Kandidierende'],"['Kandidatur, Personen, die sich bewerben', 'Personen, die kandidieren']","['Kandidierende', 'Kandidatur, Personen, die sich bewerben', 'Personen, die kandidieren']"
Keramiker,s,,gendered,titles,,"['Keramik, Keramiker~in~/~Keramiker']",['n/a'],"['Keramik, Keramiker~in~/~Keramiker']",['n/a'],['Keramik'],['Keramik']
Koch,s,,gendered,titles,,"['Küche', 'Kantine, Köch~in~/~Koch']",['n/a'],"['Küche', 'Kantine, Köch~in~/~Koch']",['n/a'],"['Küche', 'Kantine']","['Küche', 'Kantine']"
Kollege,s,,gendered,titles,,"['Teammitglied, Kollegin~/~Kollege']","['Kollegschaft', 'Team, Person, die im selben Team arbeitet', 'Person, die im selben Unternehmen arbeitet', 'Person, die man von der Arbeit kennt']","['Teammitglied, Kollegin~/~Kollege', 'Kollegschaft', 'Team, Person, die im selben Team arbeitet', 'Person, die im selben Unternehmen arbeitet', 'Person, die man von der Arbeit kennt']",['n/a'],"['Kollegschaft', 'Team, Personen, die im selben Team arbeiten', 'Personen, die im selben Unternehmen arbeiten', 'Personen, die man von der Arbeit kennt']","['Kollegschaft', 'Team, Personen, die im selben Team arbeiten', 'Personen, die im selben Unternehmen arbeiten', 'Personen, die man von der Arbeit kennt']"
Konstrukteur,s,,gendered,titles,,"['Konstruktion, Konstrukteur~in~/~Konstrukteur']",['n/a'],"['Konstruktion, Konstrukteur~in~/~Konstrukteur']",['n/a'],['Konstruktion'],['Konstruktion']
Kontrolleur,s,,gendered,titles,,"['Kontrolle, Kontrolleur~in~/~Kontrolleur']",['n/a'],"['Kontrolle, Kontrolleur~in~/~Kontrolleur']",['n/a'],['Kontrolle'],['Kontrolle']
Kosmetiker,s,,gendered,titles,,"['Kosmetik, Kosmetiker~in~/~Kosmetiker']",['n/a'],"['Kosmetik, Kosmetiker~in~/~Kosmetiker']",['n/a'],['Kosmetik'],['Kosmetik']
Küfer,s,,gendered,titles,,"['Küferei', 'Küfereibetrieb, Küfer~in~/~Küfer']",['n/a'],"['Küferei', 'Küfereibetrieb, Küfer~in~/~Küfer']",['n/a'],"['Küferei', 'Küfereibetrieb']","['Küferei', 'Küfereibetrieb']"
Kunde,s,,gendered,titles,,['Kund~in~/~Kunde'],"['Kundschaft', 'Klientel, Auftraggebende', 'Bestellende, beziehende Person', 'Person, die (…) kauft', 'beauftragende Firma']","['Kund~in~/~Kunde', 'Kundschaft', 'Klientel, Auftraggebende', 'Bestellende, beziehende Person', 'Person, die (…) kauft', 'beauftragende Firma']","['Auftraggebende', 'Bestellende']","['Kundschaft', 'Klientel, beziehende Personen', 'Personen, die (…) kaufen', 'beauftragende Firmen']","['Auftraggebende', 'Bestellende', 'Kundschaft', 'Klientel, beziehende Personen', 'Personen, die (…) kaufen', 'beauftragende Firmen']"
Laborant,s,,gendered,titles,,"['Labor', 'Laborbetrieb, Laborant~in~/~Laborant']",['n/a'],"['Labor', 'Laborbetrieb, Laborant~in~/~Laborant']",['n/a'],"['Labor', 'Laborbetrieb']","['Labor', 'Laborbetrieb']"
Lackierer,s,,gendered,titles,,"['Lackierung', 'Lackierbetrieb, Lackierer~in~/~Lackierer']",['n/a'],"['Lackierung', 'Lackierbetrieb, Lackierer~in~/~Lackierer']",['n/a'],"['Lackierung', 'Lackierbetrieb']","['Lackierung', 'Lackierbetrieb']"
Landwirt,s,,gendered,titles,,"['Landwirtschaft, Landwirt~in~/~Landwirt']",['n/a'],"['Landwirtschaft, Landwirt~in~/~Landwirt']",['n/a'],['Landwirtschaft'],['Landwirtschaft']
Lieferant,s,,gendered,titles,,"['Lieferung', 'Lieferfirma', 'lieferndes Unternehmen', 'Lieferunternehmen, Lieferant~in~/~Lieferant']",['Liefernde'],"['Lieferung', 'Lieferfirma', 'lieferndes Unternehmen', 'Lieferunternehmen, Lieferant~in~/~Lieferant', 'Liefernde']",['Liefernde'],"['Lieferung', 'Lieferfirma', 'lieferndes Unternehmen', 'Lieferunternehmen']","['Liefernde', 'Lieferung', 'Lieferfirma', 'lieferndes Unternehmen', 'Lieferunternehmen']"
Logistiker,s,,gendered,titles,,"['Logistik, Logistiker~in~/~Logistiker']",['n/a'],"['Logistik, Logistiker~in~/~Logistiker']",['n/a'],['Logistik'],['Logistik']
Lokführer,s,,gendered,titles,,"['Lokführung, Lokführer~in~/~Lokführer']",['n/a'],"['Lokführung, Lokführer~in~/~Lokführer']",['n/a'],['Lokführung'],['Lokführung']
Lokrangierführer,s,,gendered,titles,,"['Lokrangierführer, Lokrangierführer~in~/~Lokrangierführer']",['n/a'],"['Lokrangierführer, Lokrangierführer~in~/~Lokrangierführer']",['n/a'],['Lokrangierführer'],['Lokrangierführer']
Maler,s,,gendered,titles,,"['Malerei, Maler~in~/~Maler']",['n/a'],"['Malerei, Maler~in~/~Maler']",['n/a'],['Malerei'],['Malerei']
Marmorist,s,,gendered,titles,,['Marmorist~in~/~Marmorist'],['n/a'],['Marmorist~in~/~Marmorist'],['n/a'],['n/a'],[]
Maurer,s,,gendered,titles,,['Maurer~in~/~Maurer'],['n/a'],['Maurer~in~/~Maurer'],['n/a'],['n/a'],[]
Mechaniker,s,,gendered,titles,,"['Mechanik, Mechaniker~in~/~Mechaniker']",['n/a'],"['Mechanik, Mechaniker~in~/~Mechaniker']",['n/a'],['Mechanik'],['Mechanik']
Mechatroniker,s,,gendered,titles,,"['Mechatronik, Mechatroniker~in~/~Mechatroniker']",['n/a'],"['Mechatronik, Mechatroniker~in~/~Mechatroniker']",['n/a'],['Mechatronik'],['Mechatronik']
Mediamatiker,s,,gendered,titles,,"['Mediamatik, Mediamatiker~in~/~Mediamatiker']",['n/a'],"['Mediamatik, Mediamatiker~in~/~Mediamatiker']",['n/a'],['Mediamatik'],['Mediamatik']
Mitarbeiter,s,,gendered,titles,,"['Mitarbeit, Mitarbeiter~in~/~Mitarbeiter']","['Personal', 'Mitarbeiterschaft', 'Belegschaft', 'Kollegschaft, Mitarbeitende']","['Mitarbeit, Mitarbeiter~in~/~Mitarbeiter', 'Personal', 'Mitarbeiterschaft', 'Belegschaft', 'Kollegschaft, Mitarbeitende']",['Mitarbeitende'],"['Personal', 'Mitarbeiterschaft', 'Belegschaft', 'Kollegschaft, Mitarbeit']","['Mitarbeitende', 'Personal', 'Mitarbeiterschaft', 'Belegschaft', 'Kollegschaft, Mitarbeit']"
Mittler,s,,gendered,titles,,"['Mittelsperson, Vermittlung, Mittler~in~/~Mittler']","['Person, die helfend vermittelt', 'Person, die vermittelnd (zwischen Personen, Parteien) auftritt']","['Mittelsperson, Vermittlung, Mittler~in~/~Mittler', 'Person, die helfend vermittelt', 'Person, die vermittelnd (zwischen Personen, Parteien) auftritt']",['n/a'],"['Vermittlung, Personen, die helfend vermitteln', 'Personen, die vermittelnd (zwischen Personen, Parteien) auftreten']","['Vermittlung, Personen, die helfend vermitteln', 'Personen, die vermittelnd (zwischen Personen, Parteien) auftreten']"
Moderator,s,,gendered,titles,,"['Moderation, Moderator~in~/~Moderator']","['Moderations-Team, Moderierende, Person, die moderiert', 'Person, die ein Gespräch lenkt', 'Person, die lenkend eine Kommunikation unterstützt']","['Moderation, Moderator~in~/~Moderator', 'Moderations-Team, Moderierende, Person, die moderiert', 'Person, die ein Gespräch lenkt', 'Person, die lenkend eine Kommunikation unterstützt']",['Moderierende'],"['Moderations-Team, Moderation, Personen, die moderieren', 'Personen, die Gespräche lenken', 'Personen, die Kommunikation lenkend unterstützen']","['Moderierende', 'Moderations-Team, Moderation, Personen, die moderieren', 'Personen, die Gespräche lenken', 'Personen, die Kommunikation lenkend unterstützen']"
Monteur,s,,gendered,titles,,"['Montage, Monteur~in~/~Monteur']",['n/a'],"['Montage, Monteur~in~/~Monteur']",['n/a'],['Montage'],['Montage']
Müller,s,,gendered,titles,,"['Mühle', 'Mühlbetrieb, Müller~in~/~Müller']",['n/a'],"['Mühle', 'Mühlbetrieb, Müller~in~/~Müller']",['n/a'],"['Mühle', 'Mühlbetrieb']","['Mühle', 'Mühlbetrieb']"
Oberflächenbeschichter,s,,gendered,titles,,"['Oberflächenbeschichtung, Oberflächenbeschichter~in~/~Oberflächenbeschichter']",['n/a'],"['Oberflächenbeschichtung, Oberflächenbeschichter~in~/~Oberflächenbeschichter']",['n/a'],['Oberflächenbeschichtung'],['Oberflächenbeschichtung']
Oberflächenveredler,s,,gendered,titles,,"['Oberflächenveredlung, Oberflächenveredler~in~/~Oberflächenveredler']",['n/a'],"['Oberflächenveredlung, Oberflächenveredler~in~/~Oberflächenveredler']",['n/a'],['Oberflächenveredlung'],['Oberflächenveredlung']
Operator,s,,gendered,titles,americanism,"['Bedienperson, Betrieb', 'Telefonzentrale', 'Notrufzentrale, Operator~in~/~Operator']","['Person, die Maschinen, Anlagen oder Rechner kontrolliert und bedient', 'Person, die (in einem Callcenter, einer Telefonzentrale, einer Notrufzentrale o. Ä.) Anrufe beantwortet oder weiterleitet']","['Bedienperson, Betrieb', 'Telefonzentrale', 'Notrufzentrale, Operator~in~/~Operator', 'Person, die Maschinen, Anlagen oder Rechner kontrolliert und bedient', 'Person, die (in einem Callcenter, einer Telefonzentrale, einer Notrufzentrale o. Ä.) Anrufe beantwortet oder weiterleitet']",['n/a'],"['Betrieb', 'Telefonzentrale', 'Notrufzentrale, Personen, die Maschinen, Anlagen oder Rechner kontrollieren und bedienen', 'Personen, die (in einem Callcenter, einer Telefonzentrale, einer Notrufzentrale o. Ä.) Anrufe beantworten oder weiterleiten']","['Betrieb', 'Telefonzentrale', 'Notrufzentrale, Personen, die Maschinen, Anlagen oder Rechner kontrollieren und bedienen', 'Personen, die (in einem Callcenter, einer Telefonzentrale, einer Notrufzentrale o. Ä.) Anrufe beantworten oder weiterleiten']"
Optiker,s,,gendered,titles,,"['Optik, Optiker~in~/~Optiker']",['n/a'],"['Optik, Optiker~in~/~Optiker']",['n/a'],['Optik'],['Optik']
Orthopädist,s,,gendered,titles,,"['Orthopädie', 'orthopädische Praxis, Orthopäd~in~/~Orthopäde', 'Orthopädist~in~/~Orthopädist']",['n/a'],"['Orthopädie', 'orthopädische Praxis, Orthopäd~in~/~Orthopäde', 'Orthopädist~in~/~Orthopädist']",['n/a'],"['Orthopädie', 'orthopädische Praxis']","['Orthopädie', 'orthopädische Praxis']"
Pferdewart,s,,gendered,titles,,"['Pferdewirtschaft', 'Reitsportzentrum', 'Handelsstall', 'Pferdehaltung, Pferdewart~in~/~Pferdewart']","['Person, die in einem Betrieb tätig ist, der Pferde hält', 'Person in der Pferdewirtschaft']","['Pferdewirtschaft', 'Reitsportzentrum', 'Handelsstall', 'Pferdehaltung, Pferdewart~in~/~Pferdewart', 'Person, die in einem Betrieb tätig ist, der Pferde hält', 'Person in der Pferdewirtschaft']",['n/a'],"['Pferdewirtschaft', 'Reitsportzentrum', 'Handelsstall', 'Pferdehaltung, Personen, die in einem Betrieb tätig sind, der Pferde hält', 'Personen in der Pferdewirtschaft']","['Pferdewirtschaft', 'Reitsportzentrum', 'Handelsstall', 'Pferdehaltung, Personen, die in einem Betrieb tätig sind, der Pferde hält', 'Personen in der Pferdewirtschaft']"
Pferdewirt,s,,gendered,titles,,"['Pferdewirtschaft', 'Reitsportzentrum', 'Handelsstall', 'Pferdehaltung, Pferdewirt~in~/~Pferdewirt']","['Person, die in einem Betrieb tätig ist, der Pferde hält', 'Person in der Pferdewirtschaft']","['Pferdewirtschaft', 'Reitsportzentrum', 'Handelsstall', 'Pferdehaltung, Pferdewirt~in~/~Pferdewirt', 'Person, die in einem Betrieb tätig ist, der Pferde hält', 'Person in der Pferdewirtschaft']",['n/a'],"['Pferdewirtschaft', 'Reitsportzentrum', 'Handelsstall', 'Pferdehaltung, Personen, die in einem Betrieb tätig sind, der Pferde hält', 'Personen in der Pferdewirtschaft']","['Pferdewirtschaft', 'Reitsportzentrum', 'Handelsstall', 'Pferdehaltung, Personen, die in einem Betrieb tätig sind, der Pferde hält', 'Personen in der Pferdewirtschaft']"
Pflästerer,s,,gendered,titles,,"['Pflästerei, Pflästerer~in~/~Pflästerer']",['n/a'],"['Pflästerei, Pflästerer~in~/~Pflästerer']",['n/a'],['Pflästerei'],['Pflästerei']
Pfleger,s,,gendered,titles,,"['Pflege', 'Pflegschaft, Pfleger~in~/~Pfleger']",['n/a'],"['Pflege', 'Pflegschaft, Pfleger~in~/~Pfleger']",['n/a'],"['Pflege', 'Pflegschaft']","['Pflege', 'Pflegschaft']"
Physiklaborant,s,,gendered,titles,,"['Physiklabor, Physiklaborant~in~/~Physiklaborant']",['n/a'],"['Physiklabor, Physiklaborant~in~/~Physiklaborant']",['n/a'],['Physiklabor'],['Physiklabor']
Planer,s,,gendered,titles,,"['Planung, Planer~in~/~Planer']",['n/a'],"['Planung, Planer~in~/~Planer']",['n/a'],['Planung'],['Planung']
Plattenleger,s,,gendered,titles,,['Plattenleger~in~/~Plattenleger'],['n/a'],['Plattenleger~in~/~Plattenleger'],['n/a'],['n/a'],[]
Podologe,s,,gendered,titles,,"['Podologie, Podolog~in~/~Podologe']",['n/a'],"['Podologie, Podolog~in~/~Podologe']",['n/a'],['Podologie'],['Podologie']
Polier,s,,gendered,titles,,"['Poliererei, Polier~in~/~Polier']",['n/a'],"['Poliererei, Polier~in~/~Polier']",['n/a'],['Poliererei'],['Poliererei']
Polisseur,s,,gendered,titles,,['Polisseuse~/~Polisseur'],['n/a'],['Polisseuse~/~Polisseur'],['n/a'],['n/a'],[]
Polygraf,s,,gendered,titles,,"['Polygrafie, Polygraf~in~/~Polygraf']",['n/a'],"['Polygrafie, Polygraf~in~/~Polygraf']",['n/a'],['Polygrafie'],['Polygrafie']
Processor,s,,gendered,titles,americanism,"['Processing, Prozessor~in~/~Prozessor']",['n/a'],"['Processing, Prozessor~in~/~Prozessor']",['n/a'],['Processing'],['Processing']
Product Owner,s,,gendered,titles,americanism,"['Product ownership, Product Owner~in~/~Product Owner']","['Person, die die Verantwortung für die erfolgreiche und wirtschaftlich sinnvolle Umsetzung eines Vorhabens trägt', 'Person, die gegenüber der Entwicklung die Sicht/Erwartungen der Kundschaft vertritt/kommuniziert']","['Product ownership, Product Owner~in~/~Product Owner', 'Person, die die Verantwortung für die erfolgreiche und wirtschaftlich sinnvolle Umsetzung eines Vorhabens trägt', 'Person, die gegenüber der Entwicklung die Sicht/Erwartungen der Kundschaft vertritt/kommuniziert']",['n/a'],"['Product ownership, Personen, die die Verantwortung für die erfolgreiche und wirtschaftlich sinnvolle Umsetzung eines Vorhabens tragen', 'Personen, die gegenüber der Entwicklung die Sicht/Erwartungen der Kundschaft vertreten/kommunizieren']","['Product ownership, Personen, die die Verantwortung für die erfolgreiche und wirtschaftlich sinnvolle Umsetzung eines Vorhabens tragen', 'Personen, die gegenüber der Entwicklung die Sicht/Erwartungen der Kundschaft vertreten/kommunizieren']"
Professor,s,,gendered,titles,,"['Professur, Professor~in~/~Professor']",['n/a'],"['Professur, Professor~in~/~Professor']",['n/a'],['Professur'],['Professur']
Rangierbegleiter,s,,gendered,titles,,"['Rangierbegleitung, Rangierbegleiter~in~/~Rangierbegleiter']",['Rangierbegleitende'],"['Rangierbegleitung, Rangierbegleiter~in~/~Rangierbegleiter', 'Rangierbegleitende']",['Rangierbegleitende'],['Rangierbegleitung'],"['Rangierbegleitende', 'Rangierbegleitung']"
Rangierer,s,,gendered,titles,,"['Rangierperson, Rangierbetrieb, Rangierer~in~/~Rangierer']",['Rangierpersonal'],"['Rangierperson, Rangierbetrieb, Rangierer~in~/~Rangierer', 'Rangierpersonal']",['n/a'],"['Rangierpersonal, Rangierbetrieb']","['Rangierpersonal, Rangierbetrieb']"
Recyclist,s,,gendered,titles,americanism,"['Recycling, Recyclist~in~/~Recyclist']",['n/a'],"['Recycling, Recyclist~in~/~Recyclist']",['n/a'],['Recycling'],['Recycling']
Reiniger,s,,gendered,titles,,"['Reinigungskraft, Reinigung, Reiniger~in~/~Reiniger']",['n/a'],"['Reinigungskraft, Reinigung, Reiniger~in~/~Reiniger']",['n/a'],['Reinigung'],['Reinigung']
Reparateur,s,,gendered,titles,,"['Reparatur, Reparateur~in~/~Reparateur']",['n/a'],"['Reparatur, Reparateur~in~/~Reparateur']",['n/a'],['Reparatur'],['Reparatur']
Researcher,s,,gendered,titles,,"['Research, Researcher~in~/~Researcher', 'Forscher~in~/~Foscher']","['Researchteam, Recherchierende', 'Forschende, Person, die recherchiert', 'Person, die forscht']","['Research, Researcher~in~/~Researcher', 'Forscher~in~/~Foscher', 'Researchteam, Recherchierende', 'Forschende, Person, die recherchiert', 'Person, die forscht']","['Recherchierende', 'Forschende']","['Researchteam, Research, Personen, die recherchieren', 'Personen, die forschen']","['Recherchierende', 'Forschende', 'Researchteam, Research, Personen, die recherchieren', 'Personen, die forschen']"
Säger,s,,gendered,titles,,"['Sägerei', 'Sägemühle, Säger~in~/~Säger']",['n/a'],"['Sägerei', 'Sägemühle, Säger~in~/~Säger']",['n/a'],"['Sägerei', 'Sägemühle']","['Sägerei', 'Sägemühle']"
Schlosser,s,,gendered,titles,,"['Schlosserei, Schlosser~in~/~Schlosser']",['n/a'],"['Schlosserei, Schlosser~in~/~Schlosser']",['n/a'],['Schlosserei'],['Schlosserei']
Schmied,s,,gendered,titles,,"['Schmiede, Schmied~in~/~Schmied']",['n/a'],"['Schmiede, Schmied~in~/~Schmied']",['n/a'],['Schmiede'],['Schmiede']
Schreiner,s,,gendered,titles,,"['Schreinerei, Schreiner~in~/~Schreiner']",['n/a'],"['Schreinerei, Schreiner~in~/~Schreiner']",['n/a'],['Schreinerei'],['Schreinerei']
Seilbahner,s,,gendered,titles,,"['Seilbahn, Seilbahner~in~/~Seilbahner']",['n/a'],"['Seilbahn, Seilbahner~in~/~Seilbahner']",['n/a'],['Seilbahn'],['Seilbahn']
Service desk agent,s,,gendered,titles,americanism,"['Servicedesk, Servicedesk-Mitarbeiter~in~/~Servicedesk-Mitarbeiter']","['Servicedesk-Mitarbeitende, Person, die für das Servicedesk arbeitet', 'Person, die im integrierten IT-Dienst arbeitet', 'Person, die sich dartum kümmert, dass der IT-Betrieb zuverlässig läuft']","['Servicedesk, Servicedesk-Mitarbeiter~in~/~Servicedesk-Mitarbeiter', 'Servicedesk-Mitarbeitende, Person, die für das Servicedesk arbeitet', 'Person, die im integrierten IT-Dienst arbeitet', 'Person, die sich dartum kümmert, dass der IT-Betrieb zuverlässig läuft']",['Servicedesk-Mitarbeitende'],"['Servicedesk, Personen, die für das Servicedesk arbeiten', 'Personen, die sich darum kümmern, dass der IT-Betrieb zuverlässig läuft']","['Servicedesk-Mitarbeitende', 'Servicedesk, Personen, die für das Servicedesk arbeiten', 'Personen, die sich darum kümmern, dass der IT-Betrieb zuverlässig läuft']"
Servicetechniker,s,,gendered,titles,,"['technische Servicekraft, Service', 'technischer Service, Servicetechniker~in~/~Servicetechniker']","['Servicepersonal', 'technisches Servicepersonal']","['technische Servicekraft, Service', 'technischer Service, Servicetechniker~in~/~Servicetechniker', 'Servicepersonal', 'technisches Servicepersonal']",['n/a'],"['Servicepersonal', 'technisches Servicepersonal, Service', 'technischer Service']","['Servicepersonal', 'technisches Servicepersonal, Service', 'technischer Service']"
Sicherheitsbeauftragter,s,,gendered,titles,,"['Sicherheits-Management, Sicherheitsbeauftragte~/~Sicherheitsbeauftragte~r']",['n/a'],"['Sicherheits-Management, Sicherheitsbeauftragte~/~Sicherheitsbeauftragte~r']",['n/a'],['Sicherheits-Management'],['Sicherheits-Management']
Softwarearchitekt,s,,gendered,titles,,"['Softwarearchitektur, Softwarearchitekt~in~/~Softwarearchitekt']",['n/a'],"['Softwarearchitektur, Softwarearchitekt~in~/~Softwarearchitekt']",['n/a'],['Softwarearchitektur'],['Softwarearchitektur']
Speditionskaufmann,s,,gendered,titles,,"['Speditionskaufmann, Speditionskaufmann~in~/~Speditionskaufmann']",['n/a'],"['Speditionskaufmann, Speditionskaufmann~in~/~Speditionskaufmann']",['n/a'],['Speditionskaufmann'],['Speditionskaufmann']
Spengler,s,,gendered,titles,,"['Spenglerei, Spengler~in~/~Spengler']",['n/a'],"['Spenglerei, Spengler~in~/~Spengler']",['n/a'],['Spenglerei'],['Spenglerei']
Steinmetz,s,,gendered,titles,,['Steinmetzin~/~Steinmetz'],['n/a'],['Steinmetzin~/~Steinmetz'],['n/a'],['n/a'],[]
Steinsetzer,s,,gendered,titles,,['Steinsetzerin~/~Steinsetzer'],['n/a'],['Steinsetzerin~/~Steinsetzer'],['n/a'],['n/a'],[]
Tänzer,s,,gendered,titles,,"['Tanz, Tänzerin~/~Tänzer']",['n/a'],"['Tanz, Tänzerin~/~Tänzer']",['n/a'],['Tanz'],['Tanz']
Technician,s,,gendered,titles,americanism,"['Technik, Techniker~in~/~Techniker']",['n/a'],"['Technik, Techniker~in~/~Techniker']",['n/a'],['Technik'],['Technik']
Techniker,s,,gendered,titles,,"['Technik, Techniker~in~/~Techniker']",['n/a'],"['Technik, Techniker~in~/~Techniker']",['n/a'],['Technik'],['Technik']
Technologe,s,,gendered,titles,,"['Technologiefachkraft, Technology', 'Technologie, Technolog~in~/~Technologe']",['n/a'],"['Technologiefachkraft, Technology', 'Technologie, Technolog~in~/~Technologe']",['n/a'],"['Technology', 'Technologie']","['Technology', 'Technologie']"
Technologist,s,,gendered,titles,americanism,"['Technologiefachkraft, Technology', 'Technologie, Technolog~in~/~Technologe']",['n/a'],"['Technologiefachkraft, Technology', 'Technologie, Technolog~in~/~Technologe']",['n/a'],"['Technology', 'Technologie']","['Technology', 'Technologie']"
Telematiker,s,,gendered,titles,,"['Telematik, Telematiker~in~/~Telematiker']",['n/a'],"['Telematik, Telematiker~in~/~Telematiker']",['n/a'],['Telematik'],['Telematik']
Theatermaler,s,,gendered,titles,,"['Theatermalerei, Theatermaler~in~/~Theatermaler']",['n/a'],"['Theatermalerei, Theatermaler~in~/~Theatermaler']",['n/a'],['Theatermalerei'],['Theatermalerei']
Vergolder,s,,gendered,titles,,"['Vergoldung, Vergolder~in~/~Vergolder']",['n/a'],"['Vergoldung, Vergolder~in~/~Vergolder']",['n/a'],['Vergoldung'],['Vergoldung']
Verkehrsmeister,s,,gendered,titles,,['Verkehrsmeister~in~/~Verkehrsmeister'],['n/a'],['Verkehrsmeister~in~/~Verkehrsmeister'],['n/a'],['n/a'],[]
Verkehrsplaner,s,,gendered,titles,,"['Verkehrsplanung, Verkehrsplaner~in~/~Verkehrsplaner']",['n/a'],"['Verkehrsplanung, Verkehrsplaner~in~/~Verkehrsplaner']",['n/a'],['Verkehrsplanung'],['Verkehrsplanung']
Wagenmeister,s,,gendered,titles,,['Wagenmeister~in~/~Wagenmeister'],['n/a'],['Wagenmeister~in~/~Wagenmeister'],['n/a'],['n/a'],[]
Wagner,s,,gendered,titles,,"['Wagnerei', 'Stellmacherei, Wagner~in~/~Wagner']",['n/a'],"['Wagnerei', 'Stellmacherei, Wagner~in~/~Wagner']",['n/a'],"['Wagnerei', 'Stellmacherei']","['Wagnerei', 'Stellmacherei']"
Winzer,s,,gendered,titles,,"['Winzerei', 'Winzereibetrieb, Winzer~in~/~Winzer']",['n/a'],"['Winzerei', 'Winzereibetrieb, Winzer~in~/~Winzer']",['n/a'],"['Winzerei', 'Winzereibetrieb']","['Winzerei', 'Winzereibetrieb']"
Zeichner,s,,gendered,titles,,['Zeichner~in~/~Zeichner'],['n/a'],['Zeichner~in~/~Zeichner'],['n/a'],['n/a'],[]
Zimmermann,s,,gendered,titles,,"['Zimmereifachkraft, Zimmerei, Zimmerfrau~/~Zimmermann']",['n/a'],"['Zimmereifachkraft, Zimmerei, Zimmerfrau~/~Zimmermann']",['n/a'],['Zimmerei'],['Zimmerei']
Zugbegleiter,s,,gendered,titles,,"['Zugbegleitung, Zugbegleiter~in~/~Zugbegleiter']",['n/a'],"['Zugbegleitung, Zugbegleiter~in~/~Zugbegleiter']",['n/a'],['Zugbegleitung'],['Zugbegleitung']
