Lemma,subcategory,is active,Wordtype,Forms,Alternative_Singular,Alternative_Plural,Alternative_Singular_split,Alternative_Plural_split
Arbeitskollege,,1.0,s,n?,"Person, die im selben Team arbeitet | Teammitglied | Person, die im selben Unternehmen arbeitet | Person, die man von der Arbeit kennt | Arbeitskollegin/Arbeitskollege | Arbeitskolleg:in","Personen, die im selben Team arbeiten | Teammitglieder | Team | Personen, die im selben Unternehmen arbeiten | Personen, die man von der Arbeit kennt | Arbeitskolleginnen und Arbeitskollegen | Arbeitskolleg:innen","['Person, die im selben Team arbeitet', 'Teammitglied', 'Person, die im selben Unternehmen arbeitet', 'Person, die man von der Arbeit kennt', 'Arbeitskollegin/Arbeitskollege', 'Arbeitskolleg:in']","['Personen, die im selben Team arbeiten', 'Teammitglieder', 'Team', 'Personen, die im selben Unternehmen arbeiten', 'Personen, die man von der Arbeit kennt', 'Arbeitskolleginnen und Arbeitskollegen', 'Arbeitskolleg:innen']"
Chef,gendered_roles_hierachy,1.0,s,s?,"Person, die die Verantwortung trägt | entscheidungsbefugte Person | Person, die die Entscheidungen fällt | die vorgesetzte Person | Kopf (einer Agentur / Abteilung / Firma) | leitende Person | Leitungsperson | Leitung | Führungskraft | Vorgesetzte/Vorgesetzter | Vorgesetzt:e  | Chef:in","Personen, die die Verantwortung tragen | entscheidungsbefugte Personen | Personen, die die Entscheidungen fällen | die vorgesetzten Personen | Köpfe (einer Agentur / Abteilung / Firma) | Leitung | Führungskräfte | Vorgesetzte | Chef:innen","['Person, die die Verantwortung trägt', 'entscheidungsbefugte Person', 'Person, die die Entscheidungen fällt', 'die vorgesetzte Person', 'Kopf (einer Agentur / Abteilung / Firma)', 'leitende Person', 'Leitungsperson', 'Leitung', 'Führungskraft', 'Vorgesetzte/Vorgesetzter', 'Vorgesetzt:e ', 'Chef:in']","['Personen, die die Verantwortung tragen', 'entscheidungsbefugte Personen', 'Personen, die die Entscheidungen fällen', 'die vorgesetzten Personen', 'Köpfe (einer Agentur / Abteilung / Firma)', 'Leitung', 'Führungskräfte', 'Vorgesetzte', 'Chef:innen']"
Boss,gendered_roles_hierachy,1.0,s,,"Person, die die Verantwortung trägt | entscheidungsbefugte Person | Person, die die Entscheidungen fällt | die vorgesetzte Person | Kopf (einer Agentur / Abteilung / Firma) | leitende Person | Leitungsperson | Leitung | Führungskraft | Vorgesetzte/Vorgesetzter | Vorgesetzt:e ","Personen, die die Verantwortung tragen | entscheidungsbefugte Personen | Personen, die die Entscheidungen fällen | die vorgesetzten Personen | Köpfe (einer Agentur / Abteilung / Firma) | leitende Personen | Leitungspersonen | Leitung | Führungskräfte | Vorgesetzte","['Person, die die Verantwortung trägt', 'entscheidungsbefugte Person', 'Person, die die Entscheidungen fällt', 'die vorgesetzte Person', 'Kopf (einer Agentur / Abteilung / Firma)', 'leitende Person', 'Leitungsperson', 'Leitung', 'Führungskraft', 'Vorgesetzte/Vorgesetzter', 'Vorgesetzt:e ']","['Personen, die die Verantwortung tragen', 'entscheidungsbefugte Personen', 'Personen, die die Entscheidungen fällen', 'die vorgesetzten Personen', 'Köpfe (einer Agentur / Abteilung / Firma)', 'leitende Personen', 'Leitungspersonen', 'Leitung', 'Führungskräfte', 'Vorgesetzte']"
Generalist,gendered_roles_hierachy,1.0,s,(en)?,"Mensch, der vielseitig begabt ist | Multitalent | fachlich breit aufgestellter Mensch | Mensch, der vielseitig interessiert ist | Generalistin/Generalist | Generalist:innen",vielseitig begabte Menschen | Multitalente | fachlich breit aufgestelle Personen | vielseitig interessierte Menschen | Generalistinnen und Generalisten | Generalist:innen | Generalistinnen und Generalisten | fachlich breit ausgerichtete Personen ,"['Mensch, der vielseitig begabt ist', 'Multitalent', 'fachlich breit aufgestellter Mensch', 'Mensch, der vielseitig interessiert ist', 'Generalistin/Generalist', 'Generalist:innen']","['vielseitig begabte Menschen', 'Multitalente', 'fachlich breit aufgestelle Personen', 'vielseitig interessierte Menschen', 'Generalistinnen und Generalisten', 'Generalist:innen', 'Generalistinnen und Generalisten', 'fachlich breit ausgerichtete Personen ']"
guy,gendered_denominations,1.0,s,s?,Kamerad:in | Freund:in | Kolleg:in,Team | Kolleg:innen | Freund:innen | Kamerad:innen,"['Kamerad:in', 'Freund:in', 'Kolleg:in']","['Team', 'Kolleg:innen', 'Freund:innen', 'Kamerad:innen']"
Mann,,1.0,s,,Person,Personen | Leute,['Person'],"['Personen', 'Leute']"
Herr,,1.0,s,(en)?,Person,Personen | Leute,['Person'],"['Personen', 'Leute']"
manpower,gendered_roles_hierachy,1.0,s,,(menschliche) Arbeitskraft | Arbeitspotenzial | Erwerbsperson | Ressource,Arbeitskräfte | die Arbeit unserer Angestellten |  | Arbeitspotenzial | Erwerbspersonen | Personal | Ressourcen,"['(menschliche) Arbeitskraft', 'Arbeitspotenzial', 'Erwerbsperson', 'Ressource']","['Arbeitskräfte', 'die Arbeit unserer Angestellten', '', 'Arbeitspotenzial', 'Erwerbspersonen', 'Personal', 'Ressourcen']"
männlich,,1.0,a,(e|er|en|em|es|ere|erer|eren|erem|eres|erere|erers|erern|ererm|ste|ster|stes|sten|stem)?,bezüglich einer Person,,['bezüglich einer Person'],['']
Großkunde,,1.0,s,n?,"Groß-Account | Kundschaft, die in großem Umfang (Leistungen / Waren) bezieht | Klientel, die in großem Umfang (Leistungen / Waren) bezieht | Großkundin/Großkunde | Großkund:in","Kundschaft, die in großem Umfang (Leistungen / Waren) bezieht | Klientel, die in großem Umfang (Leistungen / Waren) bezieht | Großkund:innen | Großkundinnen und Großkunden","['Groß-Account', 'Kundschaft, die in großem Umfang (Leistungen / Waren) bezieht', 'Klientel, die in großem Umfang (Leistungen / Waren) bezieht', 'Großkundin/Großkunde', 'Großkund:in']","['Kundschaft, die in großem Umfang (Leistungen / Waren) bezieht', 'Klientel, die in großem Umfang (Leistungen / Waren) bezieht', 'Großkund:innen', 'Großkundinnen und Großkunden']"
Kollege,,1.0,s,n?,"Person, die im selben Team arbeitet | Teammitglied | Person, die im selben Unternehmen arbeitet | Person, die man von der Arbeit kennt | Kollegin/Kollege | Kolleg:in","Kollegschaft | Team | Personen, die im selben Team arbeiten | Teammitglieder | Personen, die im selben Unternehmen arbeiten | Personen, die man von der Arbeit kennt | Kolleginnen und Kollegen | Kolleg:innen","['Person, die im selben Team arbeitet', 'Teammitglied', 'Person, die im selben Unternehmen arbeitet', 'Person, die man von der Arbeit kennt', 'Kolleg~in~/~Kollege']","['Kollegschaft', 'Team', 'Personen, die im selben Team arbeiten', 'Teammitglieder', 'Personen, die im selben Unternehmen arbeiten', 'Personen, die man von der Arbeit kennt', 'Kolleg~innen~ und ~Kollegen']"
Entwickler,,1.0,s,n?,Entwicklungsteam | Entwicklung | Entwicklerin/Entwickler | Entwickler:in,Entwicklung | Entwicklungsteam | Entwickler:innen | Entwicklerinnen und Entwickler,"['Entwicklungsteam', 'Entwicklung', 'Entwicklerin/Entwickler', 'Entwickler:in']","['Entwicklung', 'Entwicklungsteam', 'Entwickler:innen', 'Entwicklerinnen und Entwickler']"
Designer,,1.0,s,n?,Design | Designerin/Designer | Designer:in,Designteam | Designschaffende | Designer:innen | Designerinnen und Designer,"['Design', 'Designerin/Designer', 'Designer:in']","['Designteam', 'Designschaffende', 'Designer:innen', 'Designerinnen und Designer']"
Partner,,1.0,s,n?,Partnerin/Partner | Partner:in,Partnerinnen und Partner | Partnerschaften,"['Partnerin/Partner', 'Partner:in']","['Partnerinnen und Partner', 'Partnerschaften']"
Researcher,,1.0,s,n?,"Person, die recherchiert | Person, die forscht | Forscherin/Foscher | Forscher:in",Researchteam | Recherchierende | Forschende | Forscher:innen | Forscherinnen und Forscher,"['Person, die recherchiert', 'Person, die forscht', 'Forscherin/Foscher', 'Forscher:in']","['Researchteam', 'Recherchierende', 'Forschende', 'Forscher:innen', 'Forscherinnen und Forscher']"
Analyst,,1.0,s,(en)?,"Person, die analysiert | börsenbeobachtende Person | Börsenfachkraft | Analystin/Analyst | Analyst:in",Analysierende | Börsenbeobachtende | Analyst:innen | Analystinnen und Analysten,"['Person, die analysiert', 'börsenbeobachtende Person', 'Börsenfachkraft', 'Analystin/Analyst', 'Analyst:in']","['Analysierende', 'Börsenbeobachtende', 'Analyst:innen', 'Analystinnen und Analysten']"
Geschäftsleiter,,1.0,s,n?,Geschäftsleiterin/Geschäftsleiter | Geschäftsleiter:in,Geschäftsleitung | Geschäftsleiterinnen und Geschäftsleiter,"['Geschäftsleiterin/Geschäftsleiter', 'Geschäftsleiter:in']","['Geschäftsleitung', 'Geschäftsleiterinnen und Geschäftsleiter']"
Geschäftsführer,,,,,Geschäftsführerin/Geschäftsführer | Geschäftsführer:in,Geschäftsleitung | Geschäftsführerinnen und Geschäftsführer,"['Geschäftsführerin/Geschäftsführer', 'Geschäftsführer:in']","['Geschäftsleitung', 'Geschäftsführerinnen und Geschäftsführer']"
Student,,1.0,s,(en)?,"jemand, der (noch) studiert | Studi | Mitglied der Studentenschaft | Studentinnen/Studenten | Student:in","Personen, die studieren | Studentenschaft | Studierende | Studis | Student:innen | Studentinnen und Studenten","['jemand, der (noch) studiert', 'Studi', 'Mitglied der Studentenschaft', 'Studentinnen/Studenten', 'Student:in']","['Personen, die studieren', 'Studentenschaft', 'Studierende', 'Studis', 'Student:innen', 'Studentinnen und Studenten']"
Lehrling,,1.0,s,e?,Nachwuchskraft | Person in Ausbildung | auszubildende Person,Lernende | Auszubildende,"['Nachwuchskraft', 'Person in Ausbildung', 'auszubildende Person']","['Lernende', 'Auszubildende']"
Lehrtochter,,,,(tochter|töchter)?,Nachwuchskraft | Person in Ausbildung | auszubildende Person,Lernende | Auszubildende,"['Nachwuchskraft', 'Person in Ausbildung', 'auszubildende Person']","['Lernende', 'Auszubildende']"
Kandidat,,1.0,s,(en)?,"Person, die kandidiert | Kandidatin/Kandidat | Kandidat:in",Kandidierende | Kandidat:innen | Kandidatinnen und Kandidaten,"['Person, die kandidiert', 'Kandidatin/Kandidat', 'Kandidat:in']","['Kandidierende', 'Kandidat:innen', 'Kandidatinnen und Kandidaten']"
Arbeitgeber,,1.0,s,n?,"Person (auch Firma, Einrichtung, etc.), die Arbeitsplätze zur Verfügung stellt | Arbeitgeberin (wenn GmbH, Einzelfirma oder AG) | arbeitgebendes Unternehmen | Arbeitgeberin/Arbeitgeber | Arbeitgeber:in","Arbeitgebende | Personen/Firmen/Einrichtungen, die Arbeitsplätze zur Verfügung stellen | Arbeitgeberinnen (wenn GmbH, Einzelfirma oder AG) | arbeitgebende Unternehmen | Betriebe | Arbeitgeber:innen | Arbeitgeberinnen und Arbeitgeber","['Person (auch Firma, Einrichtung, etc.), die Arbeitsplätze zur Verfügung stellt', 'Arbeitgeberin (wenn GmbH, Einzelfirma oder AG)', 'arbeitgebendes Unternehmen', 'Arbeitgeberin/Arbeitgeber', 'Arbeitgeber:in']","['Arbeitgebende', 'Personen/Firmen/Einrichtungen, die Arbeitsplätze zur Verfügung stellen', 'Arbeitgeberinnen (wenn GmbH, Einzelfirma oder AG)', 'arbeitgebende Unternehmen', 'Betriebe', 'Arbeitgeber:innen', 'Arbeitgeberinnen und Arbeitgeber']"
Vermittler,,1.0,s,s?,vermittelnde Person | Vermittlerin/Vermittler | Vermittler:in,Vermittlung | Vermittler:innen | Vermittlerinnen und Vermittler,"['vermittelnde Person', 'Vermittlerin/Vermittler', 'Vermittler:in']","['Vermittlung', 'Vermittler:innen', 'Vermittlerinnen und Vermittler']"
Brückenbauer,,1.0,s,s?,"vermittelnde Person | Person, die Brücken baut | Brückenbauer:in",Brückenbauer:innen | Brückenbauerinnen und Brückenbauer ,"['vermittelnde Person', 'Person, die Brücken baut', 'Brückenbauer:in']","['Brückenbauer:innen', 'Brückenbauerinnen und Brückenbauer ']"
Botschafter,,1.0,s,s?,vermittelnde Person | vertretende Person | Botschafter:in,Vertretung | Botschafter:innen | Botschafterinnen und Botschafter ,"['vermittelnde Person', 'vertretende Person', 'Botschafter:in']","['Vertretung', 'Botschafter:innen', 'Botschafterinnen und Botschafter ']"
Lieferant,,1.0,s,en?,Lieferfirma | lieferndes Unternehmen | Lieferunternehmen,Lieferfirmen | liefernde Unternehmen | Lieferunternehmen | Liefernde | Zustellende,"['Lieferfirma', 'lieferndes Unternehmen', 'Lieferunternehmen']","['Lieferfirmen', 'liefernde Unternehmen', 'Lieferunternehmen', 'Liefernde', 'Zustellende']"
Dienstleister,,1.0,s,s?,dienstleistende Person | Person im Dientleistungssektor | Dienstleisterin/Dienstleiter | Dienstleister:in,Dienstleistende | Dienstleistungsbetriebe | dienstleistende Personen | Personen im Dienstleistungssektor | Dienstleister:innen | Dienstleisterinnen und Dienstleister,"['dienstleistende Person', 'Person im Dientleistungssektor', 'Dienstleisterin/Dienstleiter', 'Dienstleister:in']","['Dienstleistende', 'Dienstleistungsbetriebe', 'dienstleistende Personen', 'Personen im Dienstleistungssektor', 'Dienstleister:innen', 'Dienstleisterinnen und Dienstleister']"
Kunde,,,,(e|en),Kundschaft | Kundin/Kunde | Kund:in,Kundschaft | Kund:innen | Kundinnen und Kunden,"['Kundschaft', 'Kundin/Kunde', 'Kund:in']","['Kundschaft', 'Kund:innen', 'Kundinnen und Kunden']"
Rangierer,,,,,Rangiererin/Rangierer | Rangierer:in | Rangierperson,Rangierpersonal | Rangiererinnen | Rangiererinnen und Rangierer,"['Rangiererin/Rangierer', 'Rangierer:in', 'Rangierperson']","['Rangierpersonal', 'Rangiererinnen', 'Rangiererinnen und Rangierer']"
Rangierbegleiter,,,,,Rangierperson | Rangierbegleitung | Rangierbegleiterin/Rangierbegleiter | Rangierbegleiter:in,Rangierbegleitende | Rangierbegleitung | Rangierbegleiter:in | | Rangierbegleiterinnen und Rangierbegleiter,"['Rangierperson', 'Rangierbegleitung', 'Rangierbegleiterin/Rangierbegleiter', 'Rangierbegleiter:in']","['Rangierbegleitende', 'Rangierbegleitung', 'Rangierbegleiter:in', '| Rangierbegleiterinnen und Rangierbegleiter']"
Mitarbeiter,,,,,Mitarbeiterin/Mitarbeiter | Mitarbeiter:in ,Personal | Mitarbeiterschaft | Belegschaft | Kollegschaft | Mitarbeitende | Mitarbeiter:innen | Mitarbeiterinnen und Mitarbeiter,"['Mitarbeiterin/Mitarbeiter', 'Mitarbeiter:in ']","['Personal', 'Mitarbeiterschaft', 'Belegschaft', 'Kollegschaft', 'Mitarbeitende', 'Mitarbeiter:innen', 'Mitarbeiterinnen und Mitarbeiter']"
Fachmann,,,,(mann | männer),Fachperson | Fachfrau/Fachmann | Fachfrau:mann,Fachpersonal | Fachfrauen:männer | Fachfrauen und Fachmänner,"['Fachperson', 'Fachfrau/Fachmann', 'Fachfrau:mann']","['Fachpersonal', 'Fachfrauen:männer', 'Fachfrauen und Fachmänner']"
Leiter,,,,,Leiterin/Leiter | Leiter:in,Leitung | Leiter:innen | Leiterinnen und Leiter,"['Leiterin/Leiter', 'Leiter:in']","['Leitung', 'Leiter:innen', 'Leiterinnen und Leiter']"
Fahrzeugtechniker,,,,,Fahrzeugtechnikerin/Fahrzeugtechniker | Fahrzeugtechniker:in,Fahrzeugtechniker:innen | Fahrzeugtechnikerinnen und Fahrzeugtechniker,"['Fahrzeugtechnikerin/Fahrzeugtechniker', 'Fahrzeugtechniker:in']","['Fahrzeugtechniker:innen', 'Fahrzeugtechnikerinnen und Fahrzeugtechniker']"
Nutzer,,,,,Nutzerin/Nutzer | Nutzer:in,Nutzende | Nutzer:innen | Nutzerinnen und Nutzer,"['Nutzerin/Nutzer', 'Nutzer:in']","['Nutzende', 'Nutzer:innen', 'Nutzerinnen und Nutzer']"
Besucher,,,,,Besucherin/Besucher | Besucher:in,Gäste | Besucher:innen | Besucherinnen und Besucher,"['Besucherin/Besucher', 'Besucher:in']","['Gäste', 'Besucher:innen', 'Besucherinnen und Besucher']"
Vertreter,,,,,Vertreterin/Vertreter | Vertreter:in,Vertretende | Vertretung | Vertreter:innen | Verteterinnen und Vertreter,"['Vertreterin/Vertreter', 'Vertreter:in']","['Vertretende', 'Vertretung', 'Vertreter:innen', 'Verteterinnen und Vertreter']"
Servicetechniker,,,,,Service | Servicetechnikerin/Servicetechniker | Servicetechniker:in,Service | Servicepersonal | Servicetechniker:innen | Servicetechnikerinnen und Servicetechniker,"['Service', 'Servicetechnikerin/Servicetechniker', 'Servicetechniker:in']","['Service', 'Servicepersonal', 'Servicetechniker:innen', 'Servicetechnikerinnen und Servicetechniker']"
Zuhörer,,,,,zuhörende Person | Zuhörerin/Zuhörer | Zuhörer:in,"Publikum | Zuhörende | Personen, die zuhören | Zuhörer:innen | Zuhörerinnen und Zuhörer","['zuhörende Person', 'Zuhörerin/Zuhörer', 'Zuhörer:in']","['Publikum', 'Zuhörende', 'Personen, die zuhören', 'Zuhörer:innen', 'Zuhörerinnen und Zuhörer']"
Bewerber,,,,,"Person, die sich bewerbt | Bewerber:in","Personen, die sich bewerben | Bewerbende | Bewerber:innen | Bewerberinnen und Bewerber","['Person, die sich bewerbt', 'Bewerber:in']","['Personen, die sich bewerben', 'Bewerbende', 'Bewerber:innen', 'Bewerberinnen und Bewerber']"
Antragssteller,,,,,"Person, die einen Antrag stellt | Antragssteller:in ","Person, die einen Antrag stellen | Antragsstellende |  Beantragende | Antragssteller:innen | Antragsstellerinnen und Antragssteller","['Person, die einen Antrag stellt', 'Antragssteller:in ']","['Person, die einen Antrag stellen', 'Antragsstellende', ' Beantragende', 'Antragssteller:innen', 'Antragsstellerinnen und Antragssteller']"
Jeder,,,,,Jede/Jeder | Jede:r,Alle ,"['Jede/Jeder', 'Jede:r']",['Alle ']
Teilnehmerliste,gendered_roles_image,,,,Teilnahmeliste,,['Teilnahmeliste'],['']
Mitarbeiterdialog,gendered_roles_image,,,,Jahresaustausch | Jahresdialog,,"['Jahresaustausch', 'Jahresdialog']",['']
Benutzeranleitung,gendered_roles_image,,,,Bedienungsanleitung,,['Bedienungsanleitung'],['']
Benutzerhandbuch,gendered_roles_image,,,,Bedienungsanleitung,,['Bedienungsanleitung'],['']
Vorgesetzter,gendered_roles_hierachy,,5,,Leitungsperson | Führungsperson,Leitungspersonen | Führungspersonen,"['Leitungsperson', 'Führungsperson']","['Leitungspersonen', 'Führungspersonen']"
