Lemma,Word_Type,Category,Primary_subcategory,Secondary_subcategory,Sg_all_split,Pl_all_split,Alt_split
able-bodied,=a,unconscious_bias,advanced_ability,advanced_ability,"['without disability', 'typical']",[],"['without disability', 'typical']"
abnormal,a,unconscious_bias,advanced_ability,advanced_ability,"['atypical --- when talking about people', 'neurodiverse --- when talking about people', 'with a disability', 'with a medical condition', 'unusual(...)', 'odd(...)', 'strange(...)', 'surprising(...)', 'baffling(...)']",[],"['atypical --- when talking about people', 'neurodiverse --- when talking about people', 'with a disability', 'with a medical condition', 'unusual(...)', 'odd(...)', 'strange(...)', 'surprising(...)', 'baffling(...)']"
afflicted with,~v|,unconscious_bias,advanced_ability,advanced_ability,['living with'],[],['living with']
be special needs,v|~a|~s,unconscious_bias,advanced_ability,advanced_ability,"['live with a disability', 'have access needs', 'require additional services', 'need specialized support', 'provide specialized assistance']",[],"['live with a disability', 'have access needs', 'require additional services', 'need specialized support', 'provide specialized assistance']"
crippling,~a,unconscious_bias,advanced_ability,advanced_ability,"['traumatizing', 'paralyzing', 'devastating', 'ruinous']",[],"['traumatizing', 'paralyzing', 'devastating', 'ruinous']"
deformed,~a,unconscious_bias,advanced_ability,advanced_ability,"['person who has a disability(...)', 'person living with a physical disability(...)']",[],"['person who has a disability(...)', 'person living with a physical disability(...)']"
different abilities,~a|~s,unconscious_bias,advanced_ability,advanced_ability,"['disabilities', 'neurodiversity', 'differences', 'ability status']",[],"['disabilities', 'neurodiversity', 'differences', 'ability status']"
differently-abled,~a,unconscious_bias,advanced_ability,advanced_ability,"['atypical', 'neurodiverse', 'person with a disability(...)', 'has a disability(...)', 'of a different ability status(...)']",[],"['atypical', 'neurodiverse', 'person with a disability(...)', 'has a disability(...)', 'of a different ability status(...)']"
disability-adjusted life years,a|~s|~s,unconscious_bias,advanced_ability,advanced_ability,"['-', 'metric that confuses quality of life with health --- avoid if possible(...)']",['-'],"['-', 'metric that confuses quality of life with health --- avoid if possible(...)']"
disability-free life years,a|~s|~s,unconscious_bias,advanced_ability,advanced_ability,"['-', 'metric that confuses quality of life with health --- avoid if possible(...)']",['-'],"['-', 'metric that confuses quality of life with health --- avoid if possible(...)']"
disabled,=a,unconscious_bias,advanced_ability,advanced_ability,"['accessible --- referring to spaces', 'with a disability --- referring to people']",[],"['accessible --- referring to spaces', 'with a disability --- referring to people']"
dummy variable,~s|s,unconscious_bias,advanced_ability,advanced_ability,"['placeholder', 'placeholders']",['placeholders'],"['placeholder', 'placeholders']"
handi-capable,a,unconscious_bias,advanced_ability,age_old,"['have a disability', 'have access needs', 'person living with a physical disability(...)', 'person who live with a disability(...)']",[],"['have a disability', 'have access needs', 'person living with a physical disability(...)', 'person who live with a disability(...)']"
handicapped,~a,unconscious_bias,advanced_ability,age_old,"['accessible --- referring to spaces', 'with a disability --- referring to people', 'living with a disability(...)']",[],"['accessible --- referring to spaces', 'with a disability --- referring to people', 'living with a disability(...)']"
have special needs,v|~a|~s,unconscious_bias,advanced_ability,age_old,"['live with a disability', 'have access needs', 'require additional services', 'need specialized support', 'require specialized assistance']",[],"['live with a disability', 'have access needs', 'require additional services', 'need specialized support', 'require specialized assistance']"
nut house,~s|s,unconscious_bias,advanced_ability,age_old,"['psychiatric hospital unit', 'mental health unit', 'behavioral health unit', 'institution providing care to people with mental and psychiatric disabilities', 'psychiatric hospital units', 'mental health units', 'behavioral health units', 'institutions providing care to people with mental and psychiatric disabilities', 'situation full of confusion(...)', 'place in uproar(...)', 'noisy and confusing scene(...)']","['psychiatric hospital units', 'mental health units', 'behavioral health units', 'institutions providing care to people with mental and psychiatric disabilities', 'situations full of confusion(...)', 'places in uproar(...)', 'noisy and confusing scenes(...)']","['psychiatric hospital unit', 'mental health unit', 'behavioral health unit', 'institution providing care to people with mental and psychiatric disabilities', 'situation full of confusion(...)', 'place in uproar(...)', 'noisy and confusing scene(...)', 'psychiatric hospital units', 'mental health units', 'behavioral health units', 'institutions providing care to people with mental and psychiatric disabilities']"
quality-adjusted life years,=a|s|=s,unconscious_bias,advanced_ability,age_old,"['-', 'metric that confuses quality of life with health --- avoid if possible(...)']",['-'],"['-', 'metric that confuses quality of life with health --- avoid if possible(...)']"
sanity,s,unconscious_bias,advanced_ability,age_old,['coherence --- in technology'],[],['coherence --- in technology']
sanity check,~s|s,unconscious_bias,advanced_ability,age_old,"['quick check', 'plausibility check', 'consistency check', 'check for completeness and clarity', 'smoke test', 'quick checks', 'plausibility checks', 'consistency checks', 'checks for completeness and clarity', 'smoke tests', 'basic test to evaluate whether a claim can possibly be true(...)', 'basic test to assess whether the result of a calculation can be correct(...)']","['quick checks', 'plausibility checks', 'consistency checks', 'checks for completeness and clarity', 'smoke tests', 'basic test to evaluate whether a claim can possibly be true(...)', 'basic test to assess whether the result of a calculation can be correct(...)']","['quick check', 'plausibility check', 'consistency check', 'check for completeness and clarity', 'smoke test', 'basic test to evaluate whether a claim can possibly be true(...)', 'basic test to assess whether the result of a calculation can be correct(...)', 'quick checks', 'plausibility checks', 'consistency checks', 'checks for completeness and clarity', 'smoke tests']"
sanity test,~s|s,unconscious_bias,advanced_ability,age_old,"['quick check', 'plausibility check', 'consistency check', 'check for completeness and clarity', 'smoke test', 'quick checks', 'plausibility checks', 'consistency checks', 'checks for completeness and clarity', 'smoke tests', 'basic test to evaluate whether a claim can possibly be true(...)', 'basic test to assess whether the result of a calculation can be correct(...)']","['quick checks', 'plausibility checks', 'consistency checks', 'checks for completeness and clarity', 'smoke tests', 'basic test to evaluate whether a claim can possibly be true(...)', 'basic test to assess whether the result of a calculation can be correct(...)']","['quick check', 'plausibility check', 'consistency check', 'check for completeness and clarity', 'smoke test', 'basic test to evaluate whether a claim can possibly be true(...)', 'basic test to assess whether the result of a calculation can be correct(...)', 'quick checks', 'plausibility checks', 'consistency checks', 'checks for completeness and clarity', 'smoke tests']"
special-needs,a,unconscious_bias,advanced_ability,age_old,"['person with ((condition or disability))(...)', 'person living with a disability(...)', 'someone living with disability who needs help or care(...)', 'removing barriers for people(...)', 'requiring additional services(...)', 'offering specialized support(...)', 'providing specialized care(...)', 'requiring specialized assistance (...)']",[],"['person with ((condition or disability))(...)', 'person living with a disability(...)', 'someone living with disability who needs help or care(...)', 'removing barriers for people(...)', 'requiring additional services(...)', 'offering specialized support(...)', 'providing specialized care(...)', 'requiring specialized assistance (...)']"
specially abled,~a|~v,unconscious_bias,advanced_ability,age_old,"['-', 'person with ((condition or disability))(...)', 'person living with a disability(...)']",['-'],"['-', 'person with ((condition or disability))(...)', 'person living with a disability(...)']"
stricken with,~a|,unconscious_bias,advanced_ability,age_old,['living with'],[],['living with']
subnormal,a,unconscious_bias,advanced_ability,age_old,"['atypical', 'neurodivergent', '-', 'person with a learning disability(...)', 'person with learning disabilities(...)']",['-'],"['-', 'atypical', 'neurodivergent', 'person with a learning disability(...)', 'person with learning disabilities(...)']"
suffer from,v|,unconscious_bias,advanced_ability,age_old,['live with'],[],['live with']
aging dependant,=a|=s,unconscious_bias,age_old,age_young,"['older adult(...)', 'older person(...)', 'someone 65 years and older(...)']",[],"['older adult(...)', 'older person(...)', 'someone 65 years and older(...)']"
aging dependants,=a|=s,unconscious_bias,age_old,age_young,"['older adults(...)', 'older people(...)', 'persons 65 years and older(...)', 'the older population(...)']",[],"['older adults(...)', 'older people(...)', 'persons 65 years and older(...)', 'the older population(...)']"
aging dependent,=a|=s,unconscious_bias,age_old,age_young,"['older adult(...)', 'older person(...)', 'someone 65 years and older(...)']",[],"['older adult(...)', 'older person(...)', 'someone 65 years and older(...)']"
aging dependents,=a|=s,unconscious_bias,age_old,age_young,"['older adults(...)', 'older people(...)', 'persons 65 years and older(...)', 'the older population(...)']",[],"['older adults(...)', 'older people(...)', 'persons 65 years and older(...)', 'the older population(...)']"
baby boomer,~s|s,unconscious_bias,age_old,age_young,"['older person', 'adult', 'someone born between 1946 and 1965', 'older people', 'adults', 'people born between 1946 and 1965']","['older people', 'adults', 'people born between 1946 and 1965']","['older person', 'adult', 'someone born between 1946 and 1965', 'older people', 'adults', 'people born between 1946 and 1965']"
digital native,~s|s,unconscious_bias,age_old,hard_hearted,"['digitally skilled person', 'someone who handles digital tools with ease', 'someone with technology literacy skills', 'someone comfortable with using digital technologies', '--- spell out relevant skills', 'digitally skilled people', 'people who handle digital tools with ease', 'those with technology literacy skills', 'people comfortable using digital technologies']","['digitally skilled people', 'people who handle digital tools with ease', 'those with technology literacy skills', 'people comfortable using digital technologies', '--- spell out relevant skills']","['--- spell out relevant skills', 'digitally skilled person', 'someone who handles digital tools with ease', 'someone with technology literacy skills', 'someone comfortable with using digital technologies', 'digitally skilled people', 'people who handle digital tools with ease', 'those with technology literacy skills', 'people comfortable using digital technologies']"
dried up,~v|,unconscious_bias,age_old,competitive,['older'],[],['older']
elderly people,=a|=s,unconscious_bias,age_old,competitive,"['older adults(...)', 'older people(...)', 'persons 65 years and older(...)', 'the older population(...)']",[],"['older adults(...)', 'older people(...)', 'persons 65 years and older(...)', 'the older population(...)']"
elderly person,=a|=s,unconscious_bias,age_old,competitive,"['older adult(...)', 'older person(...)', 'someone 65 years and older(...)']",[],"['older adult(...)', 'older person(...)', 'someone 65 years and older(...)']"
gramps,~s,unconscious_bias,age_old,rough,"['grandy', 'grandparent', 'older person', 'grandies', 'grandparents', 'older people']","['grandies', 'grandparents', 'older people']","['grandy', 'grandparent', 'older person', 'grandies', 'grandparents', 'older people']"
grumpy old man,a|a|s,unconscious_bias,age_old,competitive,"['older adult', 'older adults']",['older adults'],"['older adult', 'older adults']"
mature,a,unconscious_bias,age_old,hard_hearted,"['experienced', 'adult']",[],"['experienced', 'adult']"
of a certain age,||a|~s,unconscious_bias,age_old,hard_hearted,"['with experience', 'adult', '-']",['-'],"['-', 'with experience', 'adult']"
old,a,unconscious_bias,age_old,competitive,"['adult', 'experienced']",[],"['adult', 'experienced']"
old coot,=a|=s,unconscious_bias,age_old,competitive,"['older adult', 'retiree', 'foolish person', 'older adults', 'retirees', 'foolish people', 'someone with life-long idiosyncratic habits(...)']","['older adults', 'retirees', 'foolish people', 'people with life-long idiosyncratic habits(...)']","['older adult', 'retiree', 'foolish person', 'someone with life-long idiosyncratic habits(...)', 'older adults', 'retirees', 'foolish people']"
old fogey,=a|s,unconscious_bias,age_old,hard_hearted,"['eccentric man', 'older person', 'eccentric men', 'older people']","['eccentric men', 'older people']","['eccentric man', 'older person', 'eccentric men', 'older people']"
old man,=a|s,unconscious_bias,age_old,hard_hearted,"['older person', 'older adult', 'older people', 'older adults']","['older people', 'older adults']","['older person', 'older adult', 'older people', 'older adults']"
old people,=a|s,unconscious_bias,age_old,competitive,['older adults'],[],['older adults']
old woman,=a|s,unconscious_bias,age_old,competitive,"['older person', 'older adult', 'older people', 'older adults']","['older people', 'older adults']","['older person', 'older adult', 'older people', 'older adults']"
over-the-hill,a,unconscious_bias,age_old,competitive,"['in decline', 'worn out', 'past their prime', 'past the peak where you pick up speed(...)', 'downhill, when things get easier(...)']",[],"['in decline', 'worn out', 'past their prime', 'past the peak where you pick up speed(...)', 'downhill, when things get easier(...)']"
senior citizen,=a|s,unconscious_bias,age_old,competitive,"['the older population', 'older adults', 'older people', 'persons 65 years and older', 'older adult(...)', 'older person(...)', 'someone 65 years and older(...)']","['older adults', 'older people', 'persons 65 years and older', 'the older population']","['older adult(...)', 'older person(...)', 'someone 65 years and older(...)', 'the older population', 'older adults', 'older people', 'persons 65 years and older']"
the aged,|~s,unconscious_bias,age_old,competitive,"['older adults(...)', 'older people(...)', 'persons 65 years and older(...)', 'the older population(...)']",[],"['older adults(...)', 'older people(...)', 'persons 65 years and older(...)', 'the older population(...)']"
the elderly,|~s,unconscious_bias,age_old,rough,"['older adults(...)', 'older people(...)', 'persons 65 years and older(...)', 'the older population(...)']",[],"['older adults(...)', 'older people(...)', 'persons 65 years and older(...)', 'the older population(...)']"
too old to,|a|,unconscious_bias,age_old,rough,"['planning to', 'considering to']",[],"['planning to', 'considering to']"
young at heart,a||~s,unconscious_bias,age_old,competitive,"['energetic', 'lively', 'open-minded', 'playful', 'hopeful', 'optimistic', 'enthusiastic', 'interested']",[],"['energetic', 'lively', 'open-minded', 'playful', 'hopeful', 'optimistic', 'enthusiastic', 'interested']"
entry-level,a,unconscious_bias,age_young,competitive,"['junior', 'after-college', 'a career starting point', 'no work experience required(...)', '(for someone with) some initial work experience(...)', 'an opportunity to learn and grow(...)']",[],"['junior', 'after-college', 'a career starting point', 'no work experience required(...)', '(for someone with) some initial work experience(...)', 'an opportunity to learn and grow(...)']"
juvenile,a,unconscious_bias,age_young,rough,"['adolescent', 'underage', 'playful', 'foolish', 'callow', 'inexperienced', 'pubescent']",[],"['adolescent', 'underage', 'playful', 'foolish', 'callow', 'inexperienced', 'pubescent']"
too young to,|a|,unconscious_bias,age_young,rough,"['planning to', 'considering to']",[],"['planning to', 'considering to']"
young,=a,unconscious_bias,age_young,rough,['younger'],[],['younger']
young team,a|s,unconscious_bias,age_young,rough,"['energetic group', 'enthusiastic team', 'lively group that loves to explore new ideas', 'energetic groups', 'enthusiastic teams', 'lively groups that love to explore new ideas']","['energetic groups', 'enthusiastic teams', 'lively groups that love to explore new ideas']","['energetic group', 'enthusiastic team', 'lively group that loves to explore new ideas', 'energetic groups', 'enthusiastic teams', 'lively groups that love to explore new ideas']"
a good competition,|a|s,unconscious_bias,agentic,rough,"['an opportunity to show what we can do', 'an opportunity to present ideas', 'an inspiring show of ideas and thoughts']",[],"['an opportunity to show what we can do', 'an opportunity to present ideas', 'an inspiring show of ideas and thoughts']"
abort,v,unconscious_bias,agentic,rough,"['terminate', 'stop', 'cancel', 'pause', 'suspend']",[],"['terminate', 'stop', 'cancel', 'pause', 'suspend']"
adventurous,a,unconscious_bias,agentic,competitive,"['enterprising', 'resourceful', 'happy to explore new ideas', 'full of faith in your skills', 'open to new experiences', 'open and curious', 'willing to try out new methods', 'ready to try out new experiences', 'willing to try out new ideas']",[],"['enterprising', 'resourceful', 'happy to explore new ideas', 'full of faith in your skills', 'open to new experiences', 'open and curious', 'willing to try out new methods', 'ready to try out new experiences', 'willing to try out new ideas']"
aggressive,a,unconscious_bias,agentic,rough,"['energetic', 'emphatic', 'invested', 'spirited', 'open', 'straightforward', 'enterprising', 'focused', 'clear and to the point', 'candid', 'at ease advancing ideas', 'prepared to argue for (...)', 'willing to stand up for (...)']",[],"['energetic', 'emphatic', 'invested', 'spirited', 'open', 'straightforward', 'enterprising', 'focused', 'clear and to the point', 'candid', 'at ease advancing ideas', 'prepared to argue for (...)', 'willing to stand up for (...)']"
alone,a,unconscious_bias,agentic,rough,"['uninterrupted', 'without distractions', ""--- don't use for people"", 'concentrating on the task at hand(...)']","[""--- don't use for people""]","[""--- don't use for people"", 'uninterrupted', 'without distractions', 'concentrating on the task at hand(...)']"
ambitious,a,unconscious_bias,agentic,hard_hearted,"['growth-minded', 'keen and enthusiastic', ""--- don't use for people"", 'interested in taking on new responsibilities(...)', 'committed to working toward goals(...)', 'keen on realizing a vision(...)']","[""--- don't use for people""]","[""--- don't use for people"", 'growth-minded', 'keen and enthusiastic', 'interested in taking on new responsibilities(...)', 'committed to working toward goals(...)', 'keen on realizing a vision(...)']"
analytical,a,unconscious_bias,agentic,competitive,"['logical', 'systematical', 'investigative', 'explorative', 'able to interpret data(...)', 'taking a systematic approach(...)', 'with scientific care(...)', 'keen to examine ((subject matter)) in detail(...)', 'applying diagnostic methods(...)']",[],"['logical', 'systematical', 'investigative', 'explorative', 'able to interpret data(...)', 'taking a systematic approach(...)', 'with scientific care(...)', 'keen to examine ((subject matter)) in detail(...)', 'applying diagnostic methods(...)']"
analyze,v,unconscious_bias,agentic,competitive,"['investigate', 'interpret', 'closely examine', 'put ((a topic)) under scrutiny(...)', 'study ((subject matter)) with scientific care(...)', 'apply diagnostic methods to(...)', 'embark on a meticulous exploration of(...)', 'conduct an inquiry into(...)']",[],"['investigate', 'interpret', 'closely examine', 'put ((a topic)) under scrutiny(...)', 'study ((subject matter)) with scientific care(...)', 'apply diagnostic methods to(...)', 'embark on a meticulous exploration of(...)', 'conduct an inquiry into(...)']"
assertive,a,unconscious_bias,agentic,rough,"['open', 'intent', 'serious', 'focused', 'invested', 'able to nurture and connect with customers(...)', 'open about your goals(...)', 'at ease sharing their perspective(...)', 'committed to shared goals(...)', 'happy to see something through(...)', 'deeply enthusiastic about working toward a milestone(...)']",[],"['open', 'intent', 'serious', 'focused', 'invested', 'able to nurture and connect with customers(...)', 'open about your goals(...)', 'at ease sharing their perspective(...)', 'committed to shared goals(...)', 'happy to see something through(...)', 'deeply enthusiastic about working toward a milestone(...)']"
assertiveness,s,unconscious_bias,agentic,competitive,"['openness', 'commitment', 'focus', 'positive attitude', 'enthusiasm', 'authenticity', 'ability to communicate effectively(...)', 'at ease communicating boundaries and expectations(...)', 'ability to nurture and connect with customers(...)', 'willingness to see something through(...)', 'enthusiasm for working together toward a milestone(...)', 'desire to work toward a dream(...)', 'desire to realize a vision(...)', ""focus on one's purpose(...)""]",[],"['openness', 'commitment', 'focus', 'positive attitude', 'enthusiasm', 'authenticity', 'ability to communicate effectively(...)', 'at ease communicating boundaries and expectations(...)', 'ability to nurture and connect with customers(...)', 'willingness to see something through(...)', 'enthusiasm for working together toward a milestone(...)', 'desire to work toward a dream(...)', 'desire to realize a vision(...)', ""focus on one's purpose(...)""]"
athletic,a,unconscious_bias,agentic,competitive,"['healthy', 'energetic', 'adept', 'skillful', 'disciplined']",[],"['healthy', 'energetic', 'adept', 'skillful', 'disciplined']"
authoritative,a,unconscious_bias,agentic,corporate,"['reliable', 'precise', 'accurate', 'persuasive', 'dependable', 'factual', 'trustworthy', 'respected', 'scholarly']",[],"['reliable', 'precise', 'accurate', 'persuasive', 'dependable', 'factual', 'trustworthy', 'respected', 'scholarly']"
autonomous,a,unconscious_bias,agentic,hard_hearted,"['self-organized', 'self-managed', 'free of external control', 'free of influence', 'free to make informed and uncoerced decisions', 'impartial and unbiased', 'comfortable making their own decisions(...)', 'at ease taking the initiative(...)', 'curious to find their own answers(...)']",[],"['self-organized', 'self-managed', 'free of external control', 'free of influence', 'free to make informed and uncoerced decisions', 'impartial and unbiased', 'comfortable making their own decisions(...)', 'at ease taking the initiative(...)', 'curious to find their own answers(...)']"
autonomy,s,unconscious_bias,agentic,hard_hearted,"['self-organization', 'self-management', 'impartial mindset', 'unbiased perspective', 'freedom from external control or influence(...)', 'capacity to make informed, uncoerced decisions(...)']",[],"['self-organization', 'self-management', 'impartial mindset', 'unbiased perspective', 'freedom from external control or influence(...)', 'capacity to make informed, uncoerced decisions(...)']"
boast,v,unconscious_bias,agentic,hard_hearted,"['exhibit', 'display', 'possess', 'feature', 'have', 'own', 'be proud of', 'take pride in']",[],"['exhibit', 'display', 'possess', 'feature', 'have', 'own', 'be proud of', 'take pride in']"
by themself,|s,unconscious_bias,agentic,hard_hearted,"['setting their own priorities', 'based on their ideas', 'comfortable making decisions', 'on their own initiative']",[],"['setting their own priorities', 'based on their ideas', 'comfortable making decisions', 'on their own initiative']"
by yourself,|s,unconscious_bias,agentic,agentic,"['setting your priorities', 'based on your ideas', 'comfortable making decisions', 'on your own initiative']",[],"['setting your priorities', 'based on your ideas', 'comfortable making decisions', 'on your own initiative']"
challengeable,a,unconscious_bias,agentic,rough,"['debatable', 'disputed', 'hypothetical', 'arguable']",[],"['debatable', 'disputed', 'hypothetical', 'arguable']"
challenging,a,unconscious_bias,agentic,corporate,"['demanding', 'questioning', 'complex', 'requiring full use of your resources', 'requiring thought and skill to solve']",[],"['demanding', 'questioning', 'complex', 'requiring full use of your resources', 'requiring thought and skill to solve']"
clever,a,unconscious_bias,agentic,hard_hearted,"['creative', 'insightful', 'astute', 'skilled', 'skillful', 'resourceful', 'inventive', 'knowledgeable', 'competent', ""--- don't use for people""]","[""--- don't use for people""]","[""--- don't use for people"", 'creative', 'insightful', 'astute', 'skilled', 'skillful', 'resourceful', 'inventive', 'knowledgeable', 'competent']"
compete,v,unconscious_bias,agentic,hard_hearted,"['engage', 'move forward', 'be invested(...)', 'want to make an effort(...)', 'feel inspired by people who work toward the same goals(...)']",[],"['engage', 'move forward', 'be invested(...)', 'want to make an effort(...)', 'feel inspired by people who work toward the same goals(...)']"
competitive,a,unconscious_bias,agentic,competitive,"['keen', 'entrepreneurial', ""--- don't use for people"", 'invested(...)', 'focused on outcomes(...)', 'inspired by people working toward the same goals(...)', 'a bargain(...)']","[""--- don't use for people""]","[""--- don't use for people"", 'keen', 'entrepreneurial', 'invested(...)', 'focused on outcomes(...)', 'inspired by people working toward the same goals(...)', 'a bargain(...)']"
confidence,s,unconscious_bias,agentic,competitive,"['spirit', 'self-trust', 'poise', 'trust in your abilities(...)', 'comfortable with who you are(...)']",[],"['spirit', 'self-trust', 'poise', 'trust in your abilities(...)', 'comfortable with who you are(...)']"
confident,a,unconscious_bias,agentic,competitive,"['poised', 'optimistic', 'great at', 'comfortable with who you are', 'happy with their abilities(...)', 'trusting yourself(...)', ""believing in one's capabilities(...)"", 'delighted with your skills(...)', 'at ease with taking the initiative(...)']",[],"['poised', 'optimistic', 'great at', 'comfortable with who you are', 'happy with their abilities(...)', 'trusting yourself(...)', ""believing in one's capabilities(...)"", 'delighted with your skills(...)', 'at ease with taking the initiative(...)']"
conquer,v,unconscious_bias,agentic,competitive,"['win over', 'acquire', 'overcome', 'take over']",[],"['win over', 'acquire', 'overcome', 'take over']"
convince,v,unconscious_bias,agentic,competitive,"['inspire', 'win over', 'make (...) see', 'gain (...) trust']",[],"['inspire', 'win over', 'make (...) see', 'gain (...) trust']"
courage,s,unconscious_bias,agentic,competitive,"['curiosity', 'enthusiasm for trying new things', 'willingness to experiment', 'eye for opportunities', 'interest in exploring the unknown']",[],"['curiosity', 'enthusiasm for trying new things', 'willingness to experiment', 'eye for opportunities', 'interest in exploring the unknown']"
courageous,a,unconscious_bias,agentic,competitive,"['curious', 'resourceful', 'great-hearted', 'willing to try new things(...)', 'open to opportunities(...)', 'not afraid to experiment(...)', 'interested in exploring the unknown(...)', 'undeterred by inconveniences(...)']",[],"['curious', 'resourceful', 'great-hearted', 'willing to try new things(...)', 'open to opportunities(...)', 'not afraid to experiment(...)', 'interested in exploring the unknown(...)', 'undeterred by inconveniences(...)']"
decide,v,unconscious_bias,agentic,corporate,"['agree', 'choose', 'elect', 'opt', 'draw a conclusion(...)', 'come to an agreement(...)', ""make up one's mind(...)"", 'settle an issue(...)', 'make a choice(...)', 'work (...) out together', 'reach mutual consent(...)']",[],"['agree', 'choose', 'elect', 'opt', 'draw a conclusion(...)', 'come to an agreement(...)', ""make up one's mind(...)"", 'settle an issue(...)', 'make a choice(...)', 'work (...) out together', 'reach mutual consent(...)']"
decidedness,s,unconscious_bias,agentic,tech,"['purposefulness', 'certainty', 'steadfastness', 'patience', ""focus on one's purpose(...)"", 'willingness to set course(...)', 'ability to stick to your purpose(...)', 'ease seeing things through(...)']",[],"['purposefulness', 'certainty', 'steadfastness', 'patience', ""focus on one's purpose(...)"", 'willingness to set course(...)', 'ability to stick to your purpose(...)', 'ease seeing things through(...)']"
decisive,a,unconscious_bias,agentic,hard_hearted,"['momentous', 'final', 'critical', 'positive', 'significant', 'influential', 'conclusive', ""--- don't use for people"", 'able to make choices quickly(...)', 'at ease picking a course of action(...)']","[""--- don't use for people""]","[""--- don't use for people"", 'momentous', 'final', 'critical', 'positive', 'significant', 'influential', 'conclusive', 'able to make choices quickly(...)', 'at ease picking a course of action(...)']"
decisiveness,s,unconscious_bias,agentic,hard_hearted,"['purposefulness', 'certainty', ""adherence to one's purpose(...)"", 'will to see (...) through', 'ability to make choices with ease(...)']",[],"['purposefulness', 'certainty', ""adherence to one's purpose(...)"", 'will to see (...) through', 'ability to make choices with ease(...)']"
defend,v,unconscious_bias,agentic,hard_hearted,"['preserve', 'support', 'maintain', 'hold', 'show support for', 'advocate', 'endorse', 'justify', 'explain', 'show loyalty to(...)']",[],"['preserve', 'support', 'maintain', 'hold', 'show support for', 'advocate', 'endorse', 'justify', 'explain', 'show loyalty to(...)']"
demonstrate,v,unconscious_bias,agentic,hard_hearted,"['show', 'perceive yourself', 'establish', 'indicate', 'display', 'express', 'confirm', 'teach', 'describe']",[],"['show', 'perceive yourself', 'establish', 'indicate', 'display', 'express', 'confirm', 'teach', 'describe']"
determination,s,unconscious_bias,agentic,hard_hearted,"['commitment', 'dedication', 'certainty', 'focus', 'clarity', 'steadfastness', 'patience', 'willingness to stick to shared goals(...)']",[],"['commitment', 'dedication', 'certainty', 'focus', 'clarity', 'steadfastness', 'patience', 'willingness to stick to shared goals(...)']"
determined,=a,unconscious_bias,agentic,competitive,"['certain', 'clear', 'dedicated', 'patient', 'committed', 'intent on', 'serious about', 'focused', ""--- don't use for people"", 'discovered(...)', 'established(...)', 'ascertained(...)', 'keen to see something through(...)', 'deeply enthusiastic about working toward a goal(...)']","[""--- don't use for people""]","[""--- don't use for people"", 'certain', 'clear', 'dedicated', 'patient', 'committed', 'intent on', 'serious about', 'focused', 'discovered(...)', 'established(...)', 'ascertained(...)', 'keen to see something through(...)', 'deeply enthusiastic about working toward a goal(...)']"
directness,s,unconscious_bias,agentic,competitive,"['openness', 'candor']",[],"['openness', 'candor']"
dominant,a,unconscious_bias,agentic,competitive,"['prevailing', 'guiding', 'main', 'primary', ""--- don't use for people"", 'respecting governance(...)', 'communicating governance(...)', 'comfortable with taking on responsibility(...)', 'at ease with taking the initiative(...)']","[""--- don't use for people""]","[""--- don't use for people"", 'prevailing', 'guiding', 'main', 'primary', 'respecting governance(...)', 'communicating governance(...)', 'comfortable with taking on responsibility(...)', 'at ease with taking the initiative(...)']"
dominate,v,unconscious_bias,agentic,competitive,"['handle', 'manage', 'influence', 'guide', 'shape', 'supervise']",[],"['handle', 'manage', 'influence', 'guide', 'shape', 'supervise']"
domination,s,unconscious_bias,agentic,competitive,"['influence', 'guidance', 'impact', 'management', 'care', 'oversight', 'tutelage', 'governance', 'supervision', 'responsibility']",[],"['influence', 'guidance', 'impact', 'management', 'care', 'oversight', 'tutelage', 'governance', 'supervision', 'responsibility']"
eager,a,unconscious_bias,agentic,competitive,"['keen', 'avid', 'excited', 'enthusiastic', 'avid', 'ardent', 'motivated', 'wholehearted', 'dedicated', 'committed', 'earnest', 'diligent', 'longing', ""--- don't use for people""]","[""--- don't use for people""]","[""--- don't use for people"", 'keen', 'avid', 'excited', 'enthusiastic', 'avid', 'ardent', 'motivated', 'wholehearted', 'dedicated', 'committed', 'earnest', 'diligent', 'longing']"
endurance,s,unconscious_bias,agentic,competitive,"['resilience', 'bearing', 'tolerance', 'forbearance', 'patience', 'acceptance', 'ability to carry on(...)', 'capacity to keep at it(...)', 'patience to see things through(...)', 'capacity to keep going in the face of adversity(...)']",[],"['resilience', 'bearing', 'tolerance', 'forbearance', 'patience', 'acceptance', 'ability to carry on(...)', 'capacity to keep at it(...)', 'patience to see things through(...)', 'capacity to keep going in the face of adversity(...)']"
ensure,v,unconscious_bias,agentic,competitive,"['establish', 'provide', 'safeguard', 'certify', 'arrange', 'support', 'confirm', 'make safe', 'set out']",[],"['establish', 'provide', 'safeguard', 'certify', 'arrange', 'support', 'confirm', 'make safe', 'set out']"
exceed,v,unconscious_bias,agentic,hard_hearted,"['think beyond', 'aspire', 'transcend', 'go beyond', 'build on']",[],"['think beyond', 'aspire', 'transcend', 'go beyond', 'build on']"
execute,v,unconscious_bias,agentic,hard_hearted,"['start', 'launch', 'run', 'perform']",[],"['start', 'launch', 'run', 'perform']"
expect,v,unconscious_bias,agentic,hard_hearted,"['welcome', 'wish', 'hope', 'anticipate', 'forecast', 'estimate']",[],"['welcome', 'wish', 'hope', 'anticipate', 'forecast', 'estimate']"
expertise,s,unconscious_bias,agentic,rough,"['competency', 'understanding', 'know-how', 'capacity', 'skill', 'insight', 'substantial experience(...)', 'assistance --- provided by someone with a specified ability(...)']",[],"['competency', 'understanding', 'know-how', 'capacity', 'skill', 'insight', 'substantial experience(...)', 'assistance --- provided by someone with a specified ability(...)']"
fearless,a,unconscious_bias,agentic,competitive,"['spirited', 'steadfast', 'undeterred', 'dedicated', 'clear', 'sure', 'positive', 'calm', ""--- don't use for people""]","[""--- don't use for people""]","[""--- don't use for people"", 'spirited', 'steadfast', 'undeterred', 'dedicated', 'clear', 'sure', 'positive', 'calm']"
fierce,a,unconscious_bias,agentic,competitive,"['focused', 'steadfast', 'purposeful', 'lively', 'enterprising', 'energetic', 'motivated', 'concentrated', 'intense', 'intensive', ""--- don't use for people""]","[""--- don't use for people""]","[""--- don't use for people"", 'focused', 'steadfast', 'purposeful', 'lively', 'enterprising', 'energetic', 'motivated', 'concentrated', 'intense', 'intensive']"
firm,a,unconscious_bias,agentic,competitive,"['stable', 'steady', 'reliable', 'grounded', 'constant', 'true', 'loyal']",[],"['stable', 'steady', 'reliable', 'grounded', 'constant', 'true', 'loyal']"
gladiatorial,a,unconscious_bias,agentic,competitive,"['happy to discuss views and ideas(...)', 'at ease debating pros and cons(...)', 'happy to brainstorm(...)', 'motivated by people with the same goals(...)']",[],"['happy to discuss views and ideas(...)', 'at ease debating pros and cons(...)', 'happy to brainstorm(...)', 'motivated by people with the same goals(...)']"
go the extra mile,~v||a|~s,unconscious_bias,agentic,competitive,"['think ahead', 'make a special effort', 'make customers happy(...)', 'find creative solutions to customer requests(...)', 'delight and retain customers through unexpected generosity and unusual solutions(...)']",[],"['think ahead', 'make a special effort', 'make customers happy(...)', 'find creative solutions to customer requests(...)', 'delight and retain customers through unexpected generosity and unusual solutions(...)']"
goes the extra mile,~v||a|~s,unconscious_bias,agentic,hard_hearted,"['thinks ahead', 'makes a special effort', 'makes customers happy(...)', 'finds creative solutions to customer requests(...)', 'delights and retains customers through unexpected generosity and unusual solutions(...)']",[],"['thinks ahead', 'makes a special effort', 'makes customers happy(...)', 'finds creative solutions to customer requests(...)', 'delights and retains customers through unexpected generosity and unusual solutions(...)']"
going the extra mile,~v||a|~s,unconscious_bias,agentic,hard_hearted,"['thinking ahead', 'making a special effort', 'making customers happy(...)', 'finding creative solutions to customer requests(...)', 'delighting and retaining customers through unexpected generosity and unusual solutions(...)']",[],"['thinking ahead', 'making a special effort', 'making customers happy(...)', 'finding creative solutions to customer requests(...)', 'delighting and retaining customers through unexpected generosity and unusual solutions(...)']"
gone the extra mile,~v||a|~s,unconscious_bias,agentic,hard_hearted,"['thought ahead', 'made a special effort', 'made customers happy(...)', 'found creative solutions to satisfy customer requests(...)', 'delighted and retained customers through unexpected generosity and unusual solutions(...)']",[],"['thought ahead', 'made a special effort', 'made customers happy(...)', 'found creative solutions to satisfy customer requests(...)', 'delighted and retained customers through unexpected generosity and unusual solutions(...)']"
greedy,a,unconscious_bias,agentic,hard_hearted,"['acquisitive(...)', 'keen (on ...)', 'interested (in ...)', 'having a keen interest (in ...)', 'enthusiastic (about ...)']",[],"['acquisitive(...)', 'keen (on ...)', 'interested (in ...)', 'having a keen interest (in ...)', 'enthusiastic (about ...)']"
hate,v,unconscious_bias,agentic,corporate,"['be not too fond of', 'is uncomfortable with (...)', 'display discomfort toward', 'show aversion against', 'feel threatened by']",[],"['be not too fond of', 'is uncomfortable with (...)', 'display discomfort toward', 'show aversion against', 'feel threatened by']"
head-strong,a,unconscious_bias,agentic,corporate,"['knowing your mind(...)', ""sticking to one's purpose(...)"", 'stick to their course of action(...)', ""have a clear view of one's goals(...)""]",[],"['knowing your mind(...)', ""sticking to one's purpose(...)"", 'stick to their course of action(...)', ""have a clear view of one's goals(...)""]"
hierarchical,a,unconscious_bias,agentic,hard_hearted,"['increasingly', 'imperceptibly', 'progressively', 'in terms of organizational structure']",[],"['increasingly', 'imperceptibly', 'progressively', 'in terms of organizational structure']"
hostile,a,unconscious_bias,agentic,rough,"['open', 'straightforward', 'energetic', ""--- don't use for people"", ""open about sharing one's concerns(...)"", ""sharing one's perspective(...)"", 'straight-forward when giving feedback(...)']","[""--- don't use for people""]","[""--- don't use for people"", 'open', 'straightforward', 'energetic', ""open about sharing one's concerns(...)"", ""sharing one's perspective(...)"", 'straight-forward when giving feedback(...)']"
human resources,a|~s,unconscious_bias,agentic,rough,['human relations'],[],['human relations']
hungry,a,unconscious_bias,agentic,competitive,"['have an appetite for(...)', 'have a desire for(...)', 'interested in(...)', 'enthused about(...)', 'have a keen interest in(...)', 'enthusiastic about(...)', 'have an acquisitive mind(...)']",[],"['have an appetite for(...)', 'have a desire for(...)', 'interested in(...)', 'enthused about(...)', 'have a keen interest in(...)', 'enthusiastic about(...)', 'have an acquisitive mind(...)']"
hunt,v,unconscious_bias,agentic,competitive,"['forage for', 'gather', 'seek', 'search', 'trawl for']",[],"['forage for', 'gather', 'seek', 'search', 'trawl for']"
impulsive,a,unconscious_bias,agentic,competitive,"['easygoing', 'spontaneous', 'trusting their impulses', 'with innate enthusiasm', 'instinctive']",[],"['easygoing', 'spontaneous', 'trusting their impulses', 'with innate enthusiasm', 'instinctive']"
in charge,|s,unconscious_bias,agentic,competitive,"['responsible for', 'take care of', 'responsible(...)', 'in a supervisory role(...)', 'providing guidance(...)']",[],"['responsible for', 'take care of', 'responsible(...)', 'in a supervisory role(...)', 'providing guidance(...)']"
independence,s,unconscious_bias,agentic,competitive,"['neutrality', 'freedom', 'ability to organize their workload', 'ease making choices', 'personal responsibility', 'self-organization', 'self-management', 'self-determination(...)', 'freedom from external control or influence(...)', 'capacity to make informed, uncoerced choices(...)', 'being impartial or unbiased(...)']",[],"['neutrality', 'freedom', 'ability to organize their workload', 'ease making choices', 'personal responsibility', 'self-organization', 'self-management', 'self-determination(...)', 'freedom from external control or influence(...)', 'capacity to make informed, uncoerced choices(...)', 'being impartial or unbiased(...)']"
independent,a,unconscious_bias,agentic,competitive,"['impartial', 'freelance', 'consulting', 'free to make informed choices(...)', 'responsible for organizing your workload(...)', 'in a position to take on responsibility(...)']",[],"['impartial', 'freelance', 'consulting', 'free to make informed choices(...)', 'responsible for organizing your workload(...)', 'in a position to take on responsibility(...)']"
kill,a,unconscious_bias,agentic,competitive,"['stop', 'exit', 'cancel', 'force quit', 'force close']",[],"['stop', 'exit', 'cancel', 'force quit', 'force close']"
opinionated,=a,unconscious_bias,agentic,rough,"['communicative', 'having a point of view(...)', ""sticking to one's purpose(...)"", 'happy to share ideas(...)', 'committed to a goal(...)', 'set on a course(...)', 'having a clear perspective(...)', 'ready to share your perspective(...)', 'happy to discuss views(...)']",[],"['communicative', 'having a point of view(...)', ""sticking to one's purpose(...)"", 'happy to share ideas(...)', 'committed to a goal(...)', 'set on a course(...)', 'having a clear perspective(...)', 'ready to share your perspective(...)', 'happy to discuss views(...)']"
outspoken,=a,unconscious_bias,agentic,hard_hearted,"['candid', 'frank', 'honest', 'open', 'straightforward', 'communicative', ""respectful of other's ideas(...)"", ""expressing one's joy over reached goals(...)""]",[],"['candid', 'frank', 'honest', 'open', 'straightforward', 'communicative', ""respectful of other's ideas(...)"", ""expressing one's joy over reached goals(...)""]"
outspokenness,s,unconscious_bias,agentic,hard_hearted,"['honesty', 'openness', 'appreciation for clarity in communication(...)']",[],"['honesty', 'openness', 'appreciation for clarity in communication(...)']"
paranoid,a,unconscious_bias,agentic,competitive,"['cautious', 'careful', 'watchful', 'curious', 'inquiring', 'inquisitive', 'critical', 'guarded', 'circumspect']",[],"['cautious', 'careful', 'watchful', 'curious', 'inquiring', 'inquisitive', 'critical', 'guarded', 'circumspect']"
perform,v,unconscious_bias,agentic,agentic,"['implement', 'carry out', 'effect', 'fulfil', 'accomplish', 'bring about', 'present', 'work', 'handle', 'behave']",[],"['implement', 'carry out', 'effect', 'fulfil', 'accomplish', 'bring about', 'present', 'work', 'handle', 'behave']"
performance-based,a,unconscious_bias,agentic,hard_hearted,['influenced by the level of engagement(...)'],[],['influenced by the level of engagement(...)']
perseverance,s,unconscious_bias,agentic,competitive,"['dedication', 'steadfastness', 'diligence', 'constancy', 'care', 'strength of character', 'continued effort to reach a goal in the face of adversity(...)']",[],"['dedication', 'steadfastness', 'diligence', 'constancy', 'care', 'strength of character', 'continued effort to reach a goal in the face of adversity(...)']"
persevere,v,unconscious_bias,agentic,hard_hearted,"['carry on', 'continue', 'keep at it(...)', 'keep going(...)', 'see something through(...)', 'follow through with something(...)', 'question ""no"" for an answer(...)', 'continue despite difficulties(...)']",[],"['carry on', 'continue', 'keep at it(...)', 'keep going(...)', 'see something through(...)', 'follow through with something(...)', 'question ""no"" for an answer(...)', 'continue despite difficulties(...)']"
persist,v,unconscious_bias,agentic,agentic,"['carry on', 'continue', 'keep at it(...)', 'keep going(...)', 'see something through(...)', 'follow through with something(...)', 'question ""no"" for an answer(...)', 'continue despite difficulties(...)']",[],"['carry on', 'continue', 'keep at it(...)', 'keep going(...)', 'see something through(...)', 'follow through with something(...)', 'question ""no"" for an answer(...)', 'continue despite difficulties(...)']"
persistence,s,unconscious_bias,agentic,competitive,"['patience', 'steadfastness', 'diligence', 'constancy', 'care', 'strength of character', 'continued effort in the face of adversity(...)']",[],"['patience', 'steadfastness', 'diligence', 'constancy', 'care', 'strength of character', 'continued effort in the face of adversity(...)']"
persistent,a,unconscious_bias,agentic,behavior,"['constant', 'continued', 'continuous', 'patient', 'diligent', 'hard-working', 'sustained', 'steady', 'steadily']",[],"['constant', 'continued', 'continuous', 'patient', 'diligent', 'hard-working', 'sustained', 'steady', 'steadily']"
pertinacious,a,unconscious_bias,agentic,behavior,"['patient', 'persevering', 'dedicated', 'constant', 'steadfast', 'loyal', 'steady', 'focused on your goal(...)', 'sticking to your purpose(...)', 'loyal to your purpose(...)']",[],"['patient', 'persevering', 'dedicated', 'constant', 'steadfast', 'loyal', 'steady', 'focused on your goal(...)', 'sticking to your purpose(...)', 'loyal to your purpose(...)']"
pioneering spirit,=a|s,unconscious_bias,agentic,behavior,"['openness and curiosity', 'spirit of curiosity']",[],"['openness and curiosity', 'spirit of curiosity']"
pro-active,a,unconscious_bias,agentic,behavior,"['energetic', 'entrepreneurial', 'comfortable taking the initiative(...)']",[],"['energetic', 'entrepreneurial', 'comfortable taking the initiative(...)']"
problematic,a,unconscious_bias,agentic,behavior,"['puzzling', 'complex', 'questionable', 'tricky', 'difficult', 'open for debate(...)', 'difficult to solve(...)', 'hard to deal with(...)']",[],"['puzzling', 'complex', 'questionable', 'tricky', 'difficult', 'open for debate(...)', 'difficult to solve(...)', 'hard to deal with(...)']"
prove,v,unconscious_bias,agentic,behavior,"['show', 'establish', 'indicate', 'display', 'express', 'confirm', 'teach', 'describe', ""explain one's reasoning(...)""]",[],"['show', 'establish', 'indicate', 'display', 'express', 'confirm', 'teach', 'describe', ""explain one's reasoning(...)""]"
pugnacious,a,unconscious_bias,agentic,belief,"['enthusiastic about exchanging ideas(...)', 'ready to discuss views(...)']",[],"['enthusiastic about exchanging ideas(...)', 'ready to discuss views(...)']"
push,v,unconscious_bias,agentic,belief,"['guide', 'build', 'bring about', 'topple conventional walls(...)', 'take the initiative(...)', 'argue for(...)']",[],"['guide', 'build', 'bring about', 'topple conventional walls(...)', 'take the initiative(...)', 'argue for(...)']"
reckless,a,unconscious_bias,agentic,classism,"['enterprising', ""--- don't use for people"", 'open to new ideas(...)', 'happy to try new things(...)', 'enthusiastic about exploring opportunities(...)', 'willing to question conventional wisdom(...)']","[""--- don't use for people""]","[""--- don't use for people"", 'enterprising', 'open to new ideas(...)', 'happy to try new things(...)', 'enthusiastic about exploring opportunities(...)', 'willing to question conventional wisdom(...)']"
resolute,a,unconscious_bias,agentic,classism,"['purposeful', 'stable', 'steady', 'constant', 'reliable']",[],"['purposeful', 'stable', 'steady', 'constant', 'reliable']"
resolution,s,unconscious_bias,agentic,classism,"['purposefulness', 'steadfastness', 'commitment', 'dedication', 'clarification', 'settling', 'finding', 'plan', 'proposal']",[],"['purposefulness', 'steadfastness', 'commitment', 'dedication', 'clarification', 'settling', 'finding', 'plan', 'proposal']"
resolve,s,unconscious_bias,agentic,classism,"['commitment', 'patience', 'steadfastness', 'dedication', 'purposefulness', 'certainty', ""adherence (to one's purpose ...)""]",[],"['commitment', 'patience', 'steadfastness', 'dedication', 'purposefulness', 'certainty', ""adherence (to one's purpose ...)""]"
result-oriented,=a,unconscious_bias,agentic,ageism,"['hands-on', 'pragmatic', 'committed', 'keen to reach milestones(...)', 'focused on outcomes(...)', 'focused on getting done what needs to get done(...)']",[],"['hands-on', 'pragmatic', 'committed', 'keen to reach milestones(...)', 'focused on outcomes(...)', 'focused on getting done what needs to get done(...)']"
results-oriented,=a,unconscious_bias,agentic,cognitive_ability,"['hands-on', 'pragmatic', 'committed', 'keen to reach milestones(...)', 'focused on outcomes(...)', 'focused on getting done what needs to get done(...)']",[],"['hands-on', 'pragmatic', 'committed', 'keen to reach milestones(...)', 'focused on outcomes(...)', 'focused on getting done what needs to get done(...)']"
rigid,a,unconscious_bias,agentic,cognitive_ability,"['reliable', 'reliably', 'stable', 'dependable']",[],"['reliable', 'reliably', 'stable', 'dependable']"
risk-taking,a,unconscious_bias,agentic,cognitive_ability,"['weighing options(...)', 'open to new ideas(...)', 'excited to try new things(...)', 'keen on new insights(...)', 'exploring opportunities(...)']",[],"['weighing options(...)', 'open to new ideas(...)', 'excited to try new things(...)', 'keen on new insights(...)', 'exploring opportunities(...)']"
robust,a,unconscious_bias,agentic,cognitive_ability,"['stable', 'steady', 'grounded', 'constant', 'calm', 'with a good work ethic(...)', 'with integrity(...)', 'unaffected by small variations(...)']",[],"['stable', 'steady', 'grounded', 'constant', 'calm', 'with a good work ethic(...)', 'with integrity(...)', 'unaffected by small variations(...)']"
self-confidence,s,unconscious_bias,agentic,cognitive_ability,"['positive attitude', 'optimism', 'self-trust', ""satisfaction with one's skills(...)"", 'trust in your abilities(...)', 'trust in yourself(...)']",[],"['positive attitude', 'optimism', 'self-trust', ""satisfaction with one's skills(...)"", 'trust in your abilities(...)', 'trust in yourself(...)']"
self-confident,a,unconscious_bias,agentic,cognitive_ability,"['positive', 'optimistic', 'at ease with yourself(...)', 'comfortable with applying your skills(...)', 'trusting your own abilities(...)']",[],"['positive', 'optimistic', 'at ease with yourself(...)', 'comfortable with applying your skills(...)', 'trusting your own abilities(...)']"
self-motivated,a,unconscious_bias,agentic,cognitive_ability,"['enterprising', 'resourceful', 'initiative-taking', 'able to do what needs to be done without influence from other people or situations(...)', 'can and will find the motivation to complete a task(...)']",[],"['enterprising', 'resourceful', 'initiative-taking', 'able to do what needs to be done without influence from other people or situations(...)', 'can and will find the motivation to complete a task(...)']"
self-reliance,s,unconscious_bias,agentic,cognitive_ability,"['self-organization', 'self-management', 'reliance on your own efforts(...)', 'trust in your abilities(...)', 'ability to care for yourself(...)']",[],"['self-organization', 'self-management', 'reliance on your own efforts(...)', 'trust in your abilities(...)', 'ability to care for yourself(...)']"
self-reliant,a,unconscious_bias,agentic,cognitive_ability,"['self-organized', 'self-managed', 'comfortable relying on your own efforts(...)', 'at ease trusting your abilities(...)', 'able to take care of yourself(...)']",[],"['self-organized', 'self-managed', 'comfortable relying on your own efforts(...)', 'at ease trusting your abilities(...)', 'able to take care of yourself(...)']"
self-sufficiency,s,unconscious_bias,agentic,cognitive_ability,"['trust in your own ability(...)', 'capability of providing for your own needs(...)', 'ability to maintain yourself without outside help(...)']",[],"['trust in your own ability(...)', 'capability of providing for your own needs(...)', 'ability to maintain yourself without outside help(...)']"
self-sufficient,a,unconscious_bias,agentic,cognitive_ability,"['self-managed', 'self-organized', 'trusting your own ability(...)', 'capable of providing for your own needs(...)', 'able to maintain (...) without outside help']",[],"['self-managed', 'self-organized', 'trusting your own ability(...)', 'capable of providing for your own needs(...)', 'able to maintain (...) without outside help']"
solid,a,unconscious_bias,agentic,cognitive_ability,"['stable', 'steady', 'reliable', 'constant', 'dependable']",[],"['stable', 'steady', 'reliable', 'constant', 'dependable']"
solidity,s,unconscious_bias,agentic,cognitive_ability,"['stability', 'steadiness', 'groundedness', 'constancy', 'reliability']",[],"['stability', 'steadiness', 'groundedness', 'constancy', 'reliability']"
stamina,s,unconscious_bias,agentic,cognitive_ability,"['patience', 'resilience', 'ability to carry on(...)', 'willingness to keep at it(...)', 'motivation to keep going(...)', 'commitment to following through(...)']",[],"['patience', 'resilience', 'ability to carry on(...)', 'willingness to keep at it(...)', 'motivation to keep going(...)', 'commitment to following through(...)']"
steer,v,unconscious_bias,agentic,cognitive_ability,"['guide', 'coach', 'set course', 'inspire', 'support', 'incorporate the shared vision(...)', 'communicate the direction(...)', 'choose an approach(...)', 'help the team reach milestones(...)']",[],"['guide', 'coach', 'set course', 'inspire', 'support', 'incorporate the shared vision(...)', 'communicate the direction(...)', 'choose an approach(...)', 'help the team reach milestones(...)']"
strong,a,unconscious_bias,agentic,cognitive_ability,"['healthy', 'steady', 'sound', 'calm', 'reliable', 'trusted', 'dependable', 'able', 'full']",[],"['healthy', 'steady', 'sound', 'calm', 'reliable', 'trusted', 'dependable', 'able', 'full']"
strong-minded,a,unconscious_bias,agentic,cognitive_perception,"['purposeful', 'focussed', 'having the mental skills to respond to (overcome ...) difficult situations', ""true to one's beliefs and views(...)"", 'focused on a goal(...)', 'keen to see something through(...)', 'committed to working toward a milestone(...)']",[],"['purposeful', 'focussed', 'having the mental skills to respond to (overcome ...) difficult situations', ""true to one's beliefs and views(...)"", 'focused on a goal(...)', 'keen to see something through(...)', 'committed to working toward a milestone(...)']"
stubborn,a,unconscious_bias,agentic,cognitive_perception,"['patient', 'dedicated', 'devoted', 'constant', 'steadfast', 'loyal', 'steady', 'focused', 'loyal to a purpose(...)', 'happy to see (...) through', 'willing to stick with (...)']",[],"['patient', 'dedicated', 'devoted', 'constant', 'steadfast', 'loyal', 'steady', 'focused', 'loyal to a purpose(...)', 'happy to see (...) through', 'willing to stick with (...)']"
superior,a,unconscious_bias,agentic,cognitive_perception,"['fine', 'wonderful', 'notable', 'satisfactory', 'distinguished', 'honored', 'famous', 'celebrated']",[],"['fine', 'wonderful', 'notable', 'satisfactory', 'distinguished', 'honored', 'famous', 'celebrated']"
survive,v,unconscious_bias,agentic,cognitive_perception,"['hold up', 'last', 'continue', 'show resilience(...)', 'to come through safely(...)', 'make it (through)(...)', 'remain unchanged(...)']",[],"['hold up', 'last', 'continue', 'show resilience(...)', 'to come through safely(...)', 'make it (through)(...)', 'remain unchanged(...)']"
tech-savvy,a,unconscious_bias,agentic,cognitive_perception,"['computer literate', 'technically proficient', 'with a good understanding of technology', 'enthusiastic about technology']",[],"['computer literate', 'technically proficient', 'with a good understanding of technology', 'enthusiastic about technology']"
tenacious,a,unconscious_bias,agentic,cognitive_perception,"['devoted', 'constant', 'steadfast', 'loyal', 'steady', 'focused', 'loyal to a purpose(...)', 'willing to see something through(...)', 'capable of continuing despite difficulties(...)']",[],"['devoted', 'constant', 'steadfast', 'loyal', 'steady', 'focused', 'loyal to a purpose(...)', 'willing to see something through(...)', 'capable of continuing despite difficulties(...)']"
tenacity,s,unconscious_bias,agentic,cognitive_perception,"['inner strength', 'patience', 'focus', 'loyalty to a purpose(...)', 'willingness to carry on despite difficulty(...)', 'patience in overcoming obstacles(...)']",[],"['inner strength', 'patience', 'focus', 'loyalty to a purpose(...)', 'willingness to carry on despite difficulty(...)', 'patience in overcoming obstacles(...)']"
thrive on competition,v||s,unconscious_bias,agentic,cognitive_perception,"['be invested', 'feel inspired by others working toward the same goals']",[],"['be invested', 'feel inspired by others working toward the same goals']"
tough,a,unconscious_bias,agentic,cognitive_perception,"['steady', 'resilient', 'reliable', 'calm', 'dependable', ""--- don't use for people""]","[""--- don't use for people""]","[""--- don't use for people"", 'steady', 'resilient', 'reliable', 'calm', 'dependable']"
track record,~s|s,unconscious_bias,agentic,cognitive_perception,"['history of achievements', 'reference cases', 'documented results', 'past accomplishments']","['reference cases', 'documented results', 'past accomplishments']","['history of achievements', 'reference cases', 'documented results', 'past accomplishments']"
under pressure,|s,unconscious_bias,agentic,cognitive_perception,"['when the going gets tough(...)', 'facing expectations(...)', 'with deadlines looming(...)', 'in difficult situations(...)']",[],"['when the going gets tough(...)', 'facing expectations(...)', 'with deadlines looming(...)', 'in difficult situations(...)']"
unreasonable,a,unconscious_bias,agentic,cognitive_perception,"['significant', 'inexplicable', 'inexplicable', 'questionable']",[],"['significant', 'inexplicable', 'inexplicable', 'questionable']"
up to you,a,unconscious_bias,agentic,cognitive_perception,"['your choice', 'personal', 'depends on you(...)', 'for you to help identify good options(...)', 'for you to chart a course with your team(...)', ""at your and your team's discretion(...)""]",[],"['your choice', 'personal', 'depends on you(...)', 'for you to help identify good options(...)', 'for you to chart a course with your team(...)', ""at your and your team's discretion(...)""]"
went the extra mile,~v||a|s,unconscious_bias,agentic,cognitive_perception,"['enjoyed contributing', 'thought ahead', 'enjoyed making customers happy', 'found creative solutions to satisfy customer requests', 'enjoyed delighting and retaining customers through unexpected generosity and unusual solutions']",[],"['enjoyed contributing', 'thought ahead', 'enjoyed making customers happy', 'found creative solutions to satisfy customer requests', 'enjoyed delighting and retaining customers through unexpected generosity and unusual solutions']"
win,v,unconscious_bias,agentic,cognitive_perception,"['captivate', 'bring round', 'induce', 'motivate', 'reach milestones together(...)', 'celebrate our work done(...)', 'support each other to reach our goals(...)']",[],"['captivate', 'bring round', 'induce', 'motivate', 'reach milestones together(...)', 'celebrate our work done(...)', 'support each other to reach our goals(...)']"
"work hard, play hard",v|a|v|a,unconscious_bias,agentic,color,"['fun at work makes us happier, more productive, and more creative(...)']",[],"['fun at work makes us happier, more productive, and more creative(...)']"
work-life balance,~s|~s,unconscious_bias,agentic,color,['work-life harmony'],[],['work-life harmony']
batty,a,unconscious_bias,behavior,color,"['with a mental impairment', 'behaving irrationally(...)', 'silly(...)', 'behaving in a childish way(...)', 'amusing(...)', 'ludicrous(...)', 'absurd(...)']","['behaving irrationally(...)', 'silly(...)', 'behaving in a childish way(...)', 'amusing(...)', 'ludicrous(...)', 'absurd(...)']","['with a mental impairment', 'behaving irrationally(...)', 'silly(...)', 'behaving in a childish way(...)', 'amusing(...)', 'ludicrous(...)', 'absurd(...)']"
hyper-sensitive,a,unconscious_bias,behavior,color,"['highly responsive to outside influences', 'someone who has sensory processing sensitivity(...)', 'person living with hypersensitivity(...)', 'someone likely to feel things more deeply(...)', 'a personality with increased responsiveness to outside influences(...)', 'someone who does not handle outside stimuli well(...)', 'people more likely to feel stressed when facing noise or crowds(...)']",[],"['highly responsive to outside influences', 'someone who has sensory processing sensitivity(...)', 'person living with hypersensitivity(...)', 'someone likely to feel things more deeply(...)', 'a personality with increased responsiveness to outside influences(...)', 'someone who does not handle outside stimuli well(...)', 'people more likely to feel stressed when facing noise or crowds(...)']"
maniac for,s|,unconscious_bias,behavior,gender_identity,"['lover of', 'fan of', 'lovers of', 'fans of', 'person with an intense (habitual) liking for something(...)']","['lovers of', 'fans of', 'people with an intense (habitual) liking for something(...)']","['lover of', 'fan of', 'person with an intense (habitual) liking for something(...)', 'lovers of', 'fans of']"
manic,a,unconscious_bias,behavior,gender_identity,"['living with a bipolar disorder', 'person with bipolar disorder(...)', 'person with a mental health condition that causes extreme mood swings(...)', 'excited(...)', 'anxious --- in a way that causes a lot of physical activity(...)']",[],"['living with a bipolar disorder', 'person with bipolar disorder(...)', 'person with a mental health condition that causes extreme mood swings(...)', 'excited(...)', 'anxious --- in a way that causes a lot of physical activity(...)']"
nuts,~a,unconscious_bias,behavior,gender_identity,"['living with mental illness', 'living with a mental disorder', 'out of control(...)', 'unpredictable(...)', 'absurd(...)', 'reckless(...)', 'baffling(...)']",[],"['living with mental illness', 'living with a mental disorder', 'out of control(...)', 'unpredictable(...)', 'absurd(...)', 'reckless(...)', 'baffling(...)']"
scatterbrained,a,unconscious_bias,behavior,gender_identity,"['person with mental disability(...)', 'person with psychiatric disabilities(...)', 'person with intellectual disability(...)', 'person with a learning disability(...)', 'easily distracted(...)', 'confused(...)', 'disorganized(...)', 'silly(...)']",[],"['person with mental disability(...)', 'person with psychiatric disabilities(...)', 'person with intellectual disability(...)', 'person with a learning disability(...)', 'easily distracted(...)', 'confused(...)', 'disorganized(...)', 'silly(...)']"
Bible basher,~s|s,unconscious_bias,belief,gender_identity,['-'],['-'],['-']
Bible thumper,~s|s,unconscious_bias,belief,gender_identity,['-'],['-'],['-']
Christmas day off,s|s|,unconscious_bias,belief,gender_identity,['holiday days off'],[],['holiday days off']
Jesus freak,~s|s,unconscious_bias,belief,gender_identity,['-'],['-'],['-']
man is the measure of all things,s|~v||s|||~s,unconscious_bias,belief,gender_identity,['humans are the measure of all things'],[],['humans are the measure of all things']
man of God,s||=s,unconscious_bias,belief,gender_identity,"['priest', 'pastor', 'preacher', 'vicar', 'parson', 'cleric', 'reverend', 'deacon', 'evangelist', 'monk', 'devout person', 'holy person', 'saint', 'prophet']",[],"['priest', 'pastor', 'preacher', 'vicar', 'parson', 'cleric', 'reverend', 'deacon', 'evangelist', 'monk', 'devout person', 'holy person', 'saint', 'prophet']"
man shall not live by bread alone,s|v||v||s|,unconscious_bias,belief,gender_identity,"['no one should live by bread alone', 'humans should not live by bread alone']",[],"['no one should live by bread alone', 'humans should not live by bread alone']"
Merry Christmas,=a|s,unconscious_bias,belief,gender_identity,"[""Season's greeting"", '(Have) a great winterbreak', 'Wishing you a winter break filled with joy, love, and laughter', 'Best wishes for the holidays', 'A very happy New Year', '--- ask about their traditions, if possible', 'I hope you have a delightful winter break with friends and loved ones(...)']","['--- ask about their traditions, if possible']","['--- ask about their traditions, if possible', ""Season's greeting"", '(Have) a great winterbreak', 'Wishing you a winter break filled with joy, love, and laughter', 'Best wishes for the holidays', 'A very happy New Year', 'I hope you have a delightful winter break with friends and loved ones(...)']"
Merry X-mas,=a|s,unconscious_bias,belief,gender_identity,"[""Season's greeting"", '(Have) a great winterbreak', 'Wishing you a winter break filled with joy, love, and laughter', 'Best wishes for the holidays', 'A very happy New Year', '--- ask about their traditions, if possible', 'I hope you have a delightful winter break with friends and loved ones(...)']","['--- ask about their traditions, if possible']","['--- ask about their traditions, if possible', ""Season's greeting"", '(Have) a great winterbreak', 'Wishing you a winter break filled with joy, love, and laughter', 'Best wishes for the holidays', 'A very happy New Year', 'I hope you have a delightful winter break with friends and loved ones(...)']"
papist,s,unconscious_bias,belief,gender_identity,['-'],['-'],['-']
rest on Sunday,v||=s,unconscious_bias,belief,gender_identity,"['rest on your non-working day', 'recharge on rest day', '--- only as a reference to religious practice', 'Relax and refuel on your rest day(...)', 'Enjoy your rest day(...)', 'Make the most of your weekend(...)']",['--- only as a reference to religious practice'],"['--- only as a reference to religious practice', 'rest on your non-working day', 'recharge on rest day', 'Relax and refuel on your rest day(...)', 'Enjoy your rest day(...)', 'Make the most of your weekend(...)']"
rest on Sundays,v||=s,unconscious_bias,belief,gender_identity,"['get rest on non-working days', 'recharge on rest days', '--- only as a reference to religious practice', 'Relax and refuel on rest days(...)', 'Enjoy your rest days(...)', 'Make the most of your weekends(...)']",['--- only as a reference to religious practice'],"['--- only as a reference to religious practice', 'get rest on non-working days', 'recharge on rest days', 'Relax and refuel on rest days(...)', 'Enjoy your rest days(...)', 'Make the most of your weekends(...)']"
Sunday is a day of rest,~s|~v||s||~s,unconscious_bias,belief,gender_identity,"['rest days are days for recharging', 'non-working days are for resting', '--- only as a reference to religious practice', 'Enjoy rest days(...)', 'Make the most of your weekends(...)']",['--- only as a reference to religious practice'],"['--- only as a reference to religious practice', 'rest days are days for recharging', 'non-working days are for resting', 'Enjoy rest days(...)', 'Make the most of your weekends(...)']"
a little bit ghetto,|a||=a,unconscious_bias,classism,gender_identity,"['improvised', 'authentic about their social heritage', 'not big on conformity', 'not code-switching', 'not acting white']",[],"['improvised', 'authentic about their social heritage', 'not big on conformity', 'not code-switching', 'not acting white']"
first-class citizen,a|s,unconscious_bias,classism,gender_identity,"['core feature --- in programming', 'built-in --- in programming', 'citizen', '--- use only in programming']",['--- use only in programming'],"['--- use only in programming', 'core feature --- in programming', 'built-in --- in programming', 'citizen']"
first-class citizenship,a|s,unconscious_bias,classism,gender_identity,"['citizenship', '--- use only in programming']",['--- use only in programming'],"['--- use only in programming', 'citizenship']"
homeless people,a|=s,unconscious_bias,classism,gender_identity,['people without housing(...)'],[],['people without housing(...)']
homeless person,a|=s,unconscious_bias,classism,gender_identity,['person without housing(...)'],[],['person without housing(...)']
is adopted,~v|~a,unconscious_bias,classism,gender_identity,['was adopted'],[],['was adopted']
low-class,a,unconscious_bias,classism,gender_identity,"['working-class', 'socio-economically disadvantaged', 'from an economically disadvantaged background', 'from underprivileged and underserved communities']",[],"['working-class', 'socio-economically disadvantaged', 'from an economically disadvantaged background', 'from underprivileged and underserved communities']"
lower-class,a,unconscious_bias,classism,gender_identity,"['working-class', 'socio-economically disadvantaged', 'from an economically disadvantaged background', 'from underprivileged and underserved communities']",[],"['working-class', 'socio-economically disadvantaged', 'from an economically disadvantaged background', 'from underprivileged and underserved communities']"
meritocracy,s,unconscious_bias,classism,hearing,"['idea that hard work and talent are all it takes to achieve success(...)', 'idea that ignores how privilege contributes to success(...)']",[],"['idea that hard work and talent are all it takes to achieve success(...)', 'idea that ignores how privilege contributes to success(...)']"
peanut gallery,~s|s,unconscious_bias,classism,hearing,"['hecklers', 'cheap seats', 'second balcony', 'crowd', 'audience', 'criticism', 'unwelcome criticism(...)', 'unwelcome commentary(...)', 'inexpert criticism(...)', 'source of much criticism(...)']",['criticism'],"['criticism', 'hecklers', 'cheap seats', 'second balcony', 'crowd', 'audience', 'unwelcome criticism(...)', 'unwelcome commentary(...)', 'inexpert criticism(...)', 'source of much criticism(...)']"
second-class,a,unconscious_bias,classism,hearing,"['economy --- in transportation', 'budget', '--- use only in programming']",['--- use only in programming'],"['--- use only in programming', 'economy --- in transportation', 'budget']"
social climber,~a|s,unconscious_bias,classism,hearing,"['someone who tries to improve their social position(...)', 'a person who makes an effort to gain admission into a group with a higher social standing(...)']","['people who try to improve their social position(...)', 'people who make an effort to gain admission into a group with a higher social standing(...)']","['someone who tries to improve their social position(...)', 'a person who makes an effort to gain admission into a group with a higher social standing(...)']"
uppity,a,unconscious_bias,classism,learning,"['haughty', 'snobbish', 'pompous', 'self-important']",[],"['haughty', 'snobbish', 'pompous', 'self-important']"
autistic,a,unconscious_bias,cognitive_ability,medical_state,"['Autistic', 'atypical', 'neurodivergent', '--- ask which term the person prefers', 'has autism(...)']",['--- ask which term the person prefers'],"['--- ask which term the person prefers', 'atypical', 'neurodivergent', 'Autistic', 'has autism(...)']"
daft,a,unconscious_bias,cognitive_ability,medical_state,"['dense(...)', 'ignorant(...)', 'lacking understanding(...)', 'restless(...)', 'uninformed(...)', 'silly(...)']","['dense(...)', 'ignorant(...)', 'lacking understanding(...)', 'reckless(...)', 'uninformed(...)', 'silly(...)', 'foolish(...)']","['dense(...)', 'ignorant(...)', 'lacking understanding(...)', 'restless(...)', 'uninformed(...)', 'silly(...)']"
dim,a,unconscious_bias,cognitive_ability,medical_state,"['person with mental impairment(...)', 'person with psychiatric disabilities(...)', 'person with intellectual disability(...)', 'dense(...)', 'ignorant(...)', 'lacking understanding(...)', 'reckless(...)', 'uninformed(...)', 'silly(...)']",[],"['person with mental impairment(...)', 'person with psychiatric disabilities(...)', 'person with intellectual disability(...)', 'dense(...)', 'ignorant(...)', 'lacking understanding(...)', 'reckless(...)', 'uninformed(...)', 'silly(...)']"
dim-witted,a,unconscious_bias,cognitive_ability,medical_state,"['person with mental impairment(...)', 'person with psychiatric disabilities(...)', 'person with intellectual disability(...)', 'dense(...)', 'ignorant(...)', 'lacking understanding(...)', 'reckless(...)', 'uninformed(...)', 'silly(...)']","['dense(...)', 'ignorant(...)', 'lacking understanding(...)', 'uninformed(...)', 'silly(...)']","['person with mental impairment(...)', 'person with psychiatric disabilities(...)', 'person with intellectual disability(...)', 'dense(...)', 'ignorant(...)', 'lacking understanding(...)', 'reckless(...)', 'uninformed(...)', 'silly(...)']"
dumb,a,unconscious_bias,cognitive_ability,medical_state,"['Deaf', 'non-speaking', 'nonverbal', 'hard-of-hearing', 'person with a speech impairment(...)', 'person with a cognitive disability(...)', 'person with deafness(...)', 'dense(...)', 'ignorant(...)', 'lacking understanding(...)', 'reckless(...)', 'uninformed(...)', 'silly(...)']",[],"['non-speaking', 'nonverbal', 'hard-of-hearing', 'Deaf', 'person with a speech impairment(...)', 'person with a cognitive disability(...)', 'person with deafness(...)', 'dense(...)', 'ignorant(...)', 'lacking understanding(...)', 'reckless(...)', 'uninformed(...)', 'silly(...)']"
feeble-minded,a,unconscious_bias,cognitive_ability,medical_state,"['have a cognitive disability', 'living with a learning disability', 'have an intellectual disability']",[],"['have a cognitive disability', 'living with a learning disability', 'have an intellectual disability']"
idiotic,a,unconscious_bias,cognitive_ability,medical_state,"['dense(...)', 'ignorant(...)', 'lacking understanding(...)', 'reckless(...)', 'uninformed(...)', 'silly(...)']","['dense(...)', 'ignorant(...)', 'lacking understanding(...)', 'uninformed(...)', 'silly(...)']","['dense(...)', 'ignorant(...)', 'lacking understanding(...)', 'reckless(...)', 'uninformed(...)', 'silly(...)']"
learning-disabled,~a,unconscious_bias,cognitive_ability,medical_state,['learning-different'],[],['learning-different']
mentally defective,a|a,unconscious_bias,cognitive_ability,medical_state,"['living with mental illness', 'living with a mental disorder', 'out of control(...)', 'unpredictable(...)', 'absurd(...)', 'reckless(...)', 'baffling(...)']",[],"['living with mental illness', 'living with a mental disorder', 'out of control(...)', 'unpredictable(...)', 'absurd(...)', 'reckless(...)', 'baffling(...)']"
mentally deficient,a|a,unconscious_bias,cognitive_ability,medical_state,"['have a cognitive disability', 'living with a learning disability', 'have an intellectual disability']",[],"['have a cognitive disability', 'living with a learning disability', 'have an intellectual disability']"
moronic,a,unconscious_bias,cognitive_ability,medical_state,"['dense(...)', 'ignorant(...)', 'lacking understanding(...)', 'reckless(...)', 'uninformed(...)', 'silly(...)']",[],"['dense(...)', 'ignorant(...)', 'lacking understanding(...)', 'reckless(...)', 'uninformed(...)', 'silly(...)']"
mouth breather,~s|s,unconscious_bias,cognitive_ability,medical_state,"['person with an underlying medical condition that affects their breathing(...)', 'a person with cerebral palsy(...)', 'someone with Down syndrome(...)', 'person with sleep apnea(...)', 'someone looking to be reported for sexual harrassment(...)', 'ignorant(...)', 'narrow minded person(...)', 'someone with a limited outlook(...)']","['people with an underlying medical condition that affects their breathing(...)', 'persons with cerebral palsy(...)', 'people with Down syndrome(...)', 'people with sleep apnea(...)', 'persons who are uninformed(...)', 'ignorant persons(...)', 'narrow minded persons(...)', 'persons with a limited outlook(...)']","['person with an underlying medical condition that affects their breathing(...)', 'a person with cerebral palsy(...)', 'someone with Down syndrome(...)', 'person with sleep apnea(...)', 'someone looking to be reported for sexual harrassment(...)', 'ignorant(...)', 'narrow minded person(...)', 'someone with a limited outlook(...)']"
retarded,=a,unconscious_bias,cognitive_ability,medical_state,"['person with mental impairment(...)', 'person with intellectual impairment(...)', 'person with a learning disability(...)', 'dense(...)', 'ignorant(...)', 'lacking understanding(...)', 'reckless(...)', 'uninformed(...)', 'silly(...)']","['people with a mental impairment(...)', 'people with intellectual impairment(...)', 'people with a learning disability(...)']","['person with mental impairment(...)', 'person with intellectual impairment(...)', 'person with a learning disability(...)', 'dense(...)', 'ignorant(...)', 'lacking understanding(...)', 'reckless(...)', 'uninformed(...)', 'silly(...)']"
short-bus material,a|~s,unconscious_bias,cognitive_ability,medical_state,"['person with a disability(...)', 'someone with a medical condition(...)', 'dense(...)', 'ignorant(...)', 'lacking understanding(...)', 'reckless(...)', 'uninformed(...)', 'silly(...)']","['people with a disability(...)', 'people with a medical condition(...)', 'dense(...)', 'ignorant(...)', 'lacking understanding(...)', 'reckless(...)', 'uninformed(...)', 'silly(...)']","['person with a disability(...)', 'someone with a medical condition(...)', 'dense(...)', 'ignorant(...)', 'lacking understanding(...)', 'reckless(...)', 'uninformed(...)', 'silly(...)']"
slow,a,unconscious_bias,cognitive_ability,medical_state,"['learning-disabled', ""--- don't use for a person"", 'ignorant(...)', 'lacking understanding(...)', 'uninformed(...)', 'oblivious(...)']","[""--- don't use for a person""]","[""--- don't use for a person"", 'learning-disabled', 'ignorant(...)', 'lacking understanding(...)', 'uninformed(...)', 'oblivious(...)']"
thick,a,unconscious_bias,cognitive_ability,medical_state,"['person with a learning disability(...)', 'person with learning disabilities(...)', 'dense(...)', 'ignorant(...)', 'lacking understanding(...)', 'reckless(...)', 'uninformed(...)', 'silly(...)']",[],"['person with a learning disability(...)', 'person with learning disabilities(...)', 'dense(...)', 'ignorant(...)', 'lacking understanding(...)', 'reckless(...)', 'uninformed(...)', 'silly(...)']"
veg out,v|,unconscious_bias,cognitive_ability,medical_state,"['relax', 'laze around', 'do a whole lot of nothing(...)', 'stare mindlessly (at the TV)(...)']",[],"['relax', 'laze around', 'do a whole lot of nothing(...)', 'stare mindlessly (at the TV)(...)']"
bonkers,~a,unconscious_bias,cognitive_perception,medical_state,"['behaving strangely', 'unpredictable', 'irrational', 'out of control', 'malfunctioning', ""--- don't use for a person""]","[""--- don't use for a person""]","[""--- don't use for a person"", 'behaving strangely', 'unpredictable', 'irrational', 'out of control', 'malfunctioning']"
crazy,a,unconscious_bias,cognitive_perception,medical_state,"['living with mental illness', 'living with a mental disorder', ""--- don't use for a person"", 'out of control(...)', 'unpredictable(...)', 'overwhelming(...)', 'hectic(...)', 'scary(...)']","[""--- don't use for a person""]","[""--- don't use for a person"", 'living with mental illness', 'living with a mental disorder', 'out of control(...)', 'unpredictable(...)', 'overwhelming(...)', 'hectic(...)', 'scary(...)']"
cuckoo,a,unconscious_bias,cognitive_perception,medical_state,"['living with mental illness', 'living with a mental disorder', ""--- don't use for a person"", 'confusing(...)', 'unpredictable(...)', 'absurd(...)', 'reckless(...)', 'baffling(...)']","[""--- don't use for a person""]","[""--- don't use for a person"", 'living with mental illness', 'living with a mental disorder', 'confusing(...)', 'unpredictable(...)', 'absurd(...)', 'reckless(...)', 'baffling(...)']"
delusional,a,unconscious_bias,cognitive_perception,medical_state,"['person with mental impairment(...)', 'person with psychiatric disabilities(...)', 'not making sense(...)', 'irrational(...)', 'unwilling to look at the facts(...)']",[],"['person with mental impairment(...)', 'person with psychiatric disabilities(...)', 'not making sense(...)', 'irrational(...)', 'unwilling to look at the facts(...)']"
demented,=a,unconscious_bias,cognitive_perception,medical_state,"['person with Alzheimer’s disease(...)', 'person who has dementia(...)', 'confusing(...)', 'unpredictable(...)', 'reckless(...)', 'without experiencing fear(...)', 'living on the edge(...)', 'thrill-seeking(...)', 'reckless(...)', 'out of control(...)']",[],"['person with Alzheimer’s disease(...)', 'person who has dementia(...)', 'confusing(...)', 'unpredictable(...)', 'reckless(...)', 'without experiencing fear(...)', 'living on the edge(...)', 'thrill-seeking(...)', 'reckless(...)', 'out of control(...)']"
deranged,=a,unconscious_bias,cognitive_perception,medical_state,"['person with mental impairment(...)', 'person with psychiatric disabilities(...)', 'confusing(...)', 'unpredictable(...)', 'reckless(...)', 'without experiencing fear(...)', 'living on the edge(...)', 'thrill-seeking(...)', 'reckless(...)', 'out of control(...)']",[],"['person with mental impairment(...)', 'person with psychiatric disabilities(...)', 'confusing(...)', 'unpredictable(...)', 'reckless(...)', 'without experiencing fear(...)', 'living on the edge(...)', 'thrill-seeking(...)', 'reckless(...)', 'out of control(...)']"
insane,a,unconscious_bias,cognitive_perception,medical_state,"[""--- don't use for people"", 'person with a severe mental illness(...)', 'person with psychiatric disabilities(...)', 'someone who cannot distinguish fantasy from reality(...)', 'person who cannot conduct their affairs due to psychosis(...)', 'someone subject to uncontrollable behavior(...)', 'incredible(...)', 'intense(...)', 'overwhelming(...)', 'hectic(...)', 'bananas(...)']","[""--- don't use for people""]","[""--- don't use for people"", 'person with a severe mental illness(...)', 'person with psychiatric disabilities(...)', 'someone who cannot distinguish fantasy from reality(...)', 'person who cannot conduct their affairs due to psychosis(...)', 'someone subject to uncontrollable behavior(...)', 'incredible(...)', 'intense(...)', 'overwhelming(...)', 'hectic(...)', 'bananas(...)']"
insanely,adv,unconscious_bias,cognitive_perception,medical_state,"['incredibly', 'amazingly']",[],"['incredibly', 'amazingly']"
loony,a,unconscious_bias,cognitive_perception,medical_state,"['person with mental impairment(...)', 'person with psychiatric disabilities(...)', 'someone who lives on the edge(...)', 'person who acts out of control(...)', 'thrill-seeker(...)', 'unpredictable person(...)', 'reckless person(...)', 'person with confusing behavior(...)', 'fearless person(...)']",[],"['person with mental impairment(...)', 'person with psychiatric disabilities(...)', 'someone who lives on the edge(...)', 'person who acts out of control(...)', 'thrill-seeker(...)', 'unpredictable person(...)', 'reckless person(...)', 'person with confusing behavior(...)', 'fearless person(...)']"
loony bin,~s|s,unconscious_bias,cognitive_perception,medical_state,"['psychiatric hospital unit', 'mental health unit', 'behavioral health unit', 'institution providing care to people with mental and psychiatric disabilities', 'psychiatric hospital wards', 'mental health units', 'behavioral health units', 'institutions providing care to people with mental ot psychiatric disabilities', 'noisy and confusing scene(...)', 'situation full of confusion(...)', 'place in uproar(...)']","['psychiatric hospital wards', 'mental health units', 'behavioral health units', 'institutions providing care to people with mental ot psychiatric disabilities']","['psychiatric hospital unit', 'mental health unit', 'behavioral health unit', 'institution providing care to people with mental and psychiatric disabilities', 'noisy and confusing scene(...)', 'situation full of confusion(...)', 'place in uproar(...)', 'psychiatric hospital wards', 'mental health units', 'behavioral health units', 'institutions providing care to people with mental ot psychiatric disabilities']"
mad,a,unconscious_bias,cognitive_perception,medical_state,"['person with mental impairment(...)', 'person with psychiatric disabilities(...)', 'confusing(...)', 'unpredictable(...)', 'reckless(...)', 'without experiencing fear(...)', 'living on the edge(...)', 'thrill-seeking(...)', 'reckless(...)', 'out of control(...)']",[],"['person with mental impairment(...)', 'person with psychiatric disabilities(...)', 'confusing(...)', 'unpredictable(...)', 'reckless(...)', 'without experiencing fear(...)', 'living on the edge(...)', 'thrill-seeking(...)', 'reckless(...)', 'out of control(...)']"
mental case,a|s,unconscious_bias,cognitive_perception,mental_wellbeing,"['person with mental impairment(...)', 'person with psychiatric disabilities(...)']","['people with mental impairment(...)', 'people with psychiatric disabilities(...)']","['person with mental impairment(...)', 'person with psychiatric disabilities(...)']"
mentally deranged,=a,unconscious_bias,cognitive_perception,mental_wellbeing,"['living with a mental health condition', 'living with a mental illness', 'person with a mental illness(...)', 'person with a psyciatric impairment(...)', ""someone who doesn't think clearly(...)"", 'person whose behavior is confusing(...)', 'someone who appears irrational(...)']",[],"['living with a mental health condition', 'living with a mental illness', 'person with a mental illness(...)', 'person with a psyciatric impairment(...)', ""someone who doesn't think clearly(...)"", 'person whose behavior is confusing(...)', 'someone who appears irrational(...)']"
mentally ill,a|a,unconscious_bias,cognitive_perception,mental_wellbeing,"['living with a mental health condition', 'living with a mental illness', 'confused(...)', 'not thinking clearly(...)', 'behaving confusingly(...)']",[],"['living with a mental health condition', 'living with a mental illness', 'confused(...)', 'not thinking clearly(...)', 'behaving confusingly(...)']"
psychopathic,a,unconscious_bias,cognitive_perception,migration,"['person with mental impairment(...)', 'person with psychiatric disabilities(...)', 'violent(...)', 'unemotional(...)', 'callous(...)', 'lacking empathy(...)', 'unable to feel remorse(...)', 'selfish(...)', 'self-centered(...)', 'toxic(...)', 'manipulative(...)', 'egotistical(...)', 'abusive(...)', 'confusing(...)', 'unpredictable(...)', 'scary(...)']",[],"['person with mental impairment(...)', 'person with psychiatric disabilities(...)', 'violent(...)', 'unemotional(...)', 'callous(...)', 'lacking empathy(...)', 'unable to feel remorse(...)', 'selfish(...)', 'self-centered(...)', 'toxic(...)', 'manipulative(...)', 'egotistical(...)', 'abusive(...)', 'confusing(...)', 'unpredictable(...)', 'scary(...)']"
That was crazy,~s|~|a,unconscious_bias,cognitive_perception,migration,"['That was ... interesting', 'That (was, is) incredible(...)', 'That (was, is) extra(...)', 'That (was, is) intense(...)', 'That (was, is) surreal(...)']",[],"['That was ... interesting', 'That (was, is) incredible(...)', 'That (was, is) extra(...)', 'That (was, is) intense(...)', 'That (was, is) surreal(...)']"
That was insane,~s|~|a,unconscious_bias,cognitive_perception,migration,"['That (is, was) incredible(...)', 'That (is, was) weird(...)', 'That (is, was) out of control(...)', 'That (is, was) unbelievable(...)', 'That (is, was) the ultimate adventure(...)']",[],"['That (is, was) incredible(...)', 'That (is, was) weird(...)', 'That (is, was) out of control(...)', 'That (is, was) unbelievable(...)', 'That (is, was) the ultimate adventure(...)']"
That's crazy,s|||a,unconscious_bias,cognitive_perception,migration,"[""That's absurd(...)"", ""That's incredible(...)"", ""That's nonsense(...)"", 'Whaaat?!(...)', 'That defies...well, anything.', ""That's...something.""]",[],"[""That's absurd(...)"", ""That's incredible(...)"", ""That's nonsense(...)"", 'Whaaat?!(...)', 'That defies...well, anything.', ""That's...something.""]"
That's insane,s|||a,unconscious_bias,cognitive_perception,migration,"[""That's preposterous(...)"", ""That's extra(...)"", ""That's bizarre(...)"", ""That's just scary(...)"", ""That's...not something I would do.""]",[],"[""That's preposterous(...)"", ""That's extra(...)"", ""That's bizarre(...)"", ""That's just scary(...)"", ""That's...not something I would do.""]"
gray,a,unconscious_bias,color,migration,"[""--- don't use for a state between good and bad""]","[""--- don't use for a state between good and bad""]","[""--- don't use for a state between good and bad""]"
grey,a,unconscious_bias,color,migration,"[""--- don't use for a state between good and bad""]","[""--- don't use for a state between good and bad""]","[""--- don't use for a state between good and bad""]"
white,a,unconscious_bias,color,military_source,"['privileged', 'approved', 'good', 'Caucasian', 'non-Black', ""--- don't use to show goodness or quality""]","[""--- don't use to show goodness or quality""]","[""--- don't use to show goodness or quality"", 'privileged', 'approved', 'good', 'Caucasian', 'non-Black']"
white-wash,v,unconscious_bias,color,military_source,"['cover up', 'gloss over', 'conceal', 'minimize', 'downplay']",[],"['cover up', 'gloss over', 'conceal', 'minimize', 'downplay']"
whitewash,s,unconscious_bias,color,mobility,"['cover-up', 'complete defeat', 'fig leaf', 'smoke screen']",[],"['cover-up', 'complete defeat', 'fig leaf', 'smoke screen']"
first name,=a|s,unconscious_bias,culture,mobility,"['given name', 'given names']",['given names'],"['given name', 'given names']"
last name,=a|s,unconscious_bias,culture,mobility,"['family name', 'surname', 'married name', 'birth name', 'family names', 'surnames', 'married names', 'birth names']","['family names', 'surnames', 'married names', 'birth names']","['family name', 'surname', 'married name', 'birth name', 'family names', 'surnames', 'married names', 'birth names']"
paddy wagon,~s|s,unconscious_bias,culture,mobility,"['police car', 'police cars']",['police cars'],"['police car', 'police cars']"
rule of thumb,s||~s,unconscious_bias,culture,mobility,"['rule based on experience', 'general rule', 'rules based on experience', 'general rules', 'an approximate method of doing something(...)', 'an approximate method of judging something(...)', 'guideline based on experience that tells you how far you can go without getting yourself into trouble(...)']","['rules based on experience', 'general rules', 'approximate methods of doing (judging ...) something', 'guidelines based on experience that tell you how far you can go without getting yourself into trouble(...)']","['rule based on experience', 'general rule', 'an approximate method of doing something(...)', 'an approximate method of judging something(...)', 'guideline based on experience that tells you how far you can go without getting yourself into trouble(...)', 'rules based on experience', 'general rules']"
sassy,a,unconscious_bias,culture,mobility,"['stylish', 'chic', 'jaunty', 'lively', 'full of spirit', 'smart', 'cheeky', 'saucy', 'candid', 'straightforward']",[],"['stylish', 'chic', 'jaunty', 'lively', 'full of spirit', 'smart', 'cheeky', 'saucy', 'candid', 'straightforward']"
both genders,|~s,unconscious_bias,gender_identity,mobility,['all genders'],[],['all genders']
boys and girls,~s||~s,unconscious_bias,gender_identity,cultural,"['children', 'kids', 'they']",[],"['children', 'kids', 'they']"
brother and sister,s||s,unconscious_bias,gender_identity,cultural,['siblings'],[],['siblings']
female judge,=a|s,unconscious_bias,gender_identity,racist_source,"['judge', 'they', 'judges']",['judges'],"['judge', 'they', 'judges']"
female physician,=a|s,unconscious_bias,gender_identity,color,"['physician', 'they', 'physicians']",['physicians'],"['physician', 'they', 'physicians']"
gals,~s,unconscious_bias,gender_identity,racist_source,"['you', 'folks', 'people', 'everyone', 'friends']",[],"['you', 'folks', 'people', 'everyone', 'friends']"
guys and girls,~||~,unconscious_bias,gender_identity,racist_source,"['all', 'dear guests', 'friends', 'everyone', 'folks', 'people', 'everybody']",[],"['all', 'dear guests', 'friends', 'everyone', 'folks', 'people', 'everybody']"
ladies and gentlemen,~||~,unconscious_bias,gender_identity,racist_source,"['distinguished guests', 'everyone', 'folks', 'people', 'everybody']",[],"['distinguished guests', 'everyone', 'folks', 'people', 'everybody']"
lady's wear,~s|||~s,unconscious_bias,gender_identity,sexual_orientation,['feminine fashion'],[],['feminine fashion']
male model,=a|s,unconscious_bias,gender_identity,sexual_orientation,"['model', 'they', 'models']",['models'],"['model', 'they', 'models']"
men's wear,~s|||~s,unconscious_bias,gender_identity,speech,['masculine fashion'],[],['masculine fashion']
person who menstruates,s||~v,unconscious_bias,gender_identity,sports_terms,['individual with monthly bleeding(...)'],['individuals with monthly bleeding(...)'],['individual with monthly bleeding(...)']
preferred gender identity,~a|~s|s,unconscious_bias,gender_identity,exaggerating,"['gender identity', 'gender identities']",['gender identities'],"['gender identity', 'gender identities']"
preferred pronoun,~a|~s,unconscious_bias,gender_identity,sports_terms,['pronoun'],[],['pronouns']
real father,=a|s,unconscious_bias,gender_identity,sports_terms,"['biological parent', 'genetic father', 'birth father']",[],"['biological parent', 'genetic father', 'birth father']"
real mother,=a|s,unconscious_bias,gender_identity,sports_terms,"['biological parent', 'genetic mother', 'birth mother']",[],"['biological parent', 'genetic mother', 'birth mother']"
deaf,-a,unconscious_bias,hearing,advanced_abbreviation,['Deaf'],[],['Deaf']
deaf and blind,a||a,unconscious_bias,hearing,advanced_ability,['Deaf-Blind'],[],['Deaf-Blind']
deaf to,a,unconscious_bias,hearing,advanced_abbreviation,"['willfully ignorant', 'deliberately ignoring']",[],"['willfully ignorant', 'deliberately ignoring']"
deaf-blind,-a,unconscious_bias,hearing,advanced_ability,['Deaf-Blind'],[],['Deaf-Blind']
deaf-mute,a,unconscious_bias,hearing,advanced_ability,"['Deaf', 'signing Deaf', 'non-speaking', 'ASL speaking', 'signing', 'non-speaking person with deafness(...)']",[],"['non-speaking', 'ASL speaking', 'signing', 'Deaf', 'signing Deaf', 'non-speaking person with deafness(...)']"
fall on deaf ears,v||~a|~s,unconscious_bias,hearing,cognitive_perception,"['be ignored', 'be discarded', 'go unconsidered', 'go unacknowledged', 'go unheeded']",[],"['be ignored', 'be discarded', 'go unconsidered', 'go unacknowledged', 'go unheeded']"
hearing-impaired,=a,unconscious_bias,hearing,behavior,"['signing Deaf', 'hard-of-hearing', 'ASL using', 'ASL speaking', 'non-speaking']",[],"['hard-of-hearing', 'ASL using', 'ASL speaking', 'non-speaking', 'signing Deaf']"
person who is deaf,s||~v|~a,unconscious_bias,hearing,behavior,['Deaf person'],"['Deaf people', 'the Deaf']","['Deaf person', 'Deaf people', 'the Deaf']"
person with deafness,s||s,unconscious_bias,hearing,behavior,['Deaf person'],"['Deaf people', 'the Deaf']","['Deaf person', 'Deaf people', 'the Deaf']"
person with deafness and blindness,s||s||s,unconscious_bias,hearing,behavior,['Deaf-Blind person'],"['Deaf-Blind person', 'Deaf-Blind people', 'the Deaf-Blind']","['Deaf-Blind person', 'Deaf-Blind person', 'Deaf-Blind people', 'the Deaf-Blind']"
stone deaf,s|a,unconscious_bias,hearing,behavior,"['Deaf', 'signing Deaf', 'non-speaking', 'ASL using', 'ASL speaking', 'person with deafness(...)']",[],"['non-speaking', 'ASL using', 'ASL speaking', 'Deaf', 'signing Deaf', 'person with deafness(...)']"
tone deaf,s|a,unconscious_bias,hearing,advanced_ability,"['unable to perceive differences in musical pitch', 'unable to read the room', 'with little appreciation for music', 'not able to sing tunes accurately']",[],"['unable to perceive differences in musical pitch', 'unable to read the room', 'with little appreciation for music', 'not able to sing tunes accurately']"
