Lemma,Word_Type,Category,Primary_subcategory,Secondary_subcategory,Sg_all_split,Pl_all_split,Alt_split,False_Positives
birth-defect,s,unconscious_bias,advanced_ability,advanced_ability,"['is disabled', 'has a disability', 'congenital disability', 'has congenital ((health condition))', 'born with ((health condition))', '---name congenital health condition or disability', 'having disabilities', 'congenital disabilities', 'having congenital ((health conditions))', 'born with ((health conditions))']","['are disabled', 'having disabilities', 'congenital disabilities', 'having congenital ((health conditions))', 'born with ((health conditions))', '---name congenital health condition or disability']","['---name congenital health condition or disability', 'has a disability', 'congenital disability', 'has congenital ((health condition))', 'born with ((health condition))', 'is disabled', 'having disabilities', 'congenital disabilities', 'having congenital ((health conditions))', 'born with ((health conditions))', 'are disabled']",
diffability,s,unconscious_bias,advanced_ability,advanced_ability,"['disability', 'ability status', 'physical disability', 'mobility disability', 'disabilities', 'ability status', 'physical disabilities', 'mobility disabilities', 'person with a disability(...)']","['disabilities', 'ability status', 'physical disabilities', 'mobility disabilities', 'persons with a disability(...)']","['disability', 'ability status', 'physical disability', 'mobility disability', 'person with a disability(...)', 'disabilities', 'ability status', 'physical disabilities', 'mobility disabilities']",
dotard,s,unconscious_bias,advanced_ability,advanced_ability,"['person in their dotage(...)', 'physically weak person(...)', 'person whose mental faculties have declined(...)']","['persons in their dotage(...)', 'physically weak persons(...)', 'persons whose mental faculties have declined(...)']","['person in their dotage(...)', 'physically weak person(...)', 'person whose mental faculties have declined(...)']",
inmate,s,unconscious_bias,advanced_ability,advanced_ability,"['patient in a psychiatric hospital ward(...)', 'someone confined to a mental health unit(...)', 'patient in a behavioral health unit(...)', 'person with a mental impairments or psychiatric disability who receives care in an institution(...)']","['patients in a psychiatric hospital unit(...)', 'people confined to a mental health unit(...)', 'patients in a behavioral health unit(...)', 'persons with mental or psychiatric disabilities who receive care in an institution(...)']","['patient in a psychiatric hospital ward(...)', 'someone confined to a mental health unit(...)', 'patient in a behavioral health unit(...)', 'person with a mental impairments or psychiatric disability who receives care in an institution(...)']",
symptom,s,unconscious_bias,advanced_ability,advanced_ability,"['trait', 'quality', 'how ((health condition or disability) manifests (for someone)', 'how someone experiences ((health condition or disability)', 'traits', 'qualities', 'how ((health condition or disability) manifests (for someone)', 'how someone experiences ((health condition or disability)']","['traits', 'qualities', 'how ((health condition or disability) manifests (for someone)', 'how someone experiences ((health condition or disability)']","['trait', 'quality', 'how ((health condition or disability) manifests (for someone)', 'how someone experiences ((health condition or disability)', 'traits', 'qualities', 'how ((health condition or disability) manifests (for someone)', 'how someone experiences ((health condition or disability)']",
boomer,s,unconscious_bias,age_old,age_old,"['older person', 'adult', 'someone born between 1946 and 1964', 'older people', 'adults', 'people born between 1946 and 1964']","['older people', 'adults', 'people born between 1946 and 1964']","['older person', 'adult', 'someone born between 1946 and 1964', 'older people', 'adults', 'people born between 1946 and 1964']",baby boomer
cougar,s,unconscious_bias,age_old,age_old,"['older person', 'adult', 'older people', 'adults', 'someone interested in a younger person(...)']","['older people', 'adults', 'people interested in younger people (...)']","['older person', 'adult', 'someone interested in a younger person(...)', 'older people', 'adults']",
dinosaur,s,unconscious_bias,age_old,age_old,"['older person', 'adult', 'older people', 'adults']","['older people', 'adults']","['older person', 'adult', 'older people', 'adults']",
fossil,s,unconscious_bias,age_old,age_old,"['older person', 'retiree', 'older people', 'retirees', 'someone with outdated views(...)', 'person with traditional views(...)']","['older people', 'retirees', 'persons with outdated views(...)', 'persons with traditional views(...)']","['older person', 'retiree', 'someone with outdated views(...)', 'person with traditional views(...)', 'older people', 'retirees']",fossil fuels | fossil fuel | fossil watch | fossil smart watch | fossil promo | fossil gen 6 | fossil group | fossil finding | fossil find | fossil finance | fossil energy | fossil carbon
geezer,s,unconscious_bias,age_old,age_old,"['eccentric man', 'older person', 'eccentric men', 'older people']","['eccentric men', 'older people']","['eccentric man', 'older person', 'eccentric men', 'older people']",
geriatric,s,unconscious_bias,age_old,age_old,"['older adult', 'older adults']",['older adults'],"['older adult', 'older adults']",
grandma,s,unconscious_bias,age_old,age_old,"['grandy', 'grandparent', 'grandies', 'grandparents']","['grandies', 'grandparents']","['grandy', 'grandparent', 'grandies', 'grandparents']",
grandpa,s,unconscious_bias,age_old,age_old,"['grandy', 'grandparent', 'grandies', 'grandparents']","['grandies', 'grandparents']","['grandy', 'grandparent', 'grandies', 'grandparents']",
senior,s,unconscious_bias,age_old,age_old,"['the older population', 'older adults', 'older people', 'persons 65 years and older', 'older adult(...)', 'older person(...)', 'someone 65 years and older(...)']","['older adults', 'older people', 'persons 65 years and older', 'the older population']","['older adult(...)', 'older person(...)', 'someone 65 years and older(...)', 'the older population', 'older adults', 'older people', 'persons 65 years and older']",
year-old,s,unconscious_bias,age_old,age_old,['--- spell out relevant skills'],['--- spell out relevant skills'],['--- spell out relevant skills'],
kiddo,s,unconscious_bias,age_young,age_young,"['you', '((given name))', '-', 'you']","['you', '-']","['-', 'you', '((given name))', 'you']",
millenial,s,unconscious_bias,age_young,age_young,"['younger person', 'younger people']",['younger people'],"['younger person', 'younger people']",
achiever,s,unconscious_bias,agentic,agentic,"['person who sees things through(...)', 'person with an entrepreneurial mindset(...)', 'person with enthusiasm for the implementation (of ...)', 'person keen to realize a vision(...)', 'person who likes getting things done(...)']","['people who see things through(...)', 'those with an entrepreneurial mindset(...)', 'people with enthusiasm for the implementation (of ...)', 'those keen to realize a vision(...)', 'people who like getting things done(...)']","['person who sees things through(...)', 'person with an entrepreneurial mindset(...)', 'person with enthusiasm for the implementation (of ...)', 'person keen to realize a vision(...)', 'person who likes getting things done(...)']",
aggression,s,unconscious_bias,agentic,agentic,"['commitment to achieving a goal', 'focus on purpose', 'candidness', 'frankness', 'willingness to see something through', 'deep enthusiasm', ""positive attitude toward using one's competencies to reach shared goals(...)"", 'enthusiasm in pursuit of a goal(...)', 'trust in their abilities(...)', 'willingness to stand up for the team(...)', 'willingness to argue their point(...)']","[""positive attitudes toward using one's competencies to reach shared goals(...)"", 'readiness to stand up for the team(...)', 'willingness to argue their point(...)']","['commitment to achieving a goal', 'focus on purpose', 'candidness', 'frankness', 'willingness to see something through', 'deep enthusiasm', ""positive attitude toward using one's competencies to reach shared goals(...)"", 'enthusiasm in pursuit of a goal(...)', 'trust in their abilities(...)', 'willingness to stand up for the team(...)', 'willingness to argue their point(...)']",
ambition,s,unconscious_bias,agentic,agentic,"['growth mindset', 'dedication', 'willingness to go after a dream', 'enthusiasm for working toward goals', 'growth mindset', 'dedication', 'willingness to go after a dream', 'enthusiasm for working toward goals']","['growth mindset', 'dedication', 'willingness to go after a dream', 'enthusiasm for working toward goals']","['growth mindset', 'dedication', 'willingness to go after a dream', 'enthusiasm for working toward goals', 'growth mindset', 'dedication', 'willingness to go after a dream', 'enthusiasm for working toward goals']",
analysis,s,unconscious_bias,agentic,agentic,"['investigation', 'study with scientific care', 'close scrutiny', 'meticulous exploration', 'interpretation of data', 'data explorations', 'diagnostic methods', 'meticulous explorations', 'systematic approach to interpreting (...)']","['interpretation of data', 'data explorations', 'diagnostic methods', 'meticulous explorations']","['investigation', 'study with scientific care', 'close scrutiny', 'meticulous exploration', 'systematic approach to interpreting (...)', 'interpretation of data', 'data explorations', 'diagnostic methods', 'meticulous explorations']",analysis team | competitive analysis | data analysis | medical analysis
athlete,s,unconscious_bias,agentic,agentic,"['sportsperson', 'enthusiast', 'sportspeople', 'enthusiasts', 'someone who pursues goals(...)', 'energetic person(...)', 'someone with a sporting spirit(...)', 'person with a sense of fair play(...)', 'someone who works toward goals with focus and discipline(...)']","['sportspeople', 'enthusiasts', 'people who pursue goals(...)', 'energetic people(...)', 'everyone with a sporting spirit(...)', 'those with a sense of fair play(...)', 'people who work toward goals with focus and discipline(...)']","['sportsperson', 'enthusiast', 'someone who pursues goals(...)', 'energetic person(...)', 'someone with a sporting spirit(...)', 'person with a sense of fair play(...)', 'someone who works toward goals with focus and discipline(...)', 'sportspeople', 'enthusiasts']",
authority,s,unconscious_bias,agentic,agentic,"['consultant', 'clout', 'administration', 'capacity to win over', 'competence', 'influence', 'knowledge', 'skills', 'oversight', 'administrations', 'governances', 'governments', 'jurisdictions', 'someone with the knowledge and experience to see the big picture(...)', 'someone with a high level of knowledge (skills) in(...)', 'someone in a decision-making capacity(...)']","['administrations', 'governances', 'governments', 'jurisdictions', 'competence', 'influence', 'knowledge', 'skills', 'oversight', 'people with high levels of knowledge (skills) in(...)', 'consultants(...)', 'people who have the knowledge and experience they need to see the big picture(...)']","['competence', 'influence', 'knowledge', 'skills', 'oversight', 'consultant', 'clout', 'administration', 'capacity to win over', 'someone with the knowledge and experience to see the big picture(...)', 'someone with a high level of knowledge (skills) in(...)', 'someone in a decision-making capacity(...)', 'administrations', 'governances', 'governments', 'jurisdictions']",authority figure | authority figure | proof of authority | position of authority | positions of authority | letter of athority | statement of authority | certificate of authority | nature of authority | the authorities
battle,s,unconscious_bias,agentic,agentic,"['encounter', 'discussion', 'effort', 'work', 'endeavor', 'debate', 'discourse', 'encounters', 'discussions', 'efforts', 'work', 'endeavors', 'debates', 'discourses']","['encounters', 'discussions', 'efforts', 'work', 'endeavors', 'debates', 'discourses']","['encounter', 'discussion', 'effort', 'work', 'endeavor', 'debate', 'discourse', 'encounters', 'discussions', 'efforts', 'work', 'endeavors', 'debates', 'discourses']",
champion,s,unconscious_bias,agentic,agentic,"['role model', 'advocate', 'supporter', 'ally', 'proponent', 'campaigner', 'promoter', 'upholder', 'they', 'role models', 'advocates', 'supporters', 'allies', 'proponents', 'campaigners', 'promoters', 'upholders']","['role models', 'advocates', 'supporters', 'allies', 'proponents', 'campaigners', 'promoters', 'upholders']","['role model', 'advocate', 'supporter', 'ally', 'proponent', 'campaigner', 'promoter', 'upholder', 'they', 'role models', 'advocates', 'supporters', 'allies', 'proponents', 'campaigners', 'promoters', 'upholders']",
conquest,s,unconscious_bias,agentic,agentic,"['discovery', 'takeover', 'acquisition', 'appropriation', ""--- don't use for people"", 'appropriation', 'takeovers', 'acquisitions']","['takeovers', 'acquisitions', 'appropriation', ""--- don't use for people""]","[""--- don't use for people"", 'discovery', 'takeover', 'acquisition', 'appropriation', 'appropriation', 'takeovers', 'acquisitions']",
decision,s,unconscious_bias,agentic,agentic,"['conclusion', 'choice', 'agreement', 'consensus', 'conclusions', 'choices', 'agreements', 'consensus', ""one's mind made up(...)"", 'settlement of an issue(...)', 'end of an official argument(...)', 'legal judgment(...)']","['conclusions', 'choices', 'agreements', 'consensus', 'mind made up about (...)', 'settlement of an issue(...)', 'end of a official argument(...)', 'legal judgments(...)']","['conclusion', 'choice', 'agreement', 'consensus', ""one's mind made up(...)"", 'settlement of an issue(...)', 'end of an official argument(...)', 'legal judgment(...)', 'conclusions', 'choices', 'agreements', 'consensus']",decision process | decision-making | uncoerced decision | uncoerced decisions | own decisions
greed,s,unconscious_bias,agentic,agentic,"['appetite', 'desire', 'lively interest', 'appetite (for ...)', 'desire (for ...)', 'interest (in ...)', 'enthusiasm (for ...)', 'lively interest (in ...)', 'acquisitive mind(...)']","['appetites (for ...)', 'desires (for ...)', 'interests (in ...)', 'enthusiasms (for ...)', 'lively interests (in ...)', 'acquisitive minds(...)']","['appetite', 'desire', 'lively interest', 'appetite (for ...)', 'desire (for ...)', 'interest (in ...)', 'enthusiasm (for ...)', 'lively interest (in ...)', 'acquisitive mind(...)']",
hierarchy,s,unconscious_bias,agentic,agentic,"['vertical organizational structure', 'chain of command', 'pyramid-like management structure', 'vertical organizational structures', 'chains of command', 'pyramid-like management structures']","['vertical organizational structures', 'chains of command', 'pyramid-like management structures']","['vertical organizational structure', 'chain of command', 'pyramid-like management structure', 'vertical organizational structures', 'chains of command', 'pyramid-like management structures']",
hostility,s,unconscious_bias,agentic,agentic,"['diverging views', 'difference of perspectives', 'difference in perspectives', 'diverging interests', 'diverging views', 'divergent positions', 'diverging interests', 'differences of perspectives', 'differences in perspectives']","['diverging views', 'divergent positions', 'diverging interests', 'differences of perspectives', 'differences in perspectives']","['diverging views', 'difference of perspectives', 'difference in perspectives', 'diverging interests', 'diverging views', 'divergent positions', 'diverging interests', 'differences of perspectives', 'differences in perspectives']",
hunger,s,unconscious_bias,agentic,agentic,"['appetite', 'desire', 'lively interest', 'appetites', 'desires', 'lively interests']","['appetites', 'desires', 'lively interests']","['appetite', 'desire', 'lively interest', 'appetites', 'desires', 'lively interests']",
hunter,s,unconscious_bias,agentic,agentic,"['searcher', 'forager', 'gatherer', 'seeker', 'searchers', 'foragers', 'gatherers', 'seekers']","['searchers', 'foragers', 'gatherers', 'seekers']","['searcher', 'forager', 'gatherer', 'seeker', 'searchers', 'foragers', 'gatherers', 'seekers']",
individuality,s,unconscious_bias,agentic,agentic,"['personal style', 'identity', 'character', 'personality', 'the qualities that make you who you are(...)']",['the qualities that make you who you are(...)'],"['personal style', 'identity', 'character', 'personality', 'the qualities that make you who you are(...)']",
intellect,s,unconscious_bias,agentic,agentic,"['know-how', 'skill', 'insight', 'know-hows', 'skills', 'insights', 'ability to understand(...)', 'ability to think things through(...)']","['know-hows', 'skills', 'insights', 'abilities to understand(...)', 'abilities to think things through(...)']","['know-how', 'skill', 'insight', 'ability to understand(...)', 'ability to think things through(...)', 'know-hows', 'skills', 'insights']",
logic,s,unconscious_bias,agentic,agentic,"['systematic approach', 'rationale', 'thought process', 'rhyme or reason', 'systematic approaches', 'thought processes', 'with scientific care(...)', 'with rational thinking(...)']","['systematic approaches', 'thought processes', 'with scientific care(...)', 'with rational thinking(...)']","['systematic approach', 'rationale', 'thought process', 'rhyme or reason', 'with scientific care(...)', 'with rational thinking(...)', 'systematic approaches', 'thought processes']",fuzzy logic
opinion,s,unconscious_bias,agentic,agentic,"['point of view', 'view', 'assessment', 'conclusion', 'impression', 'views', 'conclusions', 'impressions', 'keep your own counsel(...)', 'your two cents(...)']","['views', 'conclusions', 'impressions', 'keep your own counsel(...)', 'your two cents(...)']","['point of view', 'view', 'assessment', 'conclusion', 'impression', 'keep your own counsel(...)', 'your two cents(...)', 'views', 'conclusions', 'impressions']",opinion shaper | opinion shapers
performance,s,unconscious_bias,agentic,agentic,"['effectiveness', 'accomplishments', 'capabilities', 'fulfillment', 'efficiency', 'running', 'capacity', 'effectiveness', 'accomplishments', 'capabilities', 'fulfillment', 'efficiency', 'running', 'capacity']","['effectiveness', 'accomplishments', 'capabilities', 'fulfillment', 'efficiency', 'running', 'capacity']","['effectiveness', 'accomplishments', 'capabilities', 'fulfillment', 'efficiency', 'running', 'capacity', 'effectiveness', 'accomplishments', 'capabilities', 'fulfillment', 'efficiency', 'running', 'capacity']",performance indicator | performance indicators | performance review | performance marketing | performance test | performance of | on-time performance | academic performance
power,s,unconscious_bias,agentic,agentic,"['capacity', 'energy', 'aptitude', 'capacities', 'energy', 'aptitude']","['capacities', 'energy', 'aptitude']","['capacity', 'energy', 'aptitude', 'capacities', 'energy', 'aptitude']",power dynamics | power outlet | power company | executive power | power supply | renewable power | power generation | power distribution | distribution of power | generation of power | supply of power | brain power
principle,s,unconscious_bias,agentic,agentic,"['general rule', 'fairness', 'integrity', 'decency', 'honor', 'ethics']",['ethics'],"['general rule', 'fairness', 'integrity', 'decency', 'honor', 'ethics']",
problem,s,unconscious_bias,agentic,agentic,"['issue', 'difficulty', 'obstacle', 'question to discuss', 'complication', 'issues', 'difficulties', 'obstacles', 'questions to discuss', 'complications']","['issues', 'difficulties', 'obstacles', 'questions to discuss', 'complications']","['issue', 'difficulty', 'obstacle', 'question to discuss', 'complication', 'issues', 'difficulties', 'obstacles', 'questions to discuss', 'complications']",problem-solving | problem-solver | problem-solves | problem-solve | not a problem | have a problem with | has a problem with | common problem | back problem | back problems | health problems | no problem | 
recklessness,s,unconscious_bias,agentic,agentic,"[""--- don't use for people"", 'openness to new ideas(...)', 'enthusiasm for trying new things(...)', 'willingness to question conventional wisdom(...)']","[""--- don't use for people""]","[""--- don't use for people"", 'openness to new ideas(...)', 'enthusiasm for trying new things(...)', 'willingness to question conventional wisdom(...)']",
risk,s,unconscious_bias,agentic,agentic,"['change', 'ambiguity', 'opportunity', 'changes', 'ambiguities', 'opportunities', 'unexplored territory(...)']","['changes', 'ambiguities', 'opportunities', 'unexplored territories(...)']","['change', 'ambiguity', 'opportunity', 'unexplored territory(...)', 'changes', 'ambiguities', 'opportunities']",
risk-taker,s,unconscious_bias,agentic,agentic,"['person who weighs options(...)', 'someone open to new ideas(...)', 'person who likes to try new things(...)', 'someone keen on new insights(...)', 'someone who take various factors into consideration(...)']","['people who weigh options(...)', 'those open to new ideas(...)', 'people who like to try new things(...)', 'people keen on new insights(...)', 'people who take various factors into consideration(...)']","['person who weighs options(...)', 'someone open to new ideas(...)', 'person who likes to try new things(...)', 'someone keen on new insights(...)', 'someone who take various factors into consideration(...)']",
ruction,s,unconscious_bias,agentic,agentic,"['debate', 'discussion', 'debates', 'discussions', 'animated exchange(...)']","['debates', 'discussions', 'animated exchanges(...)']","['debate', 'discussion', 'animated exchange(...)', 'debates', 'discussions']",
victim,s,unconscious_bias,agentic,agentic,"['survivor', 'survivors', 'person who has experienced (...)', 'person who has been impacted by (...)']","['survivors', 'people who have experienced (...)', 'people who have been impacted by (...)']","['survivor', 'person who has experienced (...)', 'person who has been impacted by (...)', 'survivors']",
addict,s,unconscious_bias,behavior,behavior,"['substance user', 'substance users', 'person with substance use disorder(...)', 'someone physically or psychologically dependent on a substance(...)', 'someone who display compulsive behavior(...)', 'substance use(...)']","['substance users', 'people with substance use disorder(...)', 'people physically or psychologically dependent on a substance(...)', 'individuals who display compulsive behavior(...)', 'substance use(...)']","['substance user', 'person with substance use disorder(...)', 'someone physically or psychologically dependent on a substance(...)', 'someone who display compulsive behavior(...)', 'substance use(...)', 'substance users']",
loner,s,unconscious_bias,behavior,behavior,"['someone who enjoys their own company(...)', 'person retreating from sensory overload(...)', 'someone who maximizes time spent on their own(...)', 'person who likes to spend time by themselves(...)', 'person in need of personal time to refocus(...)', 'someone in need of minimizing sensory overload(...)']","['people who enjoy their own company(...)', 'individuals retreating from sensory overload(...)', 'people who maximize time spent on their own(...)', 'people who like to spend time by themselves(...)', 'individuals in need of personal time to refocus(...)', 'people in need of minimizing sensory overload(...)']","['someone who enjoys their own company(...)', 'person retreating from sensory overload(...)', 'someone who maximizes time spent on their own(...)', 'person who likes to spend time by themselves(...)', 'person in need of personal time to refocus(...)', 'someone in need of minimizing sensory overload(...)']",
maniac,s,unconscious_bias,behavior,behavior,"['someone with a mental disability(...)', 'person who behaves in an uncontrolled way(...)', ""person who doesn't worry about risks(...)"", 'person who behaves violently(...)']","['people with a mental disability(...)', 'people who behave in an uncontrolled way(...)', ""people who don't worry about risks(...)"", 'people who behave violently(...)']","['someone with a mental disability(...)', 'person who behaves in an uncontrolled way(...)', ""person who doesn't worry about risks(...)"", 'person who behaves violently(...)']",
neurodiversity,s,unconscious_bias,behavior,behavior,"['neurodivergence --- (divergence from neurotypical brains)', '--- only when referring to the natural diversity of all human brains']",['--- only when referring to the natural diversity of all human brains'],"['--- only when referring to the natural diversity of all human brains', 'neurodivergence --- (divergence from neurotypical brains)']",
nutter,s,unconscious_bias,behavior,behavior,"['thrill-seeker', 'thrill-seekers', 'someone who is unpredictable(...)', 'person with reckless behavior(...)', 'someone with poor impulse control(...)']","['thrill-seekers', 'people who are unpredictable(...)', 'people with poor impulse control(...)', 'fearless (out of control) people (...)']","['thrill-seeker', 'someone who is unpredictable(...)', 'person with reckless behavior(...)', 'someone with poor impulse control(...)', 'thrill-seekers']",
scatterbrain,s,unconscious_bias,behavior,behavior,"['person with mental disability(...)', 'person with psychiatric disabilities(...)', 'person with intellectual disability(...)', 'person with a learning disability(...)', 'someone forgetful(...)', 'a disorganized person(...)', 'someone easily distracted(...)', 'person unable to focus(...)']","['forgetful people(...)', 'disorganized people(...)', 'people unable to concentrate(...)', 'people unable to think clearly(...)']","['person with mental disability(...)', 'person with psychiatric disabilities(...)', 'person with intellectual disability(...)', 'person with a learning disability(...)', 'someone forgetful(...)', 'a disorganized person(...)', 'someone easily distracted(...)', 'person unable to focus(...)']",
islamist,s,unconscious_bias,belief,belief,"['muslim', 'person of Islamic faith', 'follower of the Islamic faith', 'fanatic follower of Islam', 'muslims', 'people of Islamic faith', 'followers of the Islamic faith', 'fanatic followers of Islam']","['muslims', 'people of Islamic faith', 'followers of the Islamic faith', 'fanatic followers of Islam']","['muslim', 'person of Islamic faith', 'follower of the Islamic faith', 'fanatic follower of Islam', 'muslims', 'people of Islamic faith', 'followers of the Islamic faith', 'fanatic followers of Islam']",
ex-offender,s,unconscious_bias,classism,classism,"['formerly incarcerated person', 'returning citizen', 'parolee', 'formerly incarcerated people', 'returning citizens', 'parolees']","['formerly incarcerated people', 'returning citizens', 'parolees']","['formerly incarcerated person', 'returning citizen', 'parolee', 'formerly incarcerated people', 'returning citizens', 'parolees']",
autism,s,unconscious_bias,cognitive_ability,cognitive_ability,"['neurodivergence', 'autism spectrum disorder', '--- ask which term the person prefers']",['--- ask which term the person prefers'],"['--- ask which term the person prefers', 'neurodivergence', 'autism spectrum disorder']",autism spectrum disorder | has autism
derp,s,unconscious_bias,cognitive_ability,cognitive_ability,"['obviously(...)', 'of course(...)', 'yeah(...)']","['obviously(...)', 'of course(...)', 'yeah(...)']","['obviously(...)', 'of course(...)', 'yeah(...)']",
idiot,s,unconscious_bias,cognitive_ability,cognitive_ability,"['person with mental impairment(...)', 'person with psychiatric disabilities(...)', 'ignorant person(...)', 'someone lacking understanding(...)', 'oblivious person(...)', 'uninformed person(...)', 'silly person(...)']","['people with mental impairment(...)', 'people with psychiatric disabilities(...)', 'dense(...)', 'ignorant(...)', 'lacking understanding(...)', 'reckless(...)', 'silly(...)']","['person with mental impairment(...)', 'person with psychiatric disabilities(...)', 'ignorant person(...)', 'someone lacking understanding(...)', 'oblivious person(...)', 'uninformed person(...)', 'silly person(...)']",
imbecile,s,unconscious_bias,cognitive_ability,cognitive_ability,"['person with mental impairment(...)', 'person with psychiatric disabilities(...)', 'dense(...)', 'ignorant(...)', 'lacking understanding(...)', 'reckless(...)', 'uninformed(...)', 'silly(...)']","['people with a mental impairment(...)', 'people with psychiatric disabilities(...)', 'dense(...)', 'ignorant(...)', 'lacking understanding(...)', 'reckless(...)', 'uninformed(...)', 'silly(...)']","['person with mental impairment(...)', 'person with psychiatric disabilities(...)', 'dense(...)', 'ignorant(...)', 'lacking understanding(...)', 'reckless(...)', 'uninformed(...)', 'silly(...)']",
retard,s,unconscious_bias,cognitive_ability,cognitive_ability,"['person with a learning disability(...)', 'reckless(...)', 'person with poor impulse control(...)', 'ignorant(...)', 'narrow-minded(...)']","['people with a learning disability(...)', 'reckless person(...)', 'person with poor impulse control(...)', 'ignorant person(...)', 'narrow-minded person(...)']","['person with a learning disability(...)', 'reckless(...)', 'person with poor impulse control(...)', 'ignorant(...)', 'narrow-minded(...)']",
simpleton,s,unconscious_bias,cognitive_ability,cognitive_ability,"['person with a learning disability(...)', 'person with learning disabilities(...)', 'dense(...)', 'ignorant(...)', 'lacking understanding(...)', 'reckless(...)', 'uninformed(...)', 'silly(...)']","['people with a learning disability(...)', 'people with learning disabilities(...)', 'dense(...)', 'ignorant(...)', 'lacking understanding(...)', 'reckless(...)', 'uninformed(...)', 'silly(...)']","['person with a learning disability(...)', 'person with learning disabilities(...)', 'dense(...)', 'ignorant(...)', 'lacking understanding(...)', 'reckless(...)', 'uninformed(...)', 'silly(...)']",
vegetable,s,unconscious_bias,cognitive_ability,cognitive_ability,"[""--- don't use for a person"", 'person with a learning disability(...)', 'person with mental disabilities(...)']","[""--- don't use for a person""]","[""--- don't use for a person"", 'person with a learning disability(...)', 'person with mental disabilities(...)']",
insanity,s,unconscious_bias,cognitive_perception,cognitive_perception,"['severe mental illness', 'psychosis', 'lack of impulse control', 'inability to distinguish fantasy from reality', 'folly(...)', 'unreasonableness(...)', 'recklessness(...)']","['people with a severe mental illness(...)', 'people who cannot distinguish fantasy from reality(...)', 'people who cannot conduct their affairs due to psychosis(...)', 'people subject to uncontrollable behavior(...)']","['severe mental illness', 'psychosis', 'lack of impulse control', 'inability to distinguish fantasy from reality', 'folly(...)', 'unreasonableness(...)', 'recklessness(...)']",
lunatic,s,unconscious_bias,cognitive_perception,cognitive_perception,"['person with mental impairment(...)', 'person with psychiatric disabilities(...)', 'person with confusing behavior(...)', 'person who acts unpredictably(...)', 'someone with poor impulse control(...)', 'person who does not experience fear(...)', 'someone who lives on the edge(...)', 'thrill-seeker(...)', 'person who acts out of control(...)']","['people with a mental disability(...)', 'people with psychiatric disabilities(...)', 'people with reckless behavior(...)', 'people who act unpredictably(...)', 'people who do not experience fear(...)', 'people who live on the edge(...)', 'thrill-seekers(...)', 'reckless people(...)', 'people who act out of control(...)']","['person with mental impairment(...)', 'person with psychiatric disabilities(...)', 'person with confusing behavior(...)', 'person who acts unpredictably(...)', 'someone with poor impulse control(...)', 'person who does not experience fear(...)', 'someone who lives on the edge(...)', 'thrill-seeker(...)', 'person who acts out of control(...)']",
madhouse,s,unconscious_bias,cognitive_perception,cognitive_perception,"['psychiatric hospital unit', 'mental health unit', 'behavioral health unit', 'institution providing care to people with mental and psychiatric disabilities', 'psychiatric hospital wards', 'mental health units', 'behavioral health units', 'institutions providing care to people with mental or psychiatric disabilities', 'noisy and confusing scene(...)', 'the place was in uproar(...)']","['psychiatric hospital wards', 'mental health units', 'behavioral health units', 'institutions providing care to people with mental or psychiatric disabilities', 'situations full of confusion(...)', 'places in uproar(...)', 'noisy and confusing scenes(...)']","['psychiatric hospital unit', 'mental health unit', 'behavioral health unit', 'institution providing care to people with mental and psychiatric disabilities', 'noisy and confusing scene(...)', 'the place was in uproar(...)', 'psychiatric hospital wards', 'mental health units', 'behavioral health units', 'institutions providing care to people with mental or psychiatric disabilities']",
madman,s,unconscious_bias,cognitive_perception,cognitive_perception,"['person with mental impairment(...)', 'person with psychiatric disabilities(...)']","['people with mental impairment(...)', 'people with psychiatric disabilities(...)']","['person with mental impairment(...)', 'person with psychiatric disabilities(...)']",
psychopath,s,unconscious_bias,cognitive_perception,cognitive_perception,"['person with a chronic mental disorder(...)', 'someone with antisocial, egocentric, or violent social behavior(...)', 'violent person(...)', 'unemotional person(...)', 'callous person(...)', 'person who lacks empathy(...)', 'person who lacks remorse for their actions(...)']","['people with a chronic mental disorder(...)', 'people with antisocial, egocentric, or violent social behavior(...)', 'violent persons(...)', 'unemotional persons(...)', 'callous persons(...)', 'people who lacks empathy(...)', 'person who lacks remorse for their actions(...)']","['person with a chronic mental disorder(...)', 'someone with antisocial, egocentric, or violent social behavior(...)', 'violent person(...)', 'unemotional person(...)', 'callous person(...)', 'person who lacks empathy(...)', 'person who lacks remorse for their actions(...)']",
black-list,s,unconscious_bias,color,color,"['deny list', 'block list', 'exclude list', 'avoid list', 'deny lists', 'block lists', 'exclude lists', 'avoid lists']","['deny lists', 'block lists', 'exclude lists', 'avoid lists']","['deny list', 'block list', 'exclude list', 'avoid list', 'deny lists', 'block lists', 'exclude lists', 'avoid lists']",
aunt,s,unconscious_bias,gender_identity,gender_identity,"['pibling', 'they', 'piblings', ""parent's sibling(...)""]","['piblings', ""parent's siblings(...)""]","['pibling', 'they', ""parent's sibling(...)"", 'piblings']",
boy,s,unconscious_bias,gender_identity,gender_identity,"['kid', 'teen', 'child', 'younger person', 'serving staff', 'busser', 'they', 'people', 'team', 'crowd', 'bussing team', 'children', 'man --- if 18+ and self-identifies as male(...)', 'you(...)']","['children', 'people', 'team', 'crowd', 'bussing team', 'you all(...)', 'everyone(...)']","['kid', 'teen', 'child', 'younger person', 'serving staff', 'busser', 'they', 'man --- if 18+ and self-identifies as male(...)', 'you(...)', 'people', 'team', 'crowd', 'bussing team', 'children']",
boyfriend,s,unconscious_bias,gender_identity,gender_identity,"['partner', 'significant other', 'person', 'enbyfriend --- if they identify as non-binary', 'joyfriend', 'they', 'partners', 'significant others', 'enbyfriends --- if they identify as non-binary', 'joyfriends']","['partners', 'significant others', 'enbyfriends --- if they identify as non-binary', 'joyfriends']","['partner', 'significant other', 'person', 'enbyfriend --- if they identify as non-binary', 'joyfriend', 'they', 'partners', 'significant others', 'enbyfriends --- if they identify as non-binary', 'joyfriends']",
brother,s,unconscious_bias,gender_identity,gender_identity,"['sibling', 'siblings']",['siblings'],"['sibling', 'siblings']",
Cervix-haver,s,unconscious_bias,gender_identity,gender_identity,['person with a cervix(...)'],['people with a cervix(...)'],['person with a cervix(...)'],
daughter,s,unconscious_bias,gender_identity,gender_identity,"['child', 'progeny', 'offspring', 'they', 'children', 'progeny', 'offspring']","['children', 'progeny', 'offspring']","['child', 'progeny', 'offspring', 'they', 'children', 'progeny', 'offspring']",
father,s,unconscious_bias,gender_identity,gender_identity,"['parent', 'they', '--- only if self-identifies as male', 'creative team', 'parents', 'creatives', 'creative mind (behind)(...)']","['parents', 'creatives', 'creative team', '--- only if self-identifies as male', 'creative minds (behind)(...)']","['--- only if self-identifies as male', 'parent', 'they', 'creative mind (behind)(...)', 'creative team', 'parents', 'creatives']",genetic father | birth father | biological father
fiancé,s,unconscious_bias,gender_identity,gender_identity,"['betrothed', 'they', 'betrothed']",['betrothed'],"['betrothed', 'they', 'betrothed']",
fiancée,s,unconscious_bias,gender_identity,gender_identity,"['betrothed', 'they', 'betrothed']",['betrothed'],"['betrothed', 'they', 'betrothed']",
gent,s,unconscious_bias,gender_identity,gender_identity,"['you', 'person', 'individual', 'you', 'folks', 'people', 'everyone']","['you', 'folks', 'people', 'everyone']","['you', 'person', 'individual', 'you', 'folks', 'people', 'everyone']",
gentleman,s,unconscious_bias,gender_identity,gender_identity,"['man --- if 18+ and self-identifies as male', 'you', 'individual', 'polite person', 'well-mannered individual', 'you', 'folks', 'people', 'everyone']","['you', 'folks', 'people', 'everyone']","['man --- if 18+ and self-identifies as male', 'you', 'individual', 'polite person', 'well-mannered individual', 'you', 'folks', 'people', 'everyone']",
girl,s,unconscious_bias,gender_identity,gender_identity,"['kid', 'teen', 'child', 'younger person', 'they', 'people', 'team', 'crowd', 'bussing team', 'service team', 'children', 'woman --- if 18+ and self-identifies as female(...)']","['children', 'people', 'team', 'crowd', 'bussing team', 'service team']","['kid', 'teen', 'child', 'younger person', 'they', 'woman --- if 18+ and self-identifies as female(...)', 'people', 'team', 'crowd', 'bussing team', 'service team', 'children']",
girlfriend,s,unconscious_bias,gender_identity,gender_identity,"['partner', 'significant other', 'person', 'enbyfriend --- if they identify as non-binary', 'joyfriend', 'they', 'partners', 'significant others', 'enbyfriends --- if they identify as non-binary', 'joyfriends']","['partners', 'significant others', 'enbyfriends --- if they identify as non-binary', 'joyfriends']","['partner', 'significant other', 'person', 'enbyfriend --- if they identify as non-binary', 'joyfriend', 'they', 'partners', 'significant others', 'enbyfriends --- if they identify as non-binary', 'joyfriends']",
granddaughter,s,unconscious_bias,gender_identity,gender_identity,"['grandchild', 'they', 'grandchildren']",['grandchildren'],"['grandchild', 'they', 'grandchildren']",
grandmother,s,unconscious_bias,gender_identity,gender_identity,"['grandy', 'grandparent', 'they', 'grandies', 'grandparents']","['grandies', 'grandparents']","['grandy', 'grandparent', 'they', 'grandies', 'grandparents']",
grandson,s,unconscious_bias,gender_identity,gender_identity,"['grandchild', 'they', 'grandchildren']",['grandchildren'],"['grandchild', 'they', 'grandchildren']",
hermaphrodite,s,unconscious_bias,gender_identity,gender_identity,"['intersex person(...)', 'person with intersex condition(...)', 'gender non-conforming person --- for a person not conforming with expected gender expression(...)', 'genderfluid person(...)']","['intersex people(...)', 'people with intersex condition(...)', 'gender non-conforming people --- for people not conforming with expected gender norms(...)', 'genderfluid people(...)']","['intersex person(...)', 'person with intersex condition(...)', 'gender non-conforming person --- for a person not conforming with expected gender expression(...)', 'genderfluid person(...)']",
husband,s,unconscious_bias,gender_identity,gender_identity,"['spouse', 'marital partner', 'life partner', 'partner', 'significant other', 'better half', 'domestic partner', 'married person', 'spouses', 'marital partners', 'life partners', 'partners', 'significant others', 'better halves', 'domestic partners', 'married people']","['spouses', 'marital partners', 'life partners', 'partners', 'significant others', 'better halves', 'domestic partners', 'married people']","['spouse', 'marital partner', 'life partner', 'partner', 'significant other', 'better half', 'domestic partner', 'married person', 'spouses', 'marital partners', 'life partners', 'partners', 'significant others', 'better halves', 'domestic partners', 'married people']",
kinsman,s,unconscious_bias,gender_identity,gender_identity,"['relative', 'family member', 'relatives', 'family members', 'someone related by birth(...)', 'family member who identifies as male(...)']","['relatives', 'family members', 'people related by birth(...)', 'family members who identify as male(...)']","['relative', 'family member', 'someone related by birth(...)', 'family member who identifies as male(...)', 'relatives', 'family members']",
lady,s,unconscious_bias,gender_identity,gender_identity,"['woman', 'you', 'polite person', 'well-mannered individual', 'team', 'folks', 'polite people', 'friends', 'you all', 'everyone']","['folks', 'polite people', 'friends', 'you all', 'everyone', 'team']","['woman', 'you', 'polite person', 'well-mannered individual', 'team', 'folks', 'polite people', 'friends', 'you all', 'everyone']",
menstruator,s,unconscious_bias,gender_identity,gender_identity,['individual with monthly bleeding(...)'],['individuals with monthly bleeding(...)'],['individual with monthly bleeding(...)'],
mother,s,unconscious_bias,gender_identity,gender_identity,"['parent', 'they', 'genetic mother', 'birth mother', '--- only if self-identifies as such', 'parents', 'creatives', 'creative mind (behind)(...)']","['parents', 'creatives', '--- only if self-identifies as such', 'creative minds (behind)(...)']","['--- only if self-identifies as such', 'parent', 'they', 'genetic mother', 'birth mother', 'creative mind (behind)(...)', 'parents', 'creatives']",genetic mother | birth mother | camp mother
sister,s,unconscious_bias,gender_identity,gender_identity,"['sibling', 'siblings']",['siblings'],"['sibling', 'siblings']",
son,s,unconscious_bias,gender_identity,gender_identity,"['child', 'offspring', 'progeny', 'they', 'children', 'offspring', 'progeny']","['children', 'offspring', 'progeny']","['child', 'offspring', 'progeny', 'they', 'children', 'offspring', 'progeny']",biological son | genetic son
trans-man,s,unconscious_bias,gender_identity,gender_identity,"['man', 'trans person', 'man who was assigned female at birth', 'trans community', 'men', 'trans people', 'men who were assigned female at birth']","['men', 'trans people', 'men who were assigned female at birth', 'trans community']","['man', 'trans person', 'man who was assigned female at birth', 'trans community', 'men', 'trans people', 'men who were assigned female at birth']",
trans-woman,s,unconscious_bias,gender_identity,gender_identity,"['woman', 'trans person', 'woman who was assigned male at birth', 'womxn --- UK', 'trans community', 'women', 'trans people', 'women who were assigned male at birth']","['women', 'trans people', 'women who were assigned male at birth', 'trans community']","['woman', 'trans person', 'woman who was assigned male at birth', 'womxn --- UK', 'trans community', 'women', 'trans people', 'women who were assigned male at birth']",
uncle,s,unconscious_bias,gender_identity,gender_identity,"['pibling', 'they', 'piblings', ""parent's sibling(...)""]","['piblings', ""parent's siblings(...)"", ""parents' siblings(...)""]","['pibling', 'they', ""parent's sibling(...)"", 'piblings']",
uterus-havers,s,unconscious_bias,gender_identity,gender_identity,['person with a uterus(...)'],['individuals with a uterus(...)'],['person with a uterus(...)'],
woman,s,unconscious_bias,gender_identity,gender_identity,"['person', 'adult', 'individual', 'you', 'people', 'team', 'crowd', 'all', 'you all', 'persons', 'everyone', 'person who self-identifies as female(...)', 'person who presents themselves in a culturally feminine way(...)']","['people', 'team', 'crowd', 'all', 'you all', 'persons', 'everyone', 'people who self-identify as female(...)', 'poeple who present themselves in a culturally feminine way(...)']","['person', 'adult', 'individual', 'you', 'person who self-identifies as female(...)', 'person who presents themselves in a culturally feminine way(...)', 'people', 'team', 'crowd', 'all', 'you all', 'persons', 'everyone']",
AIDS victim,|s,unconscious_bias,medical_state,medical_state,"['person with AIDS(...)', 'person living with HIV(...)']",['people with AIDS(...)'],"['person with AIDS(...)', 'person living with HIV(...)']",
alcoholic,s,unconscious_bias,medical_state,medical_state,"['person with alcohol use disorder(...)', 'individual who misuses alcohol(...)', 'someone who engages in unhealthy alcohol use(...)', 'person who engages in hazardous alcohol use(...)']","['people with alcohol use disorder(...)', 'individuals who misuse alcohol(...)', 'people who engage in unhealthy alcohol use(...)', 'people who engage in hazardous alcohol use(...)']","['person with alcohol use disorder(...)', 'individual who misuses alcohol(...)', 'someone who engages in unhealthy alcohol use(...)', 'person who engages in hazardous alcohol use(...)']",
cretin,s,unconscious_bias,medical_state,medical_state,"['hypothyroidism', 'person with learning difficulties due to congenital thyroid deficiency(...)', 'ignorant person(...)', 'lacking understanding(...)', 'lacking impulse control(...)', 'reckless(...)', 'uninformed(...)', 'silly(...)']","['hypothyroidism', 'people with learning difficulties due to congenital thyroid deficiency(...)', 'oblivious(...)', 'dense(...)', 'ignorant(...)', 'lacking understanding(...)', 'reckless(...)']","['hypothyroidism', 'person with learning difficulties due to congenital thyroid deficiency(...)', 'ignorant person(...)', 'lacking understanding(...)', 'lacking impulse control(...)', 'reckless(...)', 'uninformed(...)', 'silly(...)']",
deformity,s,unconscious_bias,medical_state,medical_state,"['dysmorphic feature', 'dysmorphism', 'dysmorphic features']","['dysmorphic features', 'dysmorphism']","['dysmorphism', 'dysmorphic feature', 'dysmorphic features']",
disfigurement,s,unconscious_bias,medical_state,medical_state,"['dysmorphic feature', 'dysmorphism', 'dysmorphic features']","['dysmorphic features', 'dysmorphism']","['dysmorphism', 'dysmorphic feature', 'dysmorphic features']",
druggie,s,unconscious_bias,medical_state,medical_state,"['person with a substance use disorder(...)', 'Person with an opioid use disorder (OUD)(...)', 'person with opioid addiction(...)']","['people with a substance use disorder(...)', 'people with an opioid use disorder (OUD)(...)', 'people with opioid addiction(...)']","['person with a substance use disorder(...)', 'Person with an opioid use disorder (OUD)(...)', 'person with opioid addiction(...)']",
epileptic,s,unconscious_bias,medical_state,medical_state,"['person who has epileptic seizures(...)', 'someone with epilepsy(...)']",['people who has epileptic seizures(...)'],"['person who has epileptic seizures(...)', 'someone with epilepsy(...)']",epileptic seizure | epileptic episode | epileptic seizures | epileptic episodes
flid,s,unconscious_bias,medical_state,medical_state,['person with phocomelia(...)'],['people with phocomelia(...)'],['person with phocomelia(...)'],
habit,s,unconscious_bias,medical_state,medical_state,"['substance use disorder', 'substance use disorder (SUD)', '--- referring to substance use']",['--- referring to substance use'],"['--- referring to substance use', 'substance use disorder', 'substance use disorder (SUD)']",
harelip,s,unconscious_bias,medical_state,medical_state,"['cleft lip', 'cleft palate', 'cleft lip and palate', 'cleft lips', 'cleft palates', 'cleft lips and palates']","['cleft lips', 'cleft palates', 'cleft lips and palates']","['cleft lip', 'cleft palate', 'cleft lip and palate', 'cleft lips', 'cleft palates', 'cleft lips and palates']",
junkie,s,unconscious_bias,medical_state,medical_state,"['person with a substance use disorder(...)', 'Person with an opioid use disorder (OUD)(...)', 'person with opioid addiction(...)']","['people with a substance use disorder(...)', 'people with an opioid use disorder (OUD)(...)', 'people with opioid addiction(...)']","['person with a substance use disorder(...)', 'Person with an opioid use disorder (OUD)(...)', 'person with opioid addiction(...)']",
midget,s,unconscious_bias,medical_state,medical_state,"['person with restricted growth(...)', 'person of short stature(...)']","['persons with restricted growth(...)', 'persons of short stature(...)']","['person with restricted growth(...)', 'person of short stature(...)']",
mong,s,unconscious_bias,medical_state,medical_state,"['person with Down Syndrome(...)', 'person with Trisomy 21(...)']","['people with Down Syndrome(...)', 'people with Trisomy 21(...)']","['person with Down Syndrome(...)', 'person with Trisomy 21(...)']",
mongol,s,unconscious_bias,medical_state,medical_state,"['person with Down Syndrome(...)', 'person with Trisomy 21(...)']","['people with Down Syndrome(...)', 'people with Trisomy 21(...)']","['person with Down Syndrome(...)', 'person with Trisomy 21(...)']",
mongoloid,s,unconscious_bias,medical_state,medical_state,"['person with Down Syndrome(...)', 'person with Trisomy 21(...)']","['people with Down Syndrome(...)', 'people with Trisomy 21(...)']","['person with Down Syndrome(...)', 'person with Trisomy 21(...)']",
moron,s,unconscious_bias,medical_state,medical_state,"['person with mental impairment(...)', 'person with psychiatric disabilities(...)', 'person with intellectual impairment(...)', 'person with a learning disability(...)', 'oblivious person(...)', 'ignorant person(...)', 'someone lacking understanding(...)', 'reckless person(...)', 'someone who acts silly(...)']","['people with mental impairments(...)', 'people with psychiatric disabilities(...)', 'people with intellectual impairments(...)', 'people with learning disabilities(...)', 'oblivious people(...)', 'ignorant people(...)', 'people lacking understanding(...)', 'reckless people(...)', 'people who act silly(...)']","['person with mental impairment(...)', 'person with psychiatric disabilities(...)', 'person with intellectual impairment(...)', 'person with a learning disability(...)', 'oblivious person(...)', 'ignorant person(...)', 'someone lacking understanding(...)', 'reckless person(...)', 'someone who acts silly(...)']",
spaz,s,unconscious_bias,medical_state,medical_state,"['person with cerebral palsy(...)', 'person who is klutzy(...)', 'clumsy person(...)', 'forgetful person(...)', 'someone who lacks impulse control(...)', 'reckless person(...)']","['people with cerebral palsy(...)', 'people who is klutzy(...)', 'clumsy people(...)', 'forgetful people(...)', 'people who lack impulse control(...)', 'reckless people(...)']","['person with cerebral palsy(...)', 'person who is klutzy(...)', 'clumsy person(...)', 'forgetful person(...)', 'someone who lacks impulse control(...)', 'reckless person(...)']",
stutterer,s,unconscious_bias,medical_state,medical_state,"['person with a speech impairment(...)', 'person with a communication disability(...)', 'nervous(...)', 'anxious(...)']","['people with a speech impairment(...)', 'people with a communication disability(...)']","['person with a speech impairment(...)', 'person with a communication disability(...)', 'nervous(...)', 'anxious(...)']",
workaholic,s,unconscious_bias,mental_wellbeing,mental_wellbeing,"['person in need of work-life balance(...)', 'person who puts work first(...)', 'someone in danger of burnout(...)', 'person who works excessively and compulsively(...)', 'person unable to disengage from work(...)']","['people in need of work-life balance(...)', 'people who put work first(...)', 'people in danger of burnout(...)', 'people who work excessively and compulsively(...)', 'people unable to disengage from work(...)']","['person in need of work-life balance(...)', 'person who puts work first(...)', 'someone in danger of burnout(...)', 'person who works excessively and compulsively(...)', 'person unable to disengage from work(...)']",
ghetto,s,unconscious_bias,migration,migration,"['((use neighborhood name))', 'marginalized urban community', 'low-income neighborhood', 'under-served city population', '((use neighborhood names))', 'marginalized urban communities', 'low-income neighborhoods', 'under-served city populations', 'residential area created through reinforced settlement policies aiming to segregate based on concepts, such as race, religion, class, culture, or ethnicity(...)']","['((use neighborhood names))', 'marginalized urban communities', 'low-income neighborhoods', 'under-served city populations', 'residential areas created through reinforced settlement policies aiming to segregate based on concepts, such as race, religion, class, culture, or ethnicity(...)']","['((use neighborhood name))', 'marginalized urban community', 'low-income neighborhood', 'under-served city population', 'residential area created through reinforced settlement policies aiming to segregate based on concepts, such as race, religion, class, culture, or ethnicity(...)', '((use neighborhood names))', 'marginalized urban communities', 'low-income neighborhoods', 'under-served city populations']",
illegal,s,unconscious_bias,migration,migration,"['undocumented person', 'irregular migrant', 'non-documented migrant', 'undocumented people', 'irregular migrants', 'non-documented migrants', 'person with a migratory background(...)', 'person who has migrated into their present country of residence(...)']","['undocumented people', 'irregular migrants', 'non-documented migrants', 'people with a migration background(...)', 'individuals who have migrated into their present country of residence(...)']","['undocumented person', 'irregular migrant', 'non-documented migrant', 'person with a migratory background(...)', 'person who has migrated into their present country of residence(...)', 'undocumented people', 'irregular migrants', 'non-documented migrants']",
immigrant,s,unconscious_bias,migration,migration,"['person with a migratory background(...)', 'someone who migrated into their present country of residence(...)', 'person in search of a better life(...)', 'person in search of the American Dream(...)', 'person who has at least one parent who entered their present country of residence as a migrant(...)']","['people with a migratory background(...)', 'people who have migrated into their present country of residence(...)', 'people in search of a better life(...)', 'people in search of the American Dream(...)', 'people who have at least one parent who entered their present country of residence as a migrant(...)']","['person with a migratory background(...)', 'someone who migrated into their present country of residence(...)', 'person in search of a better life(...)', 'person in search of the American Dream(...)', 'person who has at least one parent who entered their present country of residence as a migrant(...)']",
latina,s,unconscious_bias,migration,migration,"['Latinx --- pronounced La-teen-ex (US)', 'Latine', '--- only if the person prefers the term', 'Latinxs --- pronounced La-teen-ex (US)', 'Latine', 'person with cultural ties to Latin America(...)', 'someone of Latin American descent(...)']","['Latinxs --- pronounced La-teen-ex (US)', 'Latine', '--- only if the person prefers the term', 'people with cultural ties to Latin America(...)', 'people of Latin American descent(...)']","['--- only if the person prefers the term', 'Latinx --- pronounced La-teen-ex (US)', 'Latine', 'person with cultural ties to Latin America(...)', 'someone of Latin American descent(...)', 'Latinxs --- pronounced La-teen-ex (US)', 'Latine']",
latino,s,unconscious_bias,migration,migration,"['Latinx --- pronounced La-teen-ex (US)', 'Latine', '--- only if the person prefers the term', 'Latinxs --- pronounced La-teen-ex (US)', 'Latine', 'person with cultural ties to Latin America(...)', 'someone of Latin American descent(...)']","['Latinxs --- pronounced La-teen-ex (US)', 'Latine', '--- only if the person prefers the term', 'people with cultural ties to Latin America(...)', 'people of Latin American descent(...)']","['--- only if the person prefers the term', 'Latinx --- pronounced La-teen-ex (US)', 'Latine', 'person with cultural ties to Latin America(...)', 'someone of Latin American descent(...)', 'Latinxs --- pronounced La-teen-ex (US)', 'Latine']",
minority,s,unconscious_bias,migration,migration,"['underrepresented group', 'traditionally underrepresented group', 'underrepresented groups', 'traditionally underrepresented groups']","['underrepresented groups', 'traditionally underrepresented groups']","['underrepresented group', 'traditionally underrepresented group', 'underrepresented groups', 'traditionally underrepresented groups']",Minority Ethnic | minority shareholder | minority shareholders | minority enterprise | minority enterprises | minority interest | minority interests | in the minority
crip,s,unconscious_bias,mobility,mobility,"['person with a physical impairment(...)', 'person with a mobility impairment(...)', 'paralyzed person(...)']","['people with physical impairments(...)', 'people with mobility impairments(...)', 'paralyzed people (...)']","['person with a physical impairment(...)', 'person with a mobility impairment(...)', 'paralyzed person(...)']",
gimp,s,unconscious_bias,mobility,mobility,"['someone who walks with a cane(...)', 'person who uses leg braces(...)']","['people who walks with a cane(...)', 'people who uses leg braces(...)']","['someone who walks with a cane(...)', 'person who uses leg braces(...)']",
invalid,s,unconscious_bias,mobility,mobility,"['person with a physical disability(...)', 'person with disabilities(...)', 'someone with a mobility disability(...)']","['people with a physical disability(...)', 'individuals with mobility disabilities(...)', 'people with a mobility disability(...)']","['person with a physical disability(...)', 'person with disabilities(...)', 'someone with a mobility disability(...)']",
bushman,s,unconscious_bias,racist_source,racist_source,"['local', 'aboriginal', 'aborigine', 'indigenous person', 'locals', 'aboriginals', 'aborigines', 'indigenous people']","['locals', 'aboriginals', 'aborigines', 'indigenous people']","['local', 'aboriginal', 'aborigine', 'indigenous person', 'locals', 'aboriginals', 'aborigines', 'indigenous people']",
chinaman,s,unconscious_bias,racist_source,racist_source,"['Chinese', 'someone of Chinese heritage', 'person born in China', 'Chinese', 'people of Chinese heritage', 'people born in China']","['Chinese', 'people of Chinese heritage', 'people born in China']","['Chinese', 'someone of Chinese heritage', 'person born in China', 'Chinese', 'people of Chinese heritage', 'people born in China']",
gypsy,s,unconscious_bias,racist_source,racist_source,"['Sintiza', 'Sintitsa', 'Sinto', 'Romni', 'Rom', 'Sinti and Roma', 'Romani', 'Romanes', 'Sinte', 'traveler communities', 'Sintize and Sinti', 'Romnja and Roma']","['Sinti and Roma', 'Romani', 'Romanes', 'Sinte', 'traveler communities', 'Sintize and Sinti', 'Romnja and Roma']","['Sintiza', 'Sintitsa', 'Sinto', 'Romni', 'Rom', 'Sinti and Roma', 'Romani', 'Romanes', 'Sinte', 'traveler communities', 'Sintize and Sinti', 'Romnja and Roma']",
hispanic,s,unconscious_bias,racist_source,racist_source,"['Latinx --- pronounced La-teen-ex (US)', 'Latine', 'Latino', 'Latina', '-', 'Latinxs --- pronounced La-teen-ex (US)', 'Latinos', 'Latinas', 'Latine', 'person from a Spanish-speaking culture(...)', 'person with ancestors from a Spanish-speaking culture (...)', 'related to Spain, the Spanish language, or Hispanidad(...)']","['Latinxs --- pronounced La-teen-ex (US)', 'Latinos', 'Latinas', 'Latine', '-', 'people from a Spanish-speaking culture(...)', 'people with ancestors from a Spanish-speaking culture (...)', 'related to Spain, the Spanish language, or Hispanidad(...)']","['-', 'Latinx --- pronounced La-teen-ex (US)', 'Latine', 'Latino', 'Latina', 'person from a Spanish-speaking culture(...)', 'person with ancestors from a Spanish-speaking culture (...)', 'related to Spain, the Spanish language, or Hispanidad(...)', 'Latinxs --- pronounced La-teen-ex (US)', 'Latinos', 'Latinas', 'Latine']",
pow-wow,s,unconscious_bias,racist_source,racist_source,"['debate', 'meeting', 'discussion', 'standup', 'celebration of Native American heritage', 'debates', 'meetings', 'discussions', 'standups', 'celebrations of Native American heritage']","['debates', 'meetings', 'discussions', 'standups', 'celebrations of Native American heritage']","['debate', 'meeting', 'discussion', 'standup', 'celebration of Native American heritage', 'debates', 'meetings', 'discussions', 'standups', 'celebrations of Native American heritage']",
sammy,s,unconscious_bias,racist_source,racist_source,"['fruit and vegetable vendor', 'Indian', 'person of Indian descent', 'someone born in India', 'fruit and vegetable vendors', 'Indians', 'people of Indian descent', 'people born in India']","['fruit and vegetable vendors', 'Indians', 'people of Indian descent', 'people born in India']","['fruit and vegetable vendor', 'Indian', 'person of Indian descent', 'someone born in India', 'fruit and vegetable vendors', 'Indians', 'people of Indian descent', 'people born in India']",
slave,s,unconscious_bias,racist_source,racist_source,"['follower --- in technology', 'replica --- in technology', 'subordinate --- in technology', 'human trafficking', 'followers --- in technology', 'replicas --- in technology', 'subordinates --- in technology', 'enslaved person(...)', 'person who was enslaved(...)']","['followers --- in technology', 'replicas --- in technology', 'subordinates --- in technology', 'human trafficking', 'enslaved people(...)', 'people who were enslaved(...)']","['human trafficking', 'follower --- in technology', 'replica --- in technology', 'subordinate --- in technology', 'enslaved person(...)', 'person who was enslaved(...)', 'followers --- in technology', 'replicas --- in technology', 'subordinates --- in technology']",
thug,s,unconscious_bias,racist_source,racist_source,"['suspect', 'criminal', '-', 'suspects', 'criminals', 'someone with a history of violence(...)']","['suspects', 'criminals', '-', 'people with a history of violence(...)']","['-', 'suspect', 'criminal', 'someone with a history of violence(...)', 'suspects', 'criminals']",
tribe,s,unconscious_bias,racist_source,racist_source,"['friend group', 'network', 'community', 'friend groups', 'networks', 'communities']","['friend groups', 'networks', 'communities']","['friend group', 'network', 'community', 'friend groups', 'networks', 'communities']",
whitelist,s,unconscious_bias,racist_source,racist_source,"['allow list', 'pass list', 'include list', 'prefer list', 'allow lists', 'pass lists', 'include lists', 'prefer lists']","['allow lists', 'pass lists', 'include lists', 'prefer lists']","['allow list', 'pass list', 'include list', 'prefer list', 'allow lists', 'pass lists', 'include lists', 'prefer lists']",
wife,s,unconscious_bias,sexual_orientation,sexual_orientation,"['spouse', 'marital partner', 'life partner', 'partner', 'domestic partner', 'significant other', 'better half', 'they', 'spouses', 'marital partners', 'life partners', 'partners', 'domestic partners', 'significant others', 'better halves']","['spouses', 'marital partners', 'life partners', 'partners', 'domestic partners', 'significant others', 'better halves']","['spouse', 'marital partner', 'life partner', 'partner', 'domestic partner', 'significant other', 'better half', 'they', 'spouses', 'marital partners', 'life partners', 'partners', 'domestic partners', 'significant others', 'better halves']",
goal-getter,s,unconscious_bias,sports_terms,sports_terms,"['person who continues despite difficulties(...)', 'person devoted to their purpose(...)', 'someone who sticks to their goal(...)', 'person happy to see (...) through']","['people who continue despite difficulties(...)', 'people devoted to their purposes(...)', 'people who stick to their goals(...)', 'people happy to see (...) through']","['person who continues despite difficulties(...)', 'person devoted to their purpose(...)', 'someone who sticks to their goal(...)', 'person happy to see (...) through']",
eye-opener,s,unconscious_bias,vision,vision,"['shocking', 'real surprise', 'enlightening', 'wake-up call', 'shocking news', 'real surprises', 'wake-up calls', 'startling situation(...)', 'revelation(...)']","['shocking news', 'real surprises', 'wake-up calls', 'startling situations(...)', 'revelations(...)']","['shocking', 'real surprise', 'enlightening', 'wake-up call', 'startling situation(...)', 'revelation(...)', 'shocking news', 'real surprises', 'wake-up calls']",
