Lemma,Word_Type,Priority,Category,Primary_subcategory,Sg_all_split,Pl_all_split,Alt_split
Are you blind?,i,1,unconscious_bias,visual_impairment,"[""Don't you see?""]",[''],"[""Don't you see?""]"
Black Belt,s,18-01-2022,unconscious_bias,sports_terms,"['skilled person', 'very proficient person', 'curageous person', 'they', 'skilled people', 'very proficient people', 'curageous people']","['skilled people', 'very proficient people', 'curageous people']","['skilled person', 'very proficient person', 'curageous person', 'they', 'skilled people', 'very proficient people', 'curageous people']"
Disability Adjusted Life Years,s,,unconscious_bias,ability,"['-', '(metric that confuses quality of life with health, avoid if possible)']",['-'],"['-', '(metric that confuses quality of life with health, avoid if possible)']"
Disability Free Life Years,s,,unconscious_bias,ability,"['-', '(metric that confuses quality of life with health, avoid if possible)']",['-'],"['-', '(metric that confuses quality of life with health, avoid if possible)']"
Quality Adjusted Life Years,s,,unconscious_bias,ability,"['-', '(metric that confuses quality of life with health, avoid if possible)']",['-'],"['-', '(metric that confuses quality of life with health, avoid if possible)']"
See you soon,i,26-01-22,unconscious_bias,visual_impairment,"['Be in touch soon', 'Hope to connect soon', 'Hope to welcome you soon']",[''],"['Be in touch soon', 'Hope to connect soon', 'Hope to welcome you soon']"
a fit,a,1,unconscious_bias,medical_condition,"['an epileptic seizure', 'an epileptic episode', 'a n outburst', 'a melt-down', 'a tantrum']",[''],"['an epileptic seizure', 'an epileptic episode', 'a n outburst', 'a melt-down', 'a tantrum']"
a good competition,i,21-01-2022,unconscious_bias,agentic,"['opportunities to show what we can do', 'an opportunity to present ideas', 'an inspiring show of ideas and thoughts ']",[''],"['opportunities to show what we can do', 'an opportunity to present ideas', 'an inspiring show of ideas and thoughts ']"
able bodied,a,1,unconscious_bias,ability,"['without disability', 'without impairment', 'typical']",[''],"['without disability', 'without impairment', 'typical']"
afflicted with,a,1,unconscious_bias,ability,"['has (name of condition or disability)', 'has a disability', 'person with a disability', 'someone with a medical condition']",[''],"['has (name of condition or disability)', 'has a disability', 'person with a disability', 'someone with a medical condition']"
at the front line,i,,unconscious_bias,military_source,"['at the forefront', 'in the foremost position', 'where the hardest work is done', 'where the most important work is done', 'in the most influential position in a debate']",[''],"['at the forefront', 'in the foremost position', 'where the hardest work is done', 'where the most important work is done', 'in the most influential position in a debate']"
at the front-line,i,,unconscious_bias,military_source,"['at the forefront', 'in the foremost position', 'where the hardest work is done', 'where the most important work is done', 'in the most influential position in a debate']",[''],"['at the forefront', 'in the foremost position', 'where the hardest work is done', 'where the most important work is done', 'in the most influential position in a debate']"
at the frontline,i,,unconscious_bias,military_source,"['at the forefront', 'in the foremost position', 'where the hardest work is done', 'where the most important work is done', 'in the most influential position in a debate']",[''],"['at the forefront', 'in the foremost position', 'where the hardest work is done', 'where the most important work is done', 'in the most influential position in a debate']"
be special needs,v+a+s,1,unconscious_bias,ability,"['have a disability', 'have an impairment', 'require specialized assistance', 'require additional services', 'need special help or care', 'offer specialized support', 'provide specialized care', 'meet the (educational, living, mobility, ...) requirements of students (people) with a disability']",[''],"['have a disability', 'have an impairment', 'require specialized assistance', 'require additional services', 'need special help or care', 'offer specialized support', 'provide specialized care', 'meet the (educational, living, mobility, ...) requirements of students (people) with a disability']"
belong on the short bus,i,,unconscious_bias,mental_impairment,"['dense', 'ignorant', 'lacking understanding', 'impulsive', 'risk-taking', 'uninformed', 'silly', 'foolish']",[''],"['dense', 'ignorant', 'lacking understanding', 'impulsive', 'risk-taking', 'uninformed', 'silly', 'foolish']"
belong on the short-bus,i,,unconscious_bias,mental_impairment,"['dense', 'ignorant', 'lacking understanding', 'impulsive', 'risk-taking', 'uninformed', 'silly', 'foolish']",[''],"['dense', 'ignorant', 'lacking understanding', 'impulsive', 'risk-taking', 'uninformed', 'silly', 'foolish']"
belong on the shortbus,i,,unconscious_bias,mental_impairment,"['dense', 'ignorant', 'lacking understanding', 'impulsive', 'risk-taking', 'uninformed', 'silly', 'foolish']",[''],"['dense', 'ignorant', 'lacking understanding', 'impulsive', 'risk-taking', 'uninformed', 'silly', 'foolish']"
birth defect,s,1,unconscious_bias,medical_condition,"['born with a congenital disability', 'birth anomaly']",[''],"['born with a congenital disability', 'birth anomaly']"
black mark,s,,unconscious_bias,racist_source,"['indication of failure', 'indication of censure', 'something someone has done that spoils their reputation', 'something that makes a person lose face']",[''],"['indication of failure', 'indication of censure', 'something someone has done that spoils their reputation', 'something that makes a person lose face']"
black sheep,a+s,,unconscious_bias,racist_source,"['person excluded from a society/system', 'someone who spends their time idling and doing nothing in particular', 'person who disobeys/breaks rules/laws', 'wild and reckless person', 'person who does not succeed as expected', 'a homeless person']",[''],"['person excluded from a society/system', 'someone who spends their time idling and doing nothing in particular', 'person who disobeys/breaks rules/laws', 'wild and reckless person', 'person who does not succeed as expected', 'a homeless person']"
blind as a bat,i,1,unconscious_bias,visual_impairment,"['with a poor sense of vision', ""unable to see things clearly unless they are close to one's eyes"", 'near-sighted', 'short-sighted', 'with a visual impairment']",[''],"['with a poor sense of vision', ""unable to see things clearly unless they are close to one's eyes"", 'near-sighted', 'short-sighted', 'with a visual impairment']"
blind leading the blind,i,1,unconscious_bias,visual_impairment,"['an unqualified person attempting to guide (advise, train) others']",[''],"['an unqualified person attempting to guide (advise, train) others']"
blind sided,a,1,unconscious_bias,visual_impairment,"['awestruck', 'astounded', 'bewildered', 'confused', 'hit unexpectedly', 'caught unaware', 'blown away']",[''],"['awestruck', 'astounded', 'bewildered', 'confused', 'hit unexpectedly', 'caught unaware', 'blown away']"
blind spot,a+s,1,unconscious_bias,visual_impairment,"['lack of perception', 'unseen area', ""mote in one's eye"", 'obstruction', 'oversight', 'weakness', 'deficiency', 'weak point', 'drawback', 'fault']",[''],"['lack of perception', 'unseen area', ""mote in one's eye"", 'obstruction', 'oversight', 'weakness', 'deficiency', 'weak point', 'drawback', 'fault']"
blind to,a,1,unconscious_bias,visual_impairment,"['deliberately ignoring', 'feigning ignorance about', 'ignorant of (...)', ""turning one's back on (...)"", 'overcome by prejudice']",[''],"['deliberately ignoring', 'feigning ignorance about', 'ignorant of (...)', ""turning one's back on (...)"", 'overcome by prejudice']"
blinded by,a,1,unconscious_bias,visual_impairment,"['overcome by', 'obsessed with', 'influenced by (...) in a way it colors actions and perceptions']",[''],"['overcome by', 'obsessed with', 'influenced by (...) in a way it colors actions and perceptions']"
bound to a wheelchair,a+s,1,unconscious_bias,mobility_impairment,"['uses a wheelchair', 'wheelchair-user', 'in a wheelchair', 'began using a wheelchair', 'needs a wheelchair', 'is a full-time wheelchair-user']",[''],"['uses a wheelchair', 'wheelchair-user', 'in a wheelchair', 'began using a wheelchair', 'needs a wheelchair', 'is a full-time wheelchair-user']"
boys and girls,i,,unconscious_bias,gender_identity,"['children', 'kids', 'they']",[''],"['children', 'kids', 'they']"
brain damaged,a,1,unconscious_bias,mental_impairment,"['has neurotrauma', 'has severe brain trauma', 'has a head injury']",[''],"['has neurotrauma', 'has severe brain trauma', 'has a head injury']"
brothers and sisters,i,,unconscious_bias,gender_identity,['siblings'],[''],['siblings']
burn victim,s,1,unconscious_bias,medical_condition,"['burn survivor', 'person with significant scarring from burns']",[''],"['burn survivor', 'person with significant scarring from burns']"
catch flak,v+s,,unconscious_bias,military_source,"['receive a lot of criticism', 'get a lot of teasing', 'meet with heavy opposition']",[''],"['receive a lot of criticism', 'get a lot of teasing', 'meet with heavy opposition']"
confined to a wheelchair,a+s,1,unconscious_bias,mobility_impairment,"['uses a wheelchair', 'wheelchair-user', 'in a wheelchair', 'began using a wheelchair', 'needs/requires a wheelchair', 'is a full-time wheelchair-user']",[''],"['uses a wheelchair', 'wheelchair-user', 'in a wheelchair', 'began using a wheelchair', 'needs/requires a wheelchair', 'is a full-time wheelchair-user']"
deaf mute,a,1,unconscious_bias,hearing_speech_impairment,"['Deaf person', 'non-speaking Deaf person', 'signing Deaf person', 'hard of hearing person', 'DeafBlind person', 'ASL user', 'ASL speaker', 'signer']",[''],"['Deaf person', 'non-speaking Deaf person', 'signing Deaf person', 'hard of hearing person', 'DeafBlind person', 'ASL user', 'ASL speaker', 'signer']"
deaf to,a,1,unconscious_bias,hearing_speech_impairment,"['willfully ignorant', 'deliberately ignoring']",[''],"['willfully ignorant', 'deliberately ignoring']"
different abilities,a+s,,unconscious_bias,ability,"['disabilities', 'neurodiversity', 'differences', 'ability status']",[''],"['disabilities', 'neurodiversity', 'differences', 'ability status']"
differently abled,adv+a,1,unconscious_bias,ability,"['atypical', 'neurodiverse', 'person with a disability', 'has a disability', 'of a different ability status']",[''],"['atypical', 'neurodiverse', 'person with a disability', 'has a disability', 'of a different ability status']"
dim witted,a,1,unconscious_bias,mental_impairment,"['dense', 'ignorant', 'lacking understanding', 'impulsive', 'being a risk-taker', 'uninformed', 'silly', 'foolish', 'person with mental impairment', 'person with psychiatric disabilities', 'person with intellectual disability']",[''],"['dense', 'ignorant', 'lacking understanding', 'impulsive', 'being a risk-taker', 'uninformed', 'silly', 'foolish', 'person with mental impairment', 'person with psychiatric disabilities', 'person with intellectual disability']"
double blind review,a+s,1,unconscious_bias,visual_impairment,"['anonymous review', 'identity-hidden review', 'double-anonymous review']",[''],"['anonymous review', 'identity-hidden review', 'double-anonymous review']"
double-blind review,a+s,1,unconscious_bias,visual_impairment,"['anonymous review', 'identity-hidden review', 'double-anonymous review']",[''],"['anonymous review', 'identity-hidden review', 'double-anonymous review']"
doubleblind review,a+s,1,unconscious_bias,visual_impairment,"['anonymous review', 'identity-hidden review', 'double-anonymous review']",[''],"['anonymous review', 'identity-hidden review', 'double-anonymous review']"
down to the wire,i,18-01-2022,unconscious_bias,sports_terms,"['right up to the deadline', 'to the very end', 'until the last possible second', 'undecided until the very last moment']",[''],"['right up to the deadline', 'to the very end', 'until the last possible second', 'undecided until the very last moment']"
dried up,a,,unconscious_bias,age_old,['older'],[''],['older']
drop the ball,i,18-01-2022,unconscious_bias,sports_terms,"['make a mistake', 'miss an opportunity', 'mishandle things', 'hesitate too long']",[''],"['make a mistake', 'miss an opportunity', 'mishandle things', 'hesitate too long']"
eye opener,s,1,unconscious_bias,visual_impairment,"['utterly shocking', 'real surprise', 'startling (situation, revelation, ...)']",[''],"['utterly shocking', 'real surprise', 'startling (situation, revelation, ...)']"
feeble minded,a,1,unconscious_bias,ability,"['person with mental impairment', 'person with a learning disability', 'person with psychiatric disabilities']",[''],"['person with mental impairment', 'person with a learning disability', 'person with psychiatric disabilities']"
female judge,a+s,,unconscious_bias,gender_identity,"['judge', 'they']",[''],"['judge', 'they']"
female physician,a+s,,unconscious_bias,gender_identity,"['physician', 'they']",[''],"['physician', 'they']"
first name,a+s,26-01-22,unconscious_bias,sexual_identity,['given name'],[''],['given name']
fly blind,v+a,1,unconscious_bias,visual_impairment,"['have nothing to guide you', 'working without support from others']",[''],"['have nothing to guide you', 'working without support from others']"
game plan,s,18-01-2022,unconscious_bias,sports_terms,"['strategy', 'plan']",[''],"['strategy', 'plan']"
get flak,v+s,,unconscious_bias,military_source,"['receive a lot of criticism', 'get a lot of teasing', 'meet with heavy opposition']",[''],"['receive a lot of criticism', 'get a lot of teasing', 'meet with heavy opposition']"
go the extra mile,s,22-02-2022,unconscious_bias,agentic,"['think ahead', 'make a special effort', 'make customers happy', 'find creative solutions to customer requests', 'delight and retain customers through unexpected generosity and unusual solutions']",[''],"['think ahead', 'make a special effort', 'make customers happy', 'find creative solutions to customer requests', 'delight and retain customers through unexpected generosity and unusual solutions']"
go the extra-mile,s,22-02-2022,unconscious_bias,agentic,"['think ahead', 'make a special effort', 'make customers happy', 'find creative solutions to customer requests', 'delight and retain customers through unexpected generosity and unusual solutions']",[''],"['think ahead', 'make a special effort', 'make customers happy', 'find creative solutions to customer requests', 'delight and retain customers through unexpected generosity and unusual solutions']"
go the extramile,s,22-02-2022,unconscious_bias,agentic,"['think ahead', 'make a special effort', 'make customers happy', 'find creative solutions to customer requests', 'delight and retain customers through unexpected generosity and unusual solutions']",[''],"['think ahead', 'make a special effort', 'make customers happy', 'find creative solutions to customer requests', 'delight and retain customers through unexpected generosity and unusual solutions']"
goal getter,s,1,unconscious_bias,sports_terms,"['person who continues despite difficulties/opposition', 'person devoted/loyal to their purpose', 'someone who sticks to their goal', 'person happy/willing to see (something) through']",[''],"['person who continues despite difficulties/opposition', 'person devoted/loyal to their purpose', 'someone who sticks to their goal', 'person happy/willing to see (something) through']"
goes the extra mile,i,22-02-2022,unconscious_bias,agentic,"['thinks ahead', 'makes a special effort', 'makes customers happy', 'finds creative solutions to customer requests', 'delights and retains customers through unexpected generosity and unusual solutions']",[''],"['thinks ahead', 'makes a special effort', 'makes customers happy', 'finds creative solutions to customer requests', 'delights and retains customers through unexpected generosity and unusual solutions']"
goes the extra-mile,i,22-02-2022,unconscious_bias,agentic,"['thinks ahead', 'makes a special effort', 'makes customers happy', 'finds creative solutions to customer requests', 'delights and retains customers through unexpected generosity and unusual solutions']",[''],"['thinks ahead', 'makes a special effort', 'makes customers happy', 'finds creative solutions to customer requests', 'delights and retains customers through unexpected generosity and unusual solutions']"
goes the extramile,i,22-02-2022,unconscious_bias,agentic,"['thinks ahead', 'makes a special effort', 'makes customers happy', 'finds creative solutions to customer requests', 'delights and retains customers through unexpected generosity and unusual solutions']",[''],"['thinks ahead', 'makes a special effort', 'makes customers happy', 'finds creative solutions to customer requests', 'delights and retains customers through unexpected generosity and unusual solutions']"
going the extra mile,i,22-02-2022,unconscious_bias,agentic,"['thinking ahead', 'making a special effort', 'making customers happy', 'finding creative solutions to customer requests', 'delighting and retaining customers through unexpected generosity and unusual solutions']",[''],"['thinking ahead', 'making a special effort', 'making customers happy', 'finding creative solutions to customer requests', 'delighting and retaining customers through unexpected generosity and unusual solutions']"
going the extra-mile,i,22-02-2022,unconscious_bias,agentic,"['thinking ahead', 'making a special effort', 'making customers happy', 'finding creative solutions to customer requests', 'delighting and retaining customers through unexpected generosity and unusual solutions']",[''],"['thinking ahead', 'making a special effort', 'making customers happy', 'finding creative solutions to customer requests', 'delighting and retaining customers through unexpected generosity and unusual solutions']"
going the extramile,i,22-02-2022,unconscious_bias,agentic,"['thinking ahead', 'making a special effort', 'making customers happy', 'finding creative solutions to customer requests', 'delighting and retaining customers through unexpected generosity and unusual solutions']",[''],"['thinking ahead', 'making a special effort', 'making customers happy', 'finding creative solutions to customer requests', 'delighting and retaining customers through unexpected generosity and unusual solutions']"
gone the extra mile,i,22-02-2022,unconscious_bias,agentic,"['thought ahead', '', 'made a special effort', 'made customers happy', 'found creative solutions to satisfy customer requests', 'delighted and retained customers through unexpected generosity and unusual solutions']",[''],"['thought ahead', '', 'made a special effort', 'made customers happy', 'found creative solutions to satisfy customer requests', 'delighted and retained customers through unexpected generosity and unusual solutions']"
gone the extra-mile,i,22-02-2022,unconscious_bias,agentic,"['thought ahead', '', 'made a special effort', 'made customers happy', 'found creative solutions to satisfy customer requests', 'delighted and retained customers through unexpected generosity and unusual solutions']",[''],"['thought ahead', '', 'made a special effort', 'made customers happy', 'found creative solutions to satisfy customer requests', 'delighted and retained customers through unexpected generosity and unusual solutions']"
gone the extramile,i,22-02-2022,unconscious_bias,agentic,"['thought ahead', '', 'made a special effort', 'made customers happy', 'found creative solutions to satisfy customer requests', 'delighted and retained customers through unexpected generosity and unusual solutions']",[''],"['thought ahead', '', 'made a special effort', 'made customers happy', 'found creative solutions to satisfy customer requests', 'delighted and retained customers through unexpected generosity and unusual solutions']"
grandfather clause,s,,unconscious_bias,racist_source,['legacy clause'],[''],['legacy clause']
grumpy old man,a+a+s,,unconscious_bias,age_old,['older adult'],[''],['older adult']
guys and girls,i,,unconscious_bias,gender_identity,"['all', 'dear guests', 'friends', 'everyone', 'folks', 'people', 'everybody']",[''],"['all', 'dear guests', 'friends', 'everyone', 'folks', 'people', 'everybody']"
have special needs,v+a+s,1,unconscious_bias,ability,"['have a disability', 'have an impairment', 'require specialized assistance', 'require additional services', 'need special help or care', 'need specialized support', 'have additional/specialized (educational, living, mobility, ...) requirements']",[''],"['have a disability', 'have an impairment', 'require specialized assistance', 'require additional services', 'need special help or care', 'need specialized support', 'have additional/specialized (educational, living, mobility, ...) requirements']"
he or she,s,21-01-2022,unconscious_bias,gender_identity,['they'],[''],['they']
head strong,a,1,unconscious_bias,agentic,"['knowing your mind', ""sticking to one's purpose"", 'stick to their course of action', ""have a clear view of one's goals""]",[''],"['knowing your mind', ""sticking to one's purpose"", 'stick to their course of action', ""have a clear view of one's goals""]"
hearing impaired,a,1,unconscious_bias,hearing_speech_impairment,"['Deaf', 'non-speaking', 'signing Deaf', 'hard of hearing', 'ASL using', 'ASL speaking']",[''],"['Deaf', 'non-speaking', 'signing Deaf', 'hard of hearing', 'ASL using', 'ASL speaking']"
her or him,s,21-01-2022,unconscious_bias,gender_identity,['them'],[''],['them']
herself or himself,s,21-01-2022,unconscious_bias,gender_identity,['themself'],[''],['themself']
him or her,s,21-01-2022,unconscious_bias,gender_identity,['them'],[''],['them']
himself or herself,s,21-01-2022,unconscious_bias,gender_identity,['themself'],[''],['themself']
hit it out of the park,i,18-01-2022,unconscious_bias,sports_terms,"['do extraordinarily well', 'earn an exceptional achievement', 'make a strikingly good impression']",[''],"['do extraordinarily well', 'earn an exceptional achievement', 'make a strikingly good impression']"
husband and wife,i,,unconscious_bias,sexual_orientation,"['spouses', 'marital partners', 'married people', 'life partners', 'newlyweds', 'married couple', 'domestic partners']",[''],"['spouses', 'marital partners', 'married people', 'life partners', 'newlyweds', 'married couple', 'domestic partners']"
hyper active,a,1,unconscious_bias,medical_condition,"['person with ADHD', 'person with attention deficit hyperactivity disorder', 'fidgety', 'restless', 'easily bored']",[''],"['person with ADHD', 'person with attention deficit hyperactivity disorder', 'fidgety', 'restless', 'easily bored']"
hyper sensitive,a,1,unconscious_bias,ability,"['a personality trait that involves increased responsiveness to outside influences', 'someone who has sensory processing sensitivity', 'person with hypersensitivity', 'someone likely to feel things more deeply', 'a personality with increased responsiveness to outside influences', 'someone who does not handle', 'people more likely to feel stressed when faced with outside stimuli (noise, crowds, difficult situations)']",[''],"['a personality trait that involves increased responsiveness to outside influences', 'someone who has sensory processing sensitivity', 'person with hypersensitivity', 'someone likely to feel things more deeply', 'a personality with increased responsiveness to outside influences', 'someone who does not handle', 'people more likely to feel stressed when faced with outside stimuli (noise, crowds, difficult situations)']"
illegal alien,a+s,,unconscious_bias,migration,"['person with a migratory background', 'person who has migrated into their present country of residence', 'person who previously had a different nationality from their present country of residence', 'person who has at least one of their parents previously entered their present country of residence as a migrant.']",[''],"['person with a migratory background', 'person who has migrated into their present country of residence', 'person who previously had a different nationality from their present country of residence', 'person who has at least one of their parents previously entered their present country of residence as a migrant.']"
illegal immigrant,a+s,,unconscious_bias,migration,"['person with a migratory background', 'person who has migrated into their present country of residence', 'person who previously had a different nationality from their present country of residence', 'person who has at least one of their parents previously entered their present country of residence as a migrant.']",[''],"['person with a migratory background', 'person who has migrated into their present country of residence', 'person who previously had a different nationality from their present country of residence', 'person who has at least one of their parents previously entered their present country of residence as a migrant.']"
in charge,a,1,unconscious_bias,agentic,"['responsible for', 'take care of', 'responsible', 'in a supervisory role', 'providing guidance']",[''],"['responsible for', 'take care of', 'responsible', 'in a supervisory role', 'providing guidance']"
in the front line,i,,unconscious_bias,military_source,"['at the forefront', 'in the foremost position', 'where the hardest work is done', 'where the most important work is done', 'in the most influential position in a debate']",[''],"['at the forefront', 'in the foremost position', 'where the hardest work is done', 'where the most important work is done', 'in the most influential position in a debate']"
in the front-line,i,,unconscious_bias,military_source,"['at the forefront', 'in the foremost position', 'where the hardest work is done', 'where the most important work is done', 'in the most influential position in a debate']",[''],"['at the forefront', 'in the foremost position', 'where the hardest work is done', 'where the most important work is done', 'in the most influential position in a debate']"
in the frontline,i,,unconscious_bias,military_source,"['at the forefront', 'in the foremost position', 'where the hardest work is done', 'where the most important work is done', 'in the most influential position in a debate']",[''],"['at the forefront', 'in the foremost position', 'where the hardest work is done', 'where the most important work is done', 'in the most influential position in a debate']"
in the trenches,i,,unconscious_bias,military_source,"['in the most difficult parts of the business', 'through hard times together', 'doing hands-on work', 'doing the hard work']",[''],"['in the most difficult parts of the business', 'through hard times together', 'doing hands-on work', 'doing the hard work']"
in your corner,i,18-01-2022,unconscious_bias,sports_terms,"['on your side', 'giving you support and encouragement']",[''],"['on your side', 'giving you support and encouragement']"
killing it,i,,unconscious_bias,military_source,"['taking pride in a job well done', 'doing their job extremely well']",[''],"['taking pride in a job well done', 'doing their job extremely well']"
ladies and gentlemen,i,,unconscious_bias,gender_identity,"['distinguished guests', 'everyone', 'folks', 'people', 'everybody']",[''],"['distinguished guests', 'everyone', 'folks', 'people', 'everybody']"
last name,a+s,26-01-22,unconscious_bias,sexual_identity,"['family name', 'surname', 'married name', 'birth name']",[''],"['family name', 'surname', 'married name', 'birth name']"
loony bin,s,1,unconscious_bias,ability,"['psychiatric hospital (unit, ward)', 'mental health units (ward)', 'behavioral health unit (ward)', 'institution providing care to people with mental impairments (psychiatric disabilities)']",[''],"['psychiatric hospital (unit, ward)', 'mental health units (ward)', 'behavioral health unit (ward)', 'institution providing care to people with mental impairments (psychiatric disabilities)']"
low blow,a+s,18-01-2022,unconscious_bias,sports_terms,"['unfair tactic', 'unkind comment', 'unfair tactics', 'unkind comments']","['unfair tactics', 'unkind comments']","['unfair tactic', 'unkind comment', 'unfair tactics', 'unkind comments']"
maiden name,s,26-01-22,unconscious_bias,sexual_identity,"['pre-marriage family name', 'pre-marriage surname', 'birth name']",[''],"['pre-marriage family name', 'pre-marriage surname', 'birth name']"
male model,a+s,,unconscious_bias,gender_identity,"['model', 'they']",[''],"['model', 'they']"
man and wife,i,,unconscious_bias,sexual_orientation,"['spouses', 'marital partners', 'partners', 'couple', 'domestic partners']",[''],"['spouses', 'marital partners', 'partners', 'couple', 'domestic partners']"
man is the measure of all things,i,,unconscious_bias,belief,['humans are the measure of all things'],[''],['humans are the measure of all things']
man of God,i,,unconscious_bias,belief,"['priest', 'pastor', 'preacher', 'vicar', 'parson', 'cleric', 'reverend', 'deacon', 'evangelist', 'monk', 'devout person', 'holy person', 'saint', 'prophet']",[''],"['priest', 'pastor', 'preacher', 'vicar', 'parson', 'cleric', 'reverend', 'deacon', 'evangelist', 'monk', 'devout person', 'holy person', 'saint', 'prophet']"
man shall not live by bread alone,i,,unconscious_bias,belief,"['no one should live by bread alone', 'humans should not live by bread alone']",[''],"['no one should live by bread alone', 'humans should not live by bread alone']"
maniac for,s,1,unconscious_bias,ability,"['lover of', 'fan of', 'person with an intense (habitual) liking for something']",[''],"['lover of', 'fan of', 'person with an intense (habitual) liking for something']"
master bathroom,s,,unconscious_bias,racist_source,"['main bathroom', 'largest bathroom in the house/apartment', 'primary bathroom', 'bathroom attached to the largest bedroom in the house (apartment)', ""owner's bathroom""]",[''],"['main bathroom', 'largest bathroom in the house/apartment', 'primary bathroom', 'bathroom attached to the largest bedroom in the house (apartment)', ""owner's bathroom""]"
master bedroom,s,,unconscious_bias,racist_source,"['main bedroom', 'largest bedroom in the house/apartment', 'primary bedroom', 'bedroom with attached bathroom', ""owner's suite"", ""owner's bedroom""]",[''],"['main bedroom', 'largest bedroom in the house/apartment', 'primary bedroom', 'bedroom with attached bathroom', ""owner's suite"", ""owner's bedroom""]"
mental case,s,,unconscious_bias,mental_impairment,"['person with mental impairment', 'person with psychiatric disabilities']",[''],"['person with mental impairment', 'person with psychiatric disabilities']"
mentally defective,a,,unconscious_bias,mental_impairment,"['with mental impairment', 'person with mental impairment', 'person with psychiatric disabilities']",[''],"['with mental impairment', 'person with mental impairment', 'person with psychiatric disabilities']"
mentally deficient,a,1,unconscious_bias,mental_impairment,"['person with a learning disability', 'person with learning disabilities']",[''],"['person with a learning disability', 'person with learning disabilities']"
mentally deranged,a,1,unconscious_bias,mental_impairment,"['person with a mental impairment', 'person with a psyciatric impairment', ""someone who doesn't think clearly"", 'person whose behavior is confusing', 'someone who appears irrational']",[''],"['person with a mental impairment', 'person with a psyciatric impairment', ""someone who doesn't think clearly"", 'person whose behavior is confusing', 'someone who appears irrational']"
mentally ill,a,1,unconscious_bias,mental_impairment,"['person with a mental impairment', 'person with a psyciatric impairment', ""someone who doesn't think clearly"", 'person whose behavior is confusing', 'someone who appears irrational']",[''],"['person with a mental impairment', 'person with a psyciatric impairment', ""someone who doesn't think clearly"", 'person whose behavior is confusing', 'someone who appears irrational']"
morbidly obese,a,1,unconscious_bias,medical_condition,"['fat person', 'person of size']",[''],"['fat person', 'person of size']"
mother tongue,s,1,unconscious_bias,migration,"['language', 'first language', 'active language']",[''],"['language', 'first language', 'active language']"
mouth breather,s,1,unconscious_bias,ability,"['person with an underlying medical condition that affects their breathing', 'a person with cerebral palsy', 'someone with Down syndrome', 'person with sleep apnea', 'someone who is uninformed', 'ignorant person', 'narrow minded person', 'someone with a limited outlook']",[''],"['person with an underlying medical condition that affects their breathing', 'a person with cerebral palsy', 'someone with Down syndrome', 'person with sleep apnea', 'someone who is uninformed', 'ignorant person', 'narrow minded person', 'someone with a limited outlook']"
my spirit animal,s,,unconscious_bias,racist_source,"['spiritual guide', 'guardian spirit', 'spiritual protection', 'something I admire', 'someone I admire']",[''],"['spiritual guide', 'guardian spirit', 'spiritual protection', 'something I admire', 'someone I admire']"
native language,s,1,unconscious_bias,migration,"['language', 'first language', 'active language']",[''],"['language', 'first language', 'active language']"
no holds barred,i,18-01-2022,unconscious_bias,sports_terms,"['without limits', 'without controls', 'with no restrictions', 'without rules or restrictions']",[''],"['without limits', 'without controls', 'with no restrictions', 'without rules or restrictions']"
nut house,s,1,unconscious_bias,ability,"['psychiatric hospital (unit, ward)', 'mental health units (ward)', 'behavioral health unit (ward)', 'institution providing care to people with mental impairments (psychiatric disabilities)', 'situation full of confusion', 'place in uproar', 'noisy and confusing scene']",[''],"['psychiatric hospital (unit, ward)', 'mental health units (ward)', 'behavioral health unit (ward)', 'institution providing care to people with mental impairments (psychiatric disabilities)', 'situation full of confusion', 'place in uproar', 'noisy and confusing scene']"
of a certain age,i,,unconscious_bias,age_old,"['with experience', 'adult']",[''],"['with experience', 'adult']"
off the reservation,i,,unconscious_bias,racist_source,"['part of (a political party, team, group, ...) while not supporting its (goal, candidate, approach, ...)']",[''],"['part of (a political party, team, group, ...) while not supporting its (goal, candidate, approach, ...)']"
old coot,a+s,,unconscious_bias,age_old,"['older adult', 'retiree', 'foolish person', 'someone with life-long idiosyncratic habits']",[''],"['older adult', 'retiree', 'foolish person', 'someone with life-long idiosyncratic habits']"
old fogey,a+s,,unconscious_bias,age_old,"['eccentric man', 'older person']",[''],"['eccentric man', 'older person']"
old man,a+s,,unconscious_bias,age_old,"['older person', 'older adult']",[''],"['older person', 'older adult']"
old woman,a+s,,unconscious_bias,age_old,"['older person', 'older adult']",[''],"['older person', 'older adult']"
on the front line,i,,unconscious_bias,military_source,"['at the forefront', 'in the foremost position', 'where the hardest work is done', 'where the most important work is done', 'in the most influential position in a debate']",[''],"['at the forefront', 'in the foremost position', 'where the hardest work is done', 'where the most important work is done', 'in the most influential position in a debate']"
on the front-line,i,,unconscious_bias,military_source,"['at the forefront', 'in the foremost position', 'where the hardest work is done', 'where the most important work is done', 'in the most influential position in a debate']",[''],"['at the forefront', 'in the foremost position', 'where the hardest work is done', 'where the most important work is done', 'in the most influential position in a debate']"
on the frontline,i,,unconscious_bias,military_source,"['at the forefront', 'in the foremost position', 'where the hardest work is done', 'where the most important work is done', 'in the most influential position in a debate']",[''],"['at the forefront', 'in the foremost position', 'where the hardest work is done', 'where the most important work is done', 'in the most influential position in a debate']"
open the kimono,i,,unconscious_bias,racist_source,"['share secrets', 'reveal a plan', 'open the books', 'share internal workings with a potential partner', 'share internal projects with a prospective buyer']",[''],"['share secrets', 'reveal a plan', 'open the books', 'share internal workings with a potential partner', 'share internal projects with a prospective buyer']"
paddy wagon,s,,unconscious_bias,culture,['police car'],[''],['police car']
parent | they,a+s,21-01-2022,unconscious_bias,agentic,"['openness and curiosity', 'joy in exploring new ideas', 'curiosity to try out new things']",[''],"['openness and curiosity', 'joy in exploring new ideas', 'curiosity to try out new things']"
peanut gallery,s,,unconscious_bias,classism,"['hecklers', 'cheap seats', 'second balcony', 'heckling', 'interruption', 'criticism', 'irrelevant commentary', 'unwelcome criticism', 'unwelcome commentary', 'inexpert criticism', 'source of much criticism']","['heckling', 'interruption', 'criticism', 'irrelevant commentary']","['heckling', 'interruption', 'criticism', 'irrelevant commentary', 'hecklers', 'cheap seats', 'second balcony', 'unwelcome criticism', 'unwelcome commentary', 'inexpert criticism', 'source of much criticism']"
perfomance based,a,1,unconscious_bias,agentic,['influenced by the level of engagement'],[''],['influenced by the level of engagement']
pick fights,v+s,,unconscious_bias,military_source,"['differ', 'disagree frequently', 'start debates', 'discuss options', 'present arguments']",[''],"['differ', 'disagree frequently', 'start debates', 'discuss options', 'present arguments']"
pioneering spirit,a+s,21-01-2022,unconscious_bias,agentic,"['openness and curiosity', 'spirit of curiosity']",[''],"['openness and curiosity', 'spirit of curiosity']"
pro active,a,1,unconscious_bias,agentic,"['energetic', 'entrepreneurial', 'comfortable taking the initiative']",[''],"['energetic', 'entrepreneurial', 'comfortable taking the initiative']"
result oriented,a,1,unconscious_bias,agentic,"['hands-on', 'pragmatic', 'committed', 'keen to reach milestones', 'focused on outcomes', 'focused on getting done what needs to get done']",[''],"['hands-on', 'pragmatic', 'committed', 'keen to reach milestones', 'focused on outcomes', 'focused on getting done what needs to get done']"
results oriented,a,1,unconscious_bias,agentic,"['hands-on', 'pragmatic', 'committed', 'keen to reach milestones', 'focused on outcomes', 'focused on getting done what needs to get done']",[''],"['hands-on', 'pragmatic', 'committed', 'keen to reach milestones', 'focused on outcomes', 'focused on getting done what needs to get done']"
risk taker,s,1,unconscious_bias,agentic,"['person who weighs options', 'someone open to new ideas', 'person who likes to try new things', 'someone keen on new insights', 'someone who take various factors into consideration']","['people who weigh options', 'those open to new ideas', 'people who like to try new things', 'people keen on new insights', 'people who take various factors into consideration']","['person who weighs options', 'someone open to new ideas', 'person who likes to try new things', 'someone keen on new insights', 'someone who take various factors into consideration', 'people who weigh options', 'those open to new ideas', 'people who like to try new things', 'people keen on new insights', 'people who take various factors into consideration']"
risk taking,a,,unconscious_bias,agentic,"['weighing options', 'open to new ideas', 'excited to try new things', 'keen on new insights', 'exploring opportunities']",[''],"['weighing options', 'open to new ideas', 'excited to try new things', 'keen on new insights', 'exploring opportunities']"
rob one blind,i,1,unconscious_bias,visual_impairment,"['steal everything someone owns (through deceitful or fraudulent means)', 'be someone who charges too much for something']",[''],"['steal everything someone owns (through deceitful or fraudulent means)', 'be someone who charges too much for something']"
rule of thumb,i,,unconscious_bias,culture,"['rule based on experience', 'broadly accurate guide based on practice', 'an approximate method of doing (judging) something', 'guideline based on experience that tells you how far you can go without getting yourself into trouble']",[''],"['rule based on experience', 'broadly accurate guide based on practice', 'an approximate method of doing (judging) something', 'guideline based on experience that tells you how far you can go without getting yourself into trouble']"
sales force,s,,unconscious_bias,military_source,"['sales people', 'sales department', 'sales team', 'sales division', 'business department']",[''],"['sales people', 'sales department', 'sales team', 'sales division', 'business department']"
sales pitch,s,18-01-2022,unconscious_bias,sports_terms,"['sales presentation', 'sales presentations']",['sales presentations'],"['sales presentation', 'sales presentations']"
sanity test,s,1,unconscious_bias,ability,"['basic function test', 'coherence check', 'confidence check', 'consistency check', 'initial check', 'quick check', 'sense check', 'smoke test', 'temperature check', 'soundness check', 'plausibility check', 'spot check', 'gut check', 'basic test to evaluate whether a claim can possibly be true', 'basic test to assess whether the result of a calculation can be correct']",[''],"['basic function test', 'coherence check', 'confidence check', 'consistency check', 'initial check', 'quick check', 'sense check', 'smoke test', 'temperature check', 'soundness check', 'plausibility check', 'spot check', 'gut check', 'basic test to evaluate whether a claim can possibly be true', 'basic test to assess whether the result of a calculation can be correct']"
scrum master,s,18-01-2022,unconscious_bias,sports_terms,"['they', 'scrum mastering', 'someone who empowers people (teams, organizations)', 'person who help people do their job better ']","['scrum mastering', 'people who empowers people (teams, organizations)', 'people who help people do their job better ']","['scrum mastering', 'they', 'someone who empowers people (teams, organizations)', 'person who help people do their job better ', 'people who empowers people (teams, organizations)', 'people who help people do their job better ']"
self confidence,s,1,unconscious_bias,agentic,"['positive attitude', 'optimism', 'self-trust', ""satisfaction with one's skills"", 'trust in your abilities', 'trust in yourself']",[''],"['positive attitude', 'optimism', 'self-trust', ""satisfaction with one's skills"", 'trust in your abilities', 'trust in yourself']"
self confident,a,1,unconscious_bias,agentic,"['positive', 'optimistic', 'at ease with yourself', 'comfortable with applying your skills', 'trusting your own abilities']",[''],"['positive', 'optimistic', 'at ease with yourself', 'comfortable with applying your skills', 'trusting your own abilities']"
self motivated,a,1,unconscious_bias,agentic,"['enterprising', 'resourceful', 'initiative-taking', 'able to do what needs to be done without influence from other people or situations', 'can and will find the motivation to complete a task']",[''],"['enterprising', 'resourceful', 'initiative-taking', 'able to do what needs to be done without influence from other people or situations', 'can and will find the motivation to complete a task']"
self reliance,s,1,unconscious_bias,agentic,"['self-organization', 'self-management', 'reliance on your own efforts', 'trust in your abilities', 'ability to care for yourself']",[''],"['self-organization', 'self-management', 'reliance on your own efforts', 'trust in your abilities', 'ability to care for yourself']"
self reliant,a,1,unconscious_bias,agentic,"['self-organized', 'self-managed', 'comfortable relying on your own efforts', 'at ease trusting your abilities', 'able to take care of yourself']",[''],"['self-organized', 'self-managed', 'comfortable relying on your own efforts', 'at ease trusting your abilities', 'able to take care of yourself']"
self sufficiency,s,1,unconscious_bias,agentic,"['trust in your own ability', 'capability of providing for your own needs', 'ability to maintain yourself without outside help']",[''],"['trust in your own ability', 'capability of providing for your own needs', 'ability to maintain yourself without outside help']"
self sufficient,a,1,unconscious_bias,agentic,"['self-managed', 'self-organized', 'trusting your own ability', 'capable of providing for your own needs', 'able to maintain (...) without outside help']",[''],"['self-managed', 'self-organized', 'trusting your own ability', 'capable of providing for your own needs', 'able to maintain (...) without outside help']"
sell down the river,i,,unconscious_bias,racist_source,"['betray', 'break a promise, putting someone in a difficult or dangerous situation']",[''],"['betray', 'break a promise, putting someone in a difficult or dangerous situation']"
she or he,s,21-01-2022,unconscious_bias,gender_identity,['they'],[''],['they']
short bus material,s,1,unconscious_bias,ability,"['person with a disability', 'someone with a medical condition', 'dense', 'ignorant', 'lacking understanding', 'impulsive', 'risk-taking', 'uninformed', 'silly']",[''],"['person with a disability', 'someone with a medical condition', 'dense', 'ignorant', 'lacking understanding', 'impulsive', 'risk-taking', 'uninformed', 'silly']"
short-bus material,s,1,unconscious_bias,ability,"['person with a disability', 'someone with a medical condition', 'dense', 'ignorant', 'lacking understanding', 'impulsive', 'risk-taking', 'uninformed', 'silly']",[''],"['person with a disability', 'someone with a medical condition', 'dense', 'ignorant', 'lacking understanding', 'impulsive', 'risk-taking', 'uninformed', 'silly']"
shortbus material,s,1,unconscious_bias,ability,"['person with a disability', 'someone with a medical condition', 'dense', 'ignorant', 'lacking understanding', 'impulsive', 'risk-taking', 'uninformed', 'silly']",[''],"['person with a disability', 'someone with a medical condition', 'dense', 'ignorant', 'lacking understanding', 'impulsive', 'risk-taking', 'uninformed', 'silly']"
shuck and jive,i,,unconscious_bias,racist_source,"['distract', 'playfully deceive', 'mislead', 'give a wrong impression', 'joke and act evasively', 'accommodate an authoritative figure', 'avoid punishment']",[''],"['distract', 'playfully deceive', 'mislead', 'give a wrong impression', 'joke and act evasively', 'accommodate an authoritative figure', 'avoid punishment']"
social climber,a+s,1,unconscious_bias,classism,"['someone who tries to improve their social position', 'a person who makes an effort to gain admission into a group with a higher social standing']",[''],"['someone who tries to improve their social position', 'a person who makes an effort to gain admission into a group with a higher social standing']"
special needs,a,1,unconscious_bias,ability,"['person with (name of condition or disability)', 'person with a disability', 'someone with an impairment', 'someone with disability who needs special help or care', 'requiring specialized assistance', 'requiring additional services', 'needing special help or care', 'offering specialized support', 'providing specialized care', 'meet the (educational, living, mobility, ...) requirements of students (people) with a disability']",[''],"['person with (name of condition or disability)', 'person with a disability', 'someone with an impairment', 'someone with disability who needs special help or care', 'requiring specialized assistance', 'requiring additional services', 'needing special help or care', 'offering specialized support', 'providing specialized care', 'meet the (educational, living, mobility, ...) requirements of students (people) with a disability']"
specially abled,a,1,unconscious_bias,ability,"['person with (name of condition or disability)', 'person with a disability', 'someone with an impairment', 'requiring specialized assistance', 'requiring additional services', 'needing special help or care', 'offering specialized support', 'providing specialized care', 'meet the (educational, living, mobility, ...) requirements of students (people) with a disability']",[''],"['person with (name of condition or disability)', 'person with a disability', 'someone with an impairment', 'requiring specialized assistance', 'requiring additional services', 'needing special help or care', 'offering specialized support', 'providing specialized care', 'meet the (educational, living, mobility, ...) requirements of students (people) with a disability']"
stone deaf,a,1,unconscious_bias,hearing_speech_impairment,"['Deaf', 'non-speaking', 'signing Deaf', 'ASL using', 'ASL speaking']",[''],"['Deaf', 'non-speaking', 'signing Deaf', 'ASL using', 'ASL speaking']"
stricken with,a,1,unconscious_bias,ability,"['has (name of condition or disability)', 'has a disability']",[''],"['has (name of condition or disability)', 'has a disability']"
strong minded,a,,unconscious_bias,agentic,"['purposeful', 'having the mental skills to respond to (overcome) difficult situations', ""true to one's beliefs and views"", 'focused on a goal', 'keen to see something through', 'committed to working toward a milestone']",[''],"['purposeful', 'having the mental skills to respond to (overcome) difficult situations', ""true to one's beliefs and views"", 'focused on a goal', 'keen to see something through', 'committed to working toward a milestone']"
suffer from,v,1,unconscious_bias,ability,"['has (name of condition or disability)', 'has a disability']",[''],"['has (name of condition or disability)', 'has a disability']"
swear blind,i,1,unconscious_bias,visual_impairment,"['swear up and down', 'state emphatically', 'make a solemn pledge (that one is telling the truth)', 'emphasize that (...) is the truth']",[''],"['swear up and down', 'state emphatically', 'make a solemn pledge (that one is telling the truth)', 'emphasize that (...) is the truth']"
take flak,v+s,,unconscious_bias,military_source,"['receive a lot of criticism', 'get a lot of teasing', 'meet with heavy opposition']",[''],"['receive a lot of criticism', 'get a lot of teasing', 'meet with heavy opposition']"
take point,i,21-01-2022,unconscious_bias,military_source,"['guide', 'carry out initiatives', 'clear the way for']",[''],"['guide', 'carry out initiatives', 'clear the way for']"
the ball’s in your court,i,18-01-2022,unconscious_bias,sports_terms,"[""it's time for you to deal with the problem"", ""it's time for you to make a decision"", ""it's your responsibility to take the next step"", ""it's your turn to take action""]",[''],"[""it's time for you to deal with the problem"", ""it's time for you to make a decision"", ""it's your responsibility to take the next step"", ""it's your turn to take action""]"
the whole 9 yards,i,18-01-2022,unconscious_bias,sports_terms,"['everything', 'the entire amount', 'in its entirety', 'all of it', 'everything possible', 'everything you may possibly need (want, do)']",[''],"['everything', 'the entire amount', 'in its entirety', 'all of it', 'everything possible', 'everything you may possibly need (want, do)']"
thrive on competition,i,21-01-2022,unconscious_bias,agentic,"['be invested', 'feel inspired by others working toward the same goals']",[''],"['be invested', 'feel inspired by others working toward the same goals']"
tone deaf,a,1,unconscious_bias,ability,"['unable to perceive differences in musical pitch', 'unable to read the room', 'with little appreciation for music', 'not able to sing tunes accurately']",[''],"['unable to perceive differences in musical pitch', 'unable to read the room', 'with little appreciation for music', 'not able to sing tunes accurately']"
tongue tied,a,1,unconscious_bias,hearing_speech_impairment,"['with a speech impairment', 'having a speech disability', 'having a communication disability', 'inarticulate', 'speechless', 'wordless', 'amazed', 'astounded', 'shocked', 'shy']",[''],"['with a speech impairment', 'having a speech disability', 'having a communication disability', 'inarticulate', 'speechless', 'wordless', 'amazed', 'astounded', 'shocked', 'shy']"
track record,s,1,unconscious_bias,agentic,"['history of achievements', 'reference cases', 'documented results', 'past accomplishments']","['reference cases', 'documented results', 'past accomplishments']","['history of achievements', 'reference cases', 'documented results', 'past accomplishments']"
turn a blind eye,i,1,unconscious_bias,visual_impairment,"['feign ignorance', 'ignore', 'be willfully ignorant of (...)', ""turn one's back on (...)"", 'be overcome by prejudice']",[''],"['feign ignorance', 'ignore', 'be willfully ignorant of (...)', ""turn one's back on (...)"", 'be overcome by prejudice']"
turn a blind eye to,i,21-01-2022,unconscious_bias,visual_impairment,"['feign ignorance', 'ignore', 'be willfully ignorant of', ""turn one's back on"", 'be overcome by prejudice']",[''],"['feign ignorance', 'ignore', 'be willfully ignorant of', ""turn one's back on"", 'be overcome by prejudice']"
turn a deaf ear to,i,,unconscious_bias,hearing_speech_impairment,"['turn their back on', 'feign ignorance']",[''],"['turn their back on', 'feign ignorance']"
under fire,i,,unconscious_bias,military_source,"['under a lot of criticism', 'meeting with heavy opposition']",[''],"['under a lot of criticism', 'meeting with heavy opposition']"
under pressure,a,1,unconscious_bias,agentic,"['when the going gets tough', 'facing expectations', 'with deadlines looming', 'in difficult situations']",[''],"['when the going gets tough', 'facing expectations', 'with deadlines looming', 'in difficult situations']"
up to you,a,1,unconscious_bias,agentic,"['your choice', 'personal', 'depends on you', 'for you to help identify good options', 'for you to chart a course with your team', ""at your and your team's discretion""]",[''],"['your choice', 'personal', 'depends on you', 'for you to help identify good options', 'for you to chart a course with your team', ""at your and your team's discretion""]"
uphill battle,s,,unconscious_bias,military_source,"['difficult struggle', 'a situation that requires a great deal of effort and patience']",[''],"['difficult struggle', 'a situation that requires a great deal of effort and patience']"
went the extra mile,i,1,unconscious_bias,agentic,"['enjoyed contributing', 'thought ahead', 'enjoyed making customers happy', 'found creative solutions to satisfy customer requests', 'enjoyed delighting and retaining customers through unexpected generosity and unusual solutions']",[''],"['enjoyed contributing', 'thought ahead', 'enjoyed making customers happy', 'found creative solutions to satisfy customer requests', 'enjoyed delighting and retaining customers through unexpected generosity and unusual solutions']"
wheelchair bound,a,,unconscious_bias,mobility_impairment,"['uses a wheelchair', 'wheelchair-user', 'in a wheelchair', 'began using a wheelchair', 'needs/requires a wheelchair', 'is a full-time wheelchair-user']",[''],"['uses a wheelchair', 'wheelchair-user', 'in a wheelchair', 'began using a wheelchair', 'needs/requires a wheelchair', 'is a full-time wheelchair-user']"
"work hard, play hard",i,21-01-2022,unconscious_bias,agentic,"['Fun at work makes us happier, more productive, and more creative']",[''],"['Fun at work makes us happier, more productive, and more creative']"
young at heart,i,,unconscious_bias,age_old,"['energetic', 'lively', 'open-minded', 'playful', 'hopeful', 'optimistic', 'enthusiastic', 'interested']",[''],"['energetic', 'lively', 'open-minded', 'playful', 'hopeful', 'optimistic', 'enthusiastic', 'interested']"
young team,a+s,1,unconscious_bias,age_young,"['energetic group', 'enthusiastic team', 'lively group that loves to explore new ideas']",[''],"['energetic group', 'enthusiastic team', 'lively group that loves to explore new ideas']"
yuppie flu,s,1,unconscious_bias,medical_condition,['chronic fatigue syndrome'],[''],['chronic fatigue syndrome']
